household_id,adults,children,state,occupation_group,market_income,weight,employed,age_head,ai_exposure,automation_prone,augmentation_prone
1,2,0,IN,office_admin,64957,1.891775663709268,1,42,0.75,0.55,0.45
2,4,1,LA,installation,89903,1.1936769945314154,1,50,0.25,0.2,0.8
3,1,1,SD,education,500000,1.1699030906893313,1,38,0.45,0.2,0.8
4,3,1,VT,education,66461,1.0754505443619564,1,35,0.45,0.2,0.8
5,1,0,CA,office_admin,9988,1.7228877781890333,0,61,0.75,0.55,0.45
6,2,1,VA,sales,160847,0.7904972732067108,1,23,0.55,0.4,0.6
7,4,0,NH,food_prep,40609,0.9578317489940673,1,36,0.2,0.25,0.75
8,2,1,WA,computer_math,98718,0.9005731188226491,1,65,0.85,0.25,0.75
9,2,0,TN,sales,43951,0.9436436735559255,0,68,0.55,0.4,0.6
10,4,0,MS,community_social,31793,0.6906339701963589,1,56,0.35,0.15,0.85
11,1,0,NH,office_admin,18518,0.6326306299306452,1,45,0.75,0.55,0.45
12,3,0,ID,construction,56710,1.9378883970202878,0,43,0.2,0.25,0.75
13,4,1,WV,transportation,65417,1.465666514239274,1,28,0.3,0.4,0.6
14,4,0,MS,computer_math,37048,1.6278934528818354,0,31,0.85,0.25,0.75
15,3,3,NC,production,34947,1.9281973509350792,1,30,0.35,0.45,0.55
16,1,0,RI,office_admin,37210,1.0001400195760652,0,61,0.75,0.55,0.45
17,2,0,NV,business_financial,141772,1.4326360165141523,1,29,0.78,0.4,0.6
18,3,0,NJ,transportation,31162,0.8994686102960259,1,75,0.3,0.4,0.6
19,3,1,WY,office_admin,416260,0.7001974489539862,0,45,0.75,0.55,0.45
20,1,1,WA,computer_math,49108,0.8426423913333565,1,75,0.85,0.25,0.75
21,2,0,NV,office_admin,57326,1.0624064174480736,1,28,0.75,0.55,0.45
22,2,0,PA,business_financial,311731,0.760916723869741,0,53,0.78,0.4,0.6
23,2,1,PA,transportation,26639,0.5756129759829491,1,32,0.3,0.4,0.6
24,1,0,AL,construction,64138,0.6581777924438938,1,40,0.2,0.25,0.75
25,2,1,IL,production,153226,1.5266511525260285,1,69,0.35,0.45,0.55
26,4,2,NV,sales,200474,1.802618476562202,1,43,0.55,0.4,0.6
27,3,1,WI,production,18267,1.4389418218052015,1,45,0.35,0.45,0.55
28,3,2,HI,installation,50665,1.8782287354115397,1,74,0.25,0.2,0.8
29,1,0,ID,office_admin,44699,0.6249750937568024,0,28,0.75,0.55,0.45
30,1,0,AK,construction,24598,1.1680614650249481,1,39,0.2,0.25,0.75
31,1,2,MN,transportation,35237,1.1754325669026002,0,45,0.3,0.4,0.6
32,2,1,UT,sales,104168,1.1665040749358013,1,56,0.55,0.4,0.6
33,1,1,NC,installation,27126,1.8179133725352585,0,38,0.25,0.2,0.8
34,4,0,NY,building_grounds,18093,0.8229564569192007,0,74,0.18,0.3,0.7
35,2,1,WA,architecture_engineering,299345,1.022484686342068,1,29,0.68,0.3,0.7
36,2,0,DE,management,85597,1.428321386454627,1,67,0.72,0.35,0.65
37,2,0,IL,business_financial,15673,0.7323041593190283,0,29,0.78,0.4,0.6
38,3,0,VA,management,82533,1.7929986581439152,1,28,0.72,0.35,0.65
39,4,0,RI,management,31089,1.8174060208257288,0,33,0.72,0.35,0.65
40,2,0,IL,food_prep,14017,0.9490464042173699,1,71,0.2,0.25,0.75
41,1,2,MD,sales,101140,1.1011325902072713,0,39,0.55,0.4,0.6
42,1,0,WV,food_prep,17273,1.2943677202565596,0,74,0.2,0.25,0.75
43,3,3,AL,sales,50307,0.7322635668097064,1,63,0.55,0.4,0.6
44,4,3,NV,farming,8748,0.8558641517302021,0,75,0.15,0.2,0.8
45,1,1,LA,building_grounds,137612,0.9171193913789466,1,64,0.18,0.3,0.7
46,2,0,ID,office_admin,75176,0.6475278747966513,1,58,0.75,0.55,0.45
47,1,0,FL,production,44625,1.3364992786664516,1,66,0.35,0.45,0.55
48,1,1,GA,healthcare_support,34737,0.88013514818158,0,73,0.3,0.2,0.8
49,4,0,HI,office_admin,34283,1.2158444898668677,0,38,0.75,0.55,0.45
50,4,1,TN,education,158366,0.899228279478848,1,44,0.45,0.2,0.8
51,4,0,MD,protective_service,108139,1.4076079145306721,1,49,0.25,0.15,0.85
52,1,0,WV,construction,53540,1.150046165450476,1,39,0.2,0.25,0.75
53,3,1,ID,healthcare_support,112731,1.8843532712198794,1,69,0.3,0.2,0.8
54,2,2,PA,business_financial,53624,0.9435552567010745,1,73,0.78,0.4,0.6
55,2,3,KS,sales,36124,1.6137823830358684,1,63,0.55,0.4,0.6
56,1,0,VT,installation,104078,1.480253892019391,1,45,0.25,0.2,0.8
57,4,0,KS,office_admin,43840,1.925828465493396,1,31,0.75,0.55,0.45
58,2,0,VA,office_admin,39489,1.0220939028076828,1,38,0.75,0.55,0.45
59,4,1,SD,management,127197,1.855489031644538,1,75,0.72,0.35,0.65
60,1,0,UT,education,136953,1.6562466216273606,0,72,0.45,0.2,0.8
61,3,0,ID,transportation,79070,1.5677454629912972,0,72,0.3,0.4,0.6
62,2,0,WA,education,30082,1.1615855388808995,0,54,0.45,0.2,0.8
63,1,3,MT,business_financial,44639,0.9002976807532832,0,52,0.78,0.4,0.6
64,1,0,HI,management,16798,1.3871311066905037,1,49,0.72,0.35,0.65
65,1,1,MD,production,24749,1.4607420039828867,1,28,0.35,0.45,0.55
66,1,0,NC,office_admin,51021,1.7819927732925862,1,23,0.75,0.55,0.45
67,4,2,KY,healthcare_practitioners,132104,1.857158217462711,1,43,0.4,0.1,0.9
68,3,1,NH,construction,311607,0.6471244387794286,1,51,0.2,0.25,0.75
69,3,1,RI,construction,143405,1.7375877553131431,1,38,0.2,0.25,0.75
70,3,0,WY,management,74830,1.422952038818039,1,31,0.72,0.35,0.65
71,3,1,CO,community_social,155901,0.8649902708129957,1,63,0.35,0.15,0.85
72,4,2,IA,installation,58736,1.6156476666219532,1,48,0.25,0.2,0.8
73,1,1,KS,building_grounds,35748,1.4158388921059668,1,49,0.18,0.3,0.7
74,2,0,CA,construction,20195,0.6108933106297627,0,46,0.2,0.25,0.75
75,3,0,NE,transportation,188700,0.5316335756797343,0,68,0.3,0.4,0.6
76,2,1,KY,construction,139837,1.3834611983038485,1,30,0.2,0.25,0.75
77,3,0,CT,building_grounds,47726,1.815343779628165,0,34,0.18,0.3,0.7
78,2,1,MO,sales,53626,0.56506126455497,1,64,0.55,0.4,0.6
79,3,1,CT,food_prep,28702,1.6395275592803955,0,44,0.2,0.25,0.75
80,2,1,MI,transportation,41994,1.8207522686570883,1,39,0.3,0.4,0.6
81,3,1,WA,transportation,125436,1.539601918659173,1,64,0.3,0.4,0.6
82,2,3,SC,building_grounds,15570,0.8475914507871494,0,54,0.18,0.3,0.7
83,2,1,TX,transportation,5216,1.9579934377688915,0,45,0.3,0.4,0.6
84,2,0,ME,production,9346,1.5007570532616228,0,43,0.35,0.45,0.55
85,3,1,OR,architecture_engineering,28445,0.7471666011260822,1,38,0.68,0.3,0.7
86,2,3,UT,transportation,238892,1.2281624589813873,1,65,0.3,0.4,0.6
87,2,2,NY,education,130635,1.6696911950130016,1,46,0.45,0.2,0.8
88,2,0,MD,business_financial,73621,1.9157031680224463,0,64,0.78,0.4,0.6
89,1,1,WI,office_admin,93671,1.9141593066742644,1,72,0.75,0.55,0.45
90,3,0,OK,sales,19782,1.5539525506319478,0,44,0.55,0.4,0.6
91,3,1,ME,transportation,29726,0.7059443307807669,1,66,0.3,0.4,0.6
92,3,0,IL,management,53619,1.296194551163353,1,32,0.72,0.35,0.65
93,4,1,GA,building_grounds,210275,0.9455499722389504,0,68,0.18,0.3,0.7
94,1,0,ND,computer_math,97689,0.8645483608124778,0,42,0.85,0.25,0.75
95,3,1,VT,healthcare_support,28547,1.2316083906916901,1,70,0.3,0.2,0.8
96,3,1,TX,installation,137356,1.1162293355446309,1,38,0.25,0.2,0.8
97,3,1,WV,business_financial,58538,0.906409265473485,0,61,0.78,0.4,0.6
98,1,1,VA,installation,29627,0.8925750907510519,1,38,0.25,0.2,0.8
99,1,1,KY,office_admin,20966,1.6312187016010284,0,66,0.75,0.55,0.45
100,2,0,ME,food_prep,24807,0.6217458985047415,1,44,0.2,0.25,0.75
101,2,0,ME,sales,120247,1.9387081558816135,1,26,0.55,0.4,0.6
102,1,2,MA,installation,23076,1.011505643487908,0,41,0.25,0.2,0.8
103,3,1,MA,architecture_engineering,184757,1.1395923343952745,1,42,0.68,0.3,0.7
104,2,2,WV,sales,107009,1.3320750814164057,0,70,0.55,0.4,0.6
105,1,0,RI,production,21055,1.0523211666150019,1,69,0.35,0.45,0.55
106,2,0,OH,transportation,16641,1.8682133072288707,0,26,0.3,0.4,0.6
107,1,1,NV,arts_media,19370,1.284522453090176,1,69,0.6,0.35,0.65
108,2,0,MS,computer_math,28011,0.6878430905053392,0,38,0.85,0.25,0.75
109,4,0,AR,education,111450,1.3674668541643769,1,39,0.45,0.2,0.8
110,2,2,CT,healthcare_practitioners,97694,0.9192844467470422,1,65,0.4,0.1,0.9
111,3,0,HI,office_admin,25386,0.545852713054046,0,57,0.75,0.55,0.45
112,1,1,ND,arts_media,64075,0.6122705453308299,1,26,0.6,0.35,0.65
113,3,3,AZ,food_prep,19284,1.917733651236631,0,65,0.2,0.25,0.75
114,3,1,KS,management,38138,1.5906496389070526,1,70,0.72,0.35,0.65
115,1,0,OH,education,33213,0.893049941631034,0,36,0.45,0.2,0.8
116,2,0,IA,food_prep,82452,1.324368612957187,1,40,0.2,0.25,0.75
117,4,1,RI,construction,48615,0.6120839868672192,1,74,0.2,0.25,0.75
118,3,0,RI,production,39400,1.9620981863699853,0,26,0.35,0.45,0.55
119,1,1,OH,building_grounds,36920,1.6834266008809209,0,55,0.18,0.3,0.7
120,2,0,WV,arts_media,19781,0.7483768550446257,0,46,0.6,0.35,0.65
121,1,1,MO,office_admin,15658,0.9108576452126727,0,43,0.75,0.55,0.45
122,1,1,KY,sales,127139,1.1574933180818334,1,52,0.55,0.4,0.6
123,2,1,LA,business_financial,136574,1.5609993304824457,1,50,0.78,0.4,0.6
124,2,2,VA,transportation,50031,1.8014395779464394,0,62,0.3,0.4,0.6
125,2,0,NY,production,28981,1.4752735149813816,0,36,0.35,0.45,0.55
126,1,1,CO,education,500000,0.519011735683307,1,62,0.45,0.2,0.8
127,1,2,IN,production,24818,1.7078966989647597,1,37,0.35,0.45,0.55
128,2,0,MD,healthcare_support,54333,0.8911373069277033,1,22,0.3,0.2,0.8
129,3,0,IL,transportation,82987,1.2505548673216254,1,75,0.3,0.4,0.6
130,2,0,IN,food_prep,39617,0.9862769374158233,0,50,0.2,0.25,0.75
131,4,0,AR,construction,20589,0.8304548355517909,1,42,0.2,0.25,0.75
132,1,0,NE,production,63683,1.1114654190605506,0,43,0.35,0.45,0.55
133,3,1,SC,construction,23161,1.4793014382012188,1,45,0.2,0.25,0.75
134,1,2,AR,education,46530,1.490206146496348,1,73,0.45,0.2,0.8
135,3,1,SC,healthcare_practitioners,34653,1.293804853106849,1,74,0.4,0.1,0.9
136,1,1,NJ,transportation,84423,0.5370764766121283,0,67,0.3,0.4,0.6
137,3,0,RI,sales,113657,1.3605823301477358,0,68,0.55,0.4,0.6
138,2,3,NE,installation,78841,0.5096390377730131,1,28,0.25,0.2,0.8
139,2,2,MN,food_prep,13878,1.9720140637364239,1,74,0.2,0.25,0.75
140,2,3,RI,community_social,56430,1.1017928334185854,1,70,0.35,0.15,0.85
141,1,3,DE,computer_math,77509,1.1641756946919486,1,25,0.85,0.25,0.75
142,2,1,IA,office_admin,20239,0.6025444297119975,0,69,0.75,0.55,0.45
143,3,0,MD,office_admin,65218,0.9413443296216428,1,34,0.75,0.55,0.45
144,2,0,NY,transportation,137825,0.9376150267198682,1,61,0.3,0.4,0.6
145,3,0,WV,transportation,14514,0.534754749503918,1,42,0.3,0.4,0.6
146,2,0,KY,protective_service,133513,1.7672265421133488,1,45,0.25,0.15,0.85
147,2,0,IL,building_grounds,86630,1.0158417836064473,1,34,0.18,0.3,0.7
148,2,0,MO,healthcare_practitioners,85610,0.6661428810330108,1,61,0.4,0.1,0.9
149,1,0,NM,architecture_engineering,134827,1.7228817743016407,1,71,0.68,0.3,0.7
150,2,0,RI,food_prep,60424,0.8262087994953617,1,25,0.2,0.25,0.75
151,4,3,NY,transportation,62081,0.6528573018731549,1,56,0.3,0.4,0.6
152,2,3,MO,transportation,79403,0.5304250337649137,0,58,0.3,0.4,0.6
153,4,0,NH,office_admin,105611,1.7535978549858555,1,66,0.75,0.55,0.45
154,3,3,HI,construction,146126,1.83345156442374,1,32,0.2,0.25,0.75
155,4,0,IA,sales,25965,1.68328029231634,1,53,0.55,0.4,0.6
156,3,0,MS,healthcare_support,68799,0.8477737082866952,1,30,0.3,0.2,0.8
157,3,1,RI,sales,37029,1.9406816236441955,1,63,0.55,0.4,0.6
158,2,1,TX,business_financial,70045,0.6592167768394575,1,46,0.78,0.4,0.6
159,3,2,AZ,education,41569,1.897955418098718,1,23,0.45,0.2,0.8
160,1,2,MO,production,96744,0.7315294245490804,1,75,0.35,0.45,0.55
161,4,0,WI,healthcare_support,8181,1.8326367802219465,1,48,0.3,0.2,0.8
162,2,2,NH,healthcare_practitioners,26021,1.72007702360861,1,22,0.4,0.1,0.9
163,2,3,NH,management,9550,1.7963347502518445,0,45,0.72,0.35,0.65
164,1,1,LA,architecture_engineering,48061,0.9090215198229998,1,59,0.68,0.3,0.7
165,2,1,NY,production,20324,1.279247411293909,1,52,0.35,0.45,0.55
166,2,1,MS,transportation,103169,1.371215558378026,1,29,0.3,0.4,0.6
167,1,0,IL,production,34749,1.7770488540409133,1,25,0.35,0.45,0.55
168,2,1,AZ,education,47892,1.7415430227993056,0,50,0.45,0.2,0.8
169,2,2,NH,office_admin,30366,1.2965893828077242,1,72,0.75,0.55,0.45
170,1,0,NM,building_grounds,67691,1.24159390386194,1,31,0.18,0.3,0.7
171,2,2,ME,transportation,10808,0.5074603020912036,1,36,0.3,0.4,0.6
172,1,2,NV,healthcare_practitioners,81465,1.4491630309494212,1,64,0.4,0.1,0.9
173,3,0,OH,production,51247,0.7470028449315578,1,55,0.35,0.45,0.55
174,2,0,DE,business_financial,143250,0.763731922255829,1,65,0.78,0.4,0.6
175,2,0,OK,installation,83350,1.5978091054130346,1,30,0.25,0.2,0.8
176,2,1,MO,personal_care,29416,1.6771916094003245,1,24,0.22,0.15,0.85
177,2,3,NC,sales,111715,0.7609702339395881,1,74,0.55,0.4,0.6
178,1,1,WV,sales,31170,1.4579016574425623,1,25,0.55,0.4,0.6
179,4,0,HI,arts_media,74328,0.790042269974947,0,72,0.6,0.35,0.65
180,2,0,AL,sales,52865,1.2437001500511542,0,35,0.55,0.4,0.6
181,3,3,MO,management,51587,1.8761908230371773,1,42,0.72,0.35,0.65
182,3,0,UT,business_financial,48399,1.8365032620495185,1,49,0.78,0.4,0.6
183,1,0,AZ,healthcare_practitioners,32053,1.4038364558946341,0,31,0.4,0.1,0.9
184,1,2,AR,office_admin,32995,1.7533896820386872,0,44,0.75,0.55,0.45
185,1,3,FL,healthcare_practitioners,39982,0.6525617360603064,1,27,0.4,0.1,0.9
186,2,0,PA,sales,33011,0.9362129693618044,0,23,0.55,0.4,0.6
187,1,0,SC,construction,31946,0.5214677894255146,0,69,0.2,0.25,0.75
188,2,0,NV,business_financial,19967,1.2159134048270062,1,65,0.78,0.4,0.6
189,2,1,OK,management,20048,1.3570677995448932,1,60,0.72,0.35,0.65
190,1,0,AR,office_admin,48963,1.295527487178333,0,62,0.75,0.55,0.45
191,2,0,NV,sales,139887,1.5966730404179543,1,59,0.55,0.4,0.6
192,2,2,NY,management,76769,0.6328703712206334,1,62,0.72,0.35,0.65
193,2,0,WA,education,52423,1.5464441252406687,1,56,0.45,0.2,0.8
194,3,1,NH,office_admin,9549,1.8438243410782889,1,64,0.75,0.55,0.45
195,1,1,VA,sales,28802,1.6306722786976025,1,46,0.55,0.4,0.6
196,3,0,MD,management,35988,1.869926955550909,1,26,0.72,0.35,0.65
197,3,0,LA,management,107838,0.7563299229368567,1,73,0.72,0.35,0.65
198,2,0,SD,education,16182,1.582599084591493,1,53,0.45,0.2,0.8
199,2,3,ID,office_admin,36983,1.9725441000191495,0,56,0.75,0.55,0.45
200,2,1,AL,food_prep,98617,1.9165584574220702,1,53,0.2,0.25,0.75
201,1,0,WV,transportation,33211,1.187068487983197,0,48,0.3,0.4,0.6
202,3,3,OH,construction,205478,1.2842622575117275,1,64,0.2,0.25,0.75
203,1,1,GA,sales,47429,1.8801297273021191,1,47,0.55,0.4,0.6
204,1,1,WY,food_prep,42201,1.4373527044663206,1,58,0.2,0.25,0.75
205,3,2,OK,sales,46839,0.8641320320311934,1,35,0.55,0.4,0.6
206,1,1,TX,arts_media,58643,0.7365283116232604,1,29,0.6,0.35,0.65
207,1,2,NC,food_prep,11076,1.2147240169579163,1,29,0.2,0.25,0.75
208,1,1,WY,sales,31057,0.5751655824715272,1,73,0.55,0.4,0.6
209,3,1,ND,healthcare_support,74203,0.8260145998792723,0,62,0.3,0.2,0.8
210,2,1,MI,healthcare_support,46392,0.5652357478393242,0,25,0.3,0.2,0.8
211,2,3,MD,healthcare_support,5371,1.6119778637075797,1,71,0.3,0.2,0.8
212,2,2,MT,healthcare_support,27860,0.721238684724085,1,51,0.3,0.2,0.8
213,3,0,MO,computer_math,93137,1.6982361651025712,1,27,0.85,0.25,0.75
214,2,2,NC,education,60867,1.7432294002501294,1,49,0.45,0.2,0.8
215,3,1,RI,community_social,18875,1.3933869072934613,1,37,0.35,0.15,0.85
216,2,0,OR,healthcare_practitioners,32719,0.6025245810160413,1,72,0.4,0.1,0.9
217,3,0,ME,food_prep,30361,1.8556103928713128,0,41,0.2,0.25,0.75
218,1,0,MD,community_social,34796,1.6150899064959958,0,75,0.35,0.15,0.85
219,1,1,AL,sales,29456,1.8628809489309788,1,67,0.55,0.4,0.6
220,2,1,OR,installation,18395,0.5626600253162906,1,52,0.25,0.2,0.8
221,3,0,MA,transportation,78710,0.6697695751208812,0,46,0.3,0.4,0.6
222,4,2,MI,construction,17631,1.400382079416886,1,59,0.2,0.25,0.75
223,4,0,MA,office_admin,45552,1.5142296424601227,1,47,0.75,0.55,0.45
224,4,3,MS,production,25334,1.620950190583244,1,62,0.35,0.45,0.55
225,1,0,CA,installation,34054,1.3042334710480645,1,48,0.25,0.2,0.8
226,3,0,LA,sales,35235,0.5096114773768932,1,50,0.55,0.4,0.6
227,2,1,VT,sales,20622,1.606485850410536,0,42,0.55,0.4,0.6
228,3,3,MO,healthcare_practitioners,41799,1.074959133984521,1,62,0.4,0.1,0.9
229,2,1,IA,healthcare_support,28910,1.22419936908409,1,67,0.3,0.2,0.8
230,2,1,ND,healthcare_practitioners,21492,1.6966274473816156,1,58,0.4,0.1,0.9
231,3,1,CT,education,47825,1.8944453644799069,0,24,0.45,0.2,0.8
232,1,0,FL,education,211771,1.2737780588213354,1,55,0.45,0.2,0.8
233,3,1,MS,office_admin,500000,1.635399718536064,1,61,0.75,0.55,0.45
234,3,0,NV,business_financial,10649,1.3571490390459076,1,31,0.78,0.4,0.6
235,3,0,OH,construction,54056,1.6180475130677223,1,47,0.2,0.25,0.75
236,2,1,ID,office_admin,44501,1.6890638512559235,1,23,0.75,0.55,0.45
237,2,1,FL,management,155539,0.6653502557892352,1,60,0.72,0.35,0.65
238,3,0,UT,office_admin,68796,1.3945346507243812,1,59,0.75,0.55,0.45
239,2,0,WV,healthcare_support,47583,0.7712793950922787,1,48,0.3,0.2,0.8
240,3,1,VT,office_admin,44748,0.7624137349193916,1,23,0.75,0.55,0.45
241,4,1,OH,healthcare_practitioners,60478,1.4134728324133903,0,70,0.4,0.1,0.9
242,4,3,NH,computer_math,443961,1.4851337710861117,1,34,0.85,0.25,0.75
243,4,0,GA,sales,34783,1.795370127656497,1,29,0.55,0.4,0.6
244,1,1,PA,food_prep,76525,1.6032391865737736,1,24,0.2,0.25,0.75
245,1,1,NC,healthcare_practitioners,156080,1.1356147759361193,0,53,0.4,0.1,0.9
246,3,0,LA,transportation,375160,0.5847413536394015,1,42,0.3,0.4,0.6
247,1,0,AL,sales,69606,1.3671553047606722,1,37,0.55,0.4,0.6
248,3,2,GA,business_financial,15362,0.9733254392631352,0,71,0.78,0.4,0.6
249,1,1,NJ,transportation,17290,1.920068887178786,1,63,0.3,0.4,0.6
250,1,0,HI,business_financial,31053,1.1187910571461543,1,75,0.78,0.4,0.6
251,2,1,NM,arts_media,140162,1.4743432089453563,1,46,0.6,0.35,0.65
252,3,2,MS,office_admin,66435,1.3681565311271697,1,33,0.75,0.55,0.45
253,2,0,NJ,management,62537,0.7806368169840425,1,49,0.72,0.35,0.65
254,1,0,MT,food_prep,123361,1.064858193974942,1,22,0.2,0.25,0.75
255,4,2,MT,installation,101871,1.316056770971045,0,29,0.25,0.2,0.8
256,4,0,MN,production,126474,1.2748581676278263,0,32,0.35,0.45,0.55
257,2,1,GA,management,41159,0.8941066453699023,0,70,0.72,0.35,0.65
258,3,0,NH,office_admin,43487,1.4243392567150295,1,73,0.75,0.55,0.45
259,4,1,MN,building_grounds,26527,1.1156364143826067,0,23,0.18,0.3,0.7
260,2,0,TN,architecture_engineering,173575,1.63158157793805,0,52,0.68,0.3,0.7
261,4,1,AL,transportation,32672,0.5675360937602818,1,39,0.3,0.4,0.6
262,3,0,NM,computer_math,47584,1.9681099524023011,0,68,0.85,0.25,0.75
263,2,0,NM,personal_care,48255,0.87407099630218,1,24,0.22,0.15,0.85
264,2,1,AZ,education,226708,1.3955459248973057,1,37,0.45,0.2,0.8
265,2,0,TX,sales,19548,1.6666594857815653,1,33,0.55,0.4,0.6
266,1,1,NM,office_admin,143541,0.9687845477601513,1,36,0.75,0.55,0.45
267,2,0,NE,transportation,331623,1.8450414926046506,1,41,0.3,0.4,0.6
268,2,0,VT,community_social,33506,0.7412480865605175,1,45,0.35,0.15,0.85
269,1,0,WY,farming,78685,0.5019831359386444,1,71,0.15,0.2,0.8
270,4,1,ID,office_admin,86737,0.9063929480034858,1,30,0.75,0.55,0.45
271,1,1,IN,office_admin,17076,1.449371007620357,1,32,0.75,0.55,0.45
272,1,1,MI,food_prep,29445,0.760173182352446,0,48,0.2,0.25,0.75
273,1,0,GA,installation,23204,1.444973381003365,0,64,0.25,0.2,0.8
274,3,2,CA,building_grounds,70062,1.3226904396433383,1,75,0.18,0.3,0.7
275,3,3,AZ,office_admin,19883,0.9644939615391195,0,67,0.75,0.55,0.45
276,3,0,HI,management,67131,1.5327879800461233,1,40,0.72,0.35,0.65
277,1,3,MT,healthcare_practitioners,27075,1.4959320889320225,1,54,0.4,0.1,0.9
278,3,0,CT,business_financial,12969,1.8482032624306157,1,58,0.78,0.4,0.6
279,1,3,NJ,computer_math,55698,1.8533738021505997,1,30,0.85,0.25,0.75
280,1,1,CO,education,18961,1.4519262646790594,1,40,0.45,0.2,0.8
281,3,0,WA,office_admin,49072,0.7325341297546402,1,35,0.75,0.55,0.45
282,3,0,ID,office_admin,119371,1.3204791116295382,1,53,0.75,0.55,0.45
283,2,0,IL,computer_math,27317,1.008654862176627,1,72,0.85,0.25,0.75
284,3,0,VA,office_admin,53037,1.7084958091145381,0,74,0.75,0.55,0.45
285,3,2,UT,office_admin,24255,0.9980885145487264,0,40,0.75,0.55,0.45
286,3,0,GA,personal_care,39979,0.849941888009198,0,53,0.22,0.15,0.85
287,3,0,GA,office_admin,71253,1.6155434959800914,0,50,0.75,0.55,0.45
288,1,1,CA,protective_service,252131,1.107514613890089,1,43,0.25,0.15,0.85
289,2,3,WA,sales,47479,1.1833305513719097,1,37,0.55,0.4,0.6
290,1,2,MN,legal,187684,1.1664346773177385,1,26,0.8,0.45,0.55
291,2,2,TN,education,22105,1.8268753201700747,1,56,0.45,0.2,0.8
292,3,0,MO,management,114366,1.768952323589474,0,43,0.72,0.35,0.65
293,3,2,CO,installation,152056,1.8291208809241652,1,72,0.25,0.2,0.8
294,1,0,IA,community_social,61735,0.868237612536177,1,63,0.35,0.15,0.85
295,2,0,UT,healthcare_practitioners,27751,1.9967995124170557,1,57,0.4,0.1,0.9
296,1,1,IN,computer_math,28041,1.9682692312635481,1,48,0.85,0.25,0.75
297,1,2,SC,healthcare_practitioners,125863,1.237359096761793,0,69,0.4,0.1,0.9
298,3,3,VT,education,40018,0.7393204485997558,1,60,0.45,0.2,0.8
299,2,0,TN,transportation,65668,1.27569419471547,0,50,0.3,0.4,0.6
300,2,0,GA,production,21314,0.7490832937182859,1,52,0.35,0.45,0.55
301,3,0,CT,education,53070,1.824265228700824,1,29,0.45,0.2,0.8
302,2,2,MS,production,39481,1.6658140283543617,0,64,0.35,0.45,0.55
303,2,2,NV,transportation,76993,1.0726615687599406,0,22,0.3,0.4,0.6
304,1,0,MD,building_grounds,78789,1.0822559096850455,1,52,0.18,0.3,0.7
305,2,0,DE,office_admin,34204,1.7270787046290934,1,49,0.75,0.55,0.45
306,3,0,HI,office_admin,23355,1.7020448435796425,1,75,0.75,0.55,0.45
307,1,0,CA,building_grounds,165123,0.731841096188873,1,28,0.18,0.3,0.7
308,2,3,IN,healthcare_practitioners,27863,0.9158653322374448,1,51,0.4,0.1,0.9
309,1,0,NE,food_prep,50638,0.8929167587775737,1,63,0.2,0.25,0.75
310,4,0,AR,installation,208703,1.8514218158088624,1,49,0.25,0.2,0.8
311,2,0,SD,computer_math,48032,1.0007493388839066,0,24,0.85,0.25,0.75
312,1,1,ME,sales,61206,1.0872740618651733,1,43,0.55,0.4,0.6
313,1,3,WI,production,386768,1.643626109114848,1,65,0.35,0.45,0.55
314,4,0,LA,education,60006,0.5202344821300358,0,72,0.45,0.2,0.8
315,2,0,CO,office_admin,153636,1.438421465922147,1,28,0.75,0.55,0.45
316,2,3,IA,construction,53894,1.5544644687324762,1,49,0.2,0.25,0.75
317,1,2,CT,sales,35235,1.9544666053261608,1,30,0.55,0.4,0.6
318,4,0,NY,food_prep,251236,0.5120660524116829,0,32,0.2,0.25,0.75
319,4,1,AK,personal_care,48290,1.7200543418293819,1,65,0.22,0.15,0.85
320,1,0,ID,management,58030,1.9991833571111783,1,56,0.72,0.35,0.65
321,2,3,MD,healthcare_practitioners,29535,0.5347703335573897,1,31,0.4,0.1,0.9
322,1,1,NC,computer_math,37409,1.6017465728800744,1,69,0.85,0.25,0.75
323,3,3,NE,office_admin,87994,1.4929468475747854,1,74,0.75,0.55,0.45
324,2,1,NE,personal_care,54020,1.7803254744503647,1,31,0.22,0.15,0.85
325,3,3,FL,production,86396,1.2709970680298284,1,73,0.35,0.45,0.55
326,2,1,KY,office_admin,48974,1.8778377297567204,1,38,0.75,0.55,0.45
327,3,0,AL,personal_care,52504,1.8587820281973109,1,34,0.22,0.15,0.85
328,3,1,OK,office_admin,50625,1.419978562509641,1,75,0.75,0.55,0.45
329,3,0,IA,office_admin,165382,1.828941734158434,1,38,0.75,0.55,0.45
330,2,0,ND,office_admin,111040,1.7000927531626076,1,45,0.75,0.55,0.45
331,2,1,IN,community_social,64090,1.2534313283395022,1,70,0.35,0.15,0.85
332,4,1,FL,healthcare_practitioners,85199,1.2179256787057966,0,48,0.4,0.1,0.9
333,1,3,TN,management,87409,1.3294155744370073,1,41,0.72,0.35,0.65
334,3,3,SC,office_admin,36437,1.5489677832229063,1,33,0.75,0.55,0.45
335,1,1,HI,office_admin,444765,0.6579880205681548,1,75,0.75,0.55,0.45
336,1,1,VT,office_admin,40189,0.9636905452935025,1,60,0.75,0.55,0.45
337,1,0,AZ,sales,57176,0.5150476490380242,1,43,0.55,0.4,0.6
338,1,1,WV,management,171147,1.1321140988729894,1,55,0.72,0.35,0.65
339,4,2,WY,building_grounds,98980,1.9435838900972158,0,49,0.18,0.3,0.7
340,1,0,PA,management,66327,1.3282809315714985,0,63,0.72,0.35,0.65
341,3,0,ID,food_prep,141188,0.7661447644932196,0,60,0.2,0.25,0.75
342,3,0,DE,production,66227,0.8754387587541714,1,37,0.35,0.45,0.55
343,2,0,MI,sales,54043,0.6250973797868937,0,36,0.55,0.4,0.6
344,1,0,NC,computer_math,78923,0.7445095046423376,1,38,0.85,0.25,0.75
345,4,1,TX,office_admin,27322,1.671270016930066,1,23,0.75,0.55,0.45
346,2,1,MO,transportation,18669,1.8516587924677879,0,57,0.3,0.4,0.6
347,3,2,LA,business_financial,39446,1.0618589716032147,1,39,0.78,0.4,0.6
348,2,1,AL,food_prep,7882,1.2409827971132472,1,65,0.2,0.25,0.75
349,1,0,ME,sales,22812,0.8901207305025309,1,50,0.55,0.4,0.6
350,1,1,MT,computer_math,65308,0.7954790381481871,1,53,0.85,0.25,0.75
351,1,0,VA,office_admin,231631,1.7553274523233995,0,51,0.75,0.55,0.45
352,2,2,WY,installation,153554,1.3825590648921207,1,63,0.25,0.2,0.8
353,2,0,WI,business_financial,123354,1.691308603505604,1,48,0.78,0.4,0.6
354,2,1,SC,food_prep,203631,1.9047027614433318,1,51,0.2,0.25,0.75
355,2,0,FL,office_admin,64217,1.1415251432918012,1,55,0.75,0.55,0.45
356,2,1,OR,installation,23336,0.6848889973480254,1,58,0.25,0.2,0.8
357,1,1,CA,food_prep,5705,0.7131147849140689,1,59,0.2,0.25,0.75
358,2,0,NM,protective_service,31604,1.3160614595981315,1,26,0.25,0.15,0.85
359,2,3,IN,transportation,17235,1.8437759816879407,0,53,0.3,0.4,0.6
360,3,2,AL,protective_service,15503,1.6725301326951012,1,37,0.25,0.15,0.85
361,2,1,KS,business_financial,22867,0.5968975404975936,1,62,0.78,0.4,0.6
362,3,1,AL,healthcare_support,107846,0.6938220242736861,1,75,0.3,0.2,0.8
363,4,3,MI,production,49009,1.3100932592060417,0,43,0.35,0.45,0.55
364,1,2,FL,sales,82663,1.3676430850755423,1,43,0.55,0.4,0.6
365,3,1,CO,building_grounds,110338,1.3237908934243023,1,41,0.18,0.3,0.7
366,2,1,NM,management,29132,0.9894128962187096,1,28,0.72,0.35,0.65
367,1,1,MS,business_financial,26905,1.4379866945091635,0,70,0.78,0.4,0.6
368,3,2,HI,architecture_engineering,55494,0.6192197242053226,1,70,0.68,0.3,0.7
369,2,1,AR,healthcare_support,122413,1.206594544928521,1,69,0.3,0.2,0.8
370,2,0,NE,management,59026,0.9248161413706839,1,43,0.72,0.35,0.65
371,3,0,NC,office_admin,54511,1.2061966262990609,1,22,0.75,0.55,0.45
372,2,2,OK,transportation,16658,1.5582489762455225,1,61,0.3,0.4,0.6
373,2,2,IN,life_physical_social,43184,0.5893351838458329,1,58,0.55,0.25,0.75
374,2,0,OH,production,48626,0.5765903135761619,0,71,0.35,0.45,0.55
375,4,1,VA,office_admin,162257,1.2928059544647112,1,34,0.75,0.55,0.45
376,2,2,WI,building_grounds,237845,0.5842766619753093,1,47,0.18,0.3,0.7
377,2,1,NC,food_prep,149153,1.8776065558195114,1,43,0.2,0.25,0.75
378,1,3,SC,installation,31799,0.6073819012381136,1,41,0.25,0.2,0.8
379,1,1,OR,personal_care,233104,0.8742784732021391,1,36,0.22,0.15,0.85
380,3,0,AZ,business_financial,30021,1.6709090240765363,1,30,0.78,0.4,0.6
381,1,1,OH,construction,100624,1.3808136027073488,1,22,0.2,0.25,0.75
382,2,1,NC,education,22407,1.3352372109657153,1,56,0.45,0.2,0.8
383,3,1,MA,healthcare_practitioners,148329,1.4316008399473503,1,63,0.4,0.1,0.9
384,2,0,KY,community_social,423958,1.4659689179388806,1,74,0.35,0.15,0.85
385,2,2,TX,business_financial,54464,1.1376716059166938,1,59,0.78,0.4,0.6
386,1,2,AZ,sales,13625,0.9347831434570253,1,73,0.55,0.4,0.6
387,2,0,VT,sales,23786,1.1024067414691672,0,52,0.55,0.4,0.6
388,2,0,WV,sales,22487,1.4097809829981998,1,64,0.55,0.4,0.6
389,4,3,FL,production,69973,0.9837826199363917,1,51,0.35,0.45,0.55
390,2,1,WY,community_social,45643,1.2631091037765145,1,30,0.35,0.15,0.85
391,2,0,UT,transportation,49500,1.925490278750658,0,38,0.3,0.4,0.6
392,2,0,MN,office_admin,97471,1.3227734124520794,1,64,0.75,0.55,0.45
393,3,1,MA,production,262657,1.5006737476214767,1,74,0.35,0.45,0.55
394,4,0,NY,building_grounds,197198,1.6847718593198806,0,24,0.18,0.3,0.7
395,1,3,DE,construction,21009,1.6631686141481623,1,49,0.2,0.25,0.75
396,2,0,NY,protective_service,138115,1.3292308114469051,1,75,0.25,0.15,0.85
397,1,1,AZ,installation,37065,1.7562515822937712,1,52,0.25,0.2,0.8
398,3,0,MA,food_prep,17049,1.4072647398570552,1,53,0.2,0.25,0.75
399,1,2,MA,sales,35971,1.8485175733221695,1,32,0.55,0.4,0.6
400,4,1,WA,installation,59398,1.5331993160070851,1,64,0.25,0.2,0.8
401,3,1,IN,business_financial,23335,0.511923193698749,0,63,0.78,0.4,0.6
402,4,0,WI,office_admin,29386,0.8142648763023317,1,59,0.75,0.55,0.45
403,4,1,SC,food_prep,40935,0.8926610939670354,0,39,0.2,0.25,0.75
404,3,0,AZ,computer_math,32019,1.550941698718816,1,32,0.85,0.25,0.75
405,4,1,ME,office_admin,47885,1.5301407102961093,0,38,0.75,0.55,0.45
406,1,0,PA,sales,122385,1.8117365937214345,1,24,0.55,0.4,0.6
407,2,0,ME,food_prep,28524,1.606322017381899,0,69,0.2,0.25,0.75
408,4,0,TX,community_social,51583,1.1781551679596305,1,40,0.35,0.15,0.85
409,4,1,MA,installation,201725,0.8369609040673822,1,61,0.25,0.2,0.8
410,4,1,WV,business_financial,48420,0.6299664723919705,1,70,0.78,0.4,0.6
411,1,1,ME,food_prep,105102,0.9510366420727223,1,27,0.2,0.25,0.75
412,4,1,TN,life_physical_social,78697,1.1489431055961177,1,42,0.55,0.25,0.75
413,2,1,CA,food_prep,19160,1.4255087518831715,1,23,0.2,0.25,0.75
414,1,0,NE,arts_media,31144,0.8085329893510789,1,71,0.6,0.35,0.65
415,1,1,KY,computer_math,57084,0.9012748810928315,1,28,0.85,0.25,0.75
416,2,3,HI,production,70901,1.9884165838593617,1,25,0.35,0.45,0.55
417,2,0,WY,production,27889,1.9560024252859876,1,40,0.35,0.45,0.55
418,2,0,CA,education,80218,0.6841575131984428,0,29,0.45,0.2,0.8
419,3,0,WV,sales,154683,1.852940489538014,1,74,0.55,0.4,0.6
420,4,0,TN,construction,28083,0.7132186094531789,1,38,0.2,0.25,0.75
421,4,0,HI,management,15112,0.561099293990992,1,60,0.72,0.35,0.65
422,1,3,ME,computer_math,46648,1.4190089394105598,0,75,0.85,0.25,0.75
423,3,0,MT,building_grounds,123462,1.3472811005776748,1,47,0.18,0.3,0.7
424,3,3,FL,installation,34581,1.9495297701796517,1,75,0.25,0.2,0.8
425,1,1,CA,food_prep,19370,0.513424369157292,0,42,0.2,0.25,0.75
426,3,3,ND,business_financial,38836,1.5709926737472415,1,50,0.78,0.4,0.6
427,3,1,MO,business_financial,13937,1.4049278830643743,1,71,0.78,0.4,0.6
428,2,0,VT,office_admin,18495,1.2649787267437205,1,70,0.75,0.55,0.45
429,2,0,ND,computer_math,38060,1.9931299246381968,1,62,0.85,0.25,0.75
430,3,0,HI,architecture_engineering,104259,0.923766839900054,1,60,0.68,0.3,0.7
431,2,1,CT,business_financial,24761,1.9334559603594244,0,62,0.78,0.4,0.6
432,1,0,MT,architecture_engineering,29095,1.9528320559766144,1,50,0.68,0.3,0.7
433,3,1,ME,farming,56065,1.4939292890485376,1,23,0.15,0.2,0.8
434,4,0,HI,production,78884,1.672069660620764,1,42,0.35,0.45,0.55
435,3,2,NE,building_grounds,105640,0.8784207049757242,1,54,0.18,0.3,0.7
436,1,1,MO,transportation,64720,0.7276654307497665,1,32,0.3,0.4,0.6
437,3,0,WI,business_financial,152204,1.9199341976782307,1,35,0.78,0.4,0.6
438,3,0,VT,community_social,31932,1.6468544368399307,1,53,0.35,0.15,0.85
439,2,2,OR,food_prep,125203,1.8451110746245831,0,28,0.2,0.25,0.75
440,2,1,NY,business_financial,50005,0.9229727233760059,1,56,0.78,0.4,0.6
441,2,0,CT,office_admin,85528,1.9577966697979718,1,70,0.75,0.55,0.45
442,4,0,NC,education,23349,0.6212848079157993,1,37,0.45,0.2,0.8
443,1,1,MT,sales,42415,1.8438018513843417,0,70,0.55,0.4,0.6
444,2,0,NC,building_grounds,168970,1.0218179188668728,1,41,0.18,0.3,0.7
445,1,0,NC,food_prep,40536,1.03741987363901,1,50,0.2,0.25,0.75
446,4,0,VA,office_admin,137658,1.0430516174528748,1,45,0.75,0.55,0.45
447,4,1,UT,production,17694,0.7865931796841323,1,25,0.35,0.45,0.55
448,2,0,NC,business_financial,75680,1.9778219867730513,1,37,0.78,0.4,0.6
449,2,2,NY,office_admin,26881,1.003726361086592,1,27,0.75,0.55,0.45
450,1,2,WA,community_social,116724,0.7934538767440245,1,52,0.35,0.15,0.85
451,1,0,MA,production,34389,1.8701226949924603,1,60,0.35,0.45,0.55
452,2,0,AK,management,155584,1.5198246389627457,1,42,0.72,0.35,0.65
453,2,1,HI,office_admin,65839,0.8570101475343108,1,54,0.75,0.55,0.45
454,2,1,ME,healthcare_practitioners,98940,1.7131955003133044,0,75,0.4,0.1,0.9
455,1,2,DE,community_social,74958,0.5044590987963602,0,75,0.35,0.15,0.85
456,1,1,ID,healthcare_practitioners,17225,1.0687618331285194,0,23,0.4,0.1,0.9
457,1,1,NE,office_admin,38277,1.5106170631479472,0,55,0.75,0.55,0.45
458,3,3,VT,sales,92889,1.631406891043298,0,75,0.55,0.4,0.6
459,1,0,WY,office_admin,81966,1.6621436076238751,1,28,0.75,0.55,0.45
460,2,1,OH,sales,51311,1.8266099445754662,1,57,0.55,0.4,0.6
461,3,0,FL,business_financial,70993,1.93516518548131,1,48,0.78,0.4,0.6
462,3,0,WV,construction,80937,1.027045670314692,1,59,0.2,0.25,0.75
463,2,0,MN,installation,7275,0.6158966380171478,0,38,0.25,0.2,0.8
464,4,0,WV,computer_math,101874,0.6802973586600274,1,24,0.85,0.25,0.75
465,2,1,GA,business_financial,112506,0.9351144346874207,0,27,0.78,0.4,0.6
466,2,2,NY,business_financial,180090,1.3897727451985702,1,50,0.78,0.4,0.6
467,2,1,NV,healthcare_support,48763,1.1084505424369127,1,72,0.3,0.2,0.8
468,2,0,RI,transportation,61513,1.7107246972154826,1,53,0.3,0.4,0.6
469,3,1,IN,education,61110,0.8858760760631412,1,57,0.45,0.2,0.8
470,2,1,VT,legal,32201,0.5086267211008817,0,35,0.8,0.45,0.55
471,3,0,NE,business_financial,114868,1.5844530819449574,1,50,0.78,0.4,0.6
472,3,2,DE,management,164060,0.7298656813800335,0,55,0.72,0.35,0.65
473,2,3,NV,food_prep,16230,0.5043517119484022,1,37,0.2,0.25,0.75
474,4,2,TN,healthcare_practitioners,60473,1.8764139835257083,0,47,0.4,0.1,0.9
475,2,0,ME,food_prep,65462,1.5067514044931158,1,67,0.2,0.25,0.75
476,2,2,ID,arts_media,80832,1.4599447135115042,0,58,0.6,0.35,0.65
477,3,0,LA,arts_media,192662,1.4031597097637132,0,51,0.6,0.35,0.65
478,3,2,MO,healthcare_support,162154,1.4522857774281874,1,50,0.3,0.2,0.8
479,3,0,SC,office_admin,30810,1.0322878375882283,1,37,0.75,0.55,0.45
480,4,0,NJ,education,44795,1.3639546656049788,1,26,0.45,0.2,0.8
481,1,0,WV,office_admin,10534,1.7883584994124249,1,64,0.75,0.55,0.45
482,4,0,PA,management,29049,1.1173656418686733,0,32,0.72,0.35,0.65
483,1,1,VA,transportation,19861,1.5310253230854869,0,37,0.3,0.4,0.6
484,3,0,NJ,architecture_engineering,28894,0.7952931404579431,0,67,0.68,0.3,0.7
485,1,0,OH,transportation,26601,1.1727019656682387,0,57,0.3,0.4,0.6
486,3,0,FL,healthcare_practitioners,204297,1.4960432678926736,1,67,0.4,0.1,0.9
487,3,2,CT,office_admin,47789,1.4042653313372284,1,74,0.75,0.55,0.45
488,4,2,WA,office_admin,292353,0.6442908354802057,1,48,0.75,0.55,0.45
489,3,0,ME,production,111403,1.590032095555216,1,54,0.35,0.45,0.55
490,1,1,SD,sales,76639,0.7987371659837663,1,68,0.55,0.4,0.6
491,2,1,ND,office_admin,190540,0.9936676389770582,0,66,0.75,0.55,0.45
492,1,0,MN,healthcare_support,301424,1.0266946163028479,1,22,0.3,0.2,0.8
493,1,2,MN,education,227766,1.8634412037208676,1,70,0.45,0.2,0.8
494,1,2,GA,healthcare_support,99606,1.6421381012769416,1,52,0.3,0.2,0.8
495,1,1,MA,business_financial,22411,1.6545721464790404,0,30,0.78,0.4,0.6
496,1,0,MA,healthcare_practitioners,118060,1.2103340775938705,1,55,0.4,0.1,0.9
497,1,1,NY,architecture_engineering,27376,1.5390942170051858,1,34,0.68,0.3,0.7
498,4,2,OR,computer_math,75559,1.3671224588761106,0,33,0.85,0.25,0.75
499,1,0,WI,farming,32260,1.4977869520662352,1,69,0.15,0.2,0.8
500,1,0,NY,transportation,59788,1.8653830958064646,1,36,0.3,0.4,0.6
501,4,3,WV,protective_service,16881,0.6382022943580523,1,39,0.25,0.15,0.85
502,3,0,MT,sales,22421,1.1968268281780183,0,28,0.55,0.4,0.6
503,1,1,NJ,healthcare_practitioners,64835,0.5472025539493188,1,31,0.4,0.1,0.9
504,1,1,NJ,education,15004,1.6759938232135028,0,30,0.45,0.2,0.8
505,1,1,SD,management,128778,1.1418748230207711,1,70,0.72,0.35,0.65
506,2,0,TX,management,57908,1.07524745084811,1,29,0.72,0.35,0.65
507,2,1,GA,production,38477,1.9842373142018914,1,65,0.35,0.45,0.55
508,3,3,WY,legal,31196,1.7272214948898181,0,44,0.8,0.45,0.55
509,4,3,GA,computer_math,233867,1.4850563638610765,1,33,0.85,0.25,0.75
510,2,0,IA,computer_math,76300,1.6142700086347759,1,26,0.85,0.25,0.75
511,1,1,NJ,healthcare_practitioners,12369,0.7766413771314546,1,29,0.4,0.1,0.9
512,2,0,FL,office_admin,31516,1.4913020234089345,0,59,0.75,0.55,0.45
513,1,1,NY,building_grounds,5681,0.6711383531801403,1,60,0.18,0.3,0.7
514,3,1,CO,business_financial,17929,1.8376875572139397,0,38,0.78,0.4,0.6
515,2,0,AL,management,38127,0.9809974497184157,0,58,0.72,0.35,0.65
516,1,2,MO,healthcare_practitioners,130816,0.9480328361969441,1,70,0.4,0.1,0.9
517,4,0,TX,sales,139516,1.8797581128310412,1,54,0.55,0.4,0.6
518,1,1,SD,architecture_engineering,8672,1.0005187523784116,0,70,0.68,0.3,0.7
519,2,1,AR,transportation,23136,1.500357888522558,1,26,0.3,0.4,0.6
520,1,1,NE,healthcare_practitioners,183543,1.2012601274764165,0,48,0.4,0.1,0.9
521,1,0,SD,production,49484,1.2726658672327176,1,32,0.35,0.45,0.55
522,2,1,ND,management,53801,0.5784835878293961,0,29,0.72,0.35,0.65
523,1,1,MS,office_admin,57447,0.7804956301115453,1,60,0.75,0.55,0.45
524,2,0,SD,community_social,84195,0.9661732782842591,0,38,0.35,0.15,0.85
525,2,2,ID,management,26000,0.8390692691318691,0,51,0.72,0.35,0.65
526,3,0,NJ,construction,95801,1.0544906416907907,1,33,0.2,0.25,0.75
527,1,1,NV,production,10588,1.6702927987789735,1,25,0.35,0.45,0.55
528,4,0,ID,sales,60212,1.6312774919206277,1,73,0.55,0.4,0.6
529,2,0,TN,healthcare_practitioners,21687,0.87436017266009,0,26,0.4,0.1,0.9
530,1,1,IA,food_prep,52856,0.912833749782294,1,70,0.2,0.25,0.75
531,3,0,IN,business_financial,85409,1.0400641639716923,1,40,0.78,0.4,0.6
532,2,2,IA,food_prep,168951,1.086385237169452,0,54,0.2,0.25,0.75
533,1,2,MO,management,189896,1.1297013373114169,0,29,0.72,0.35,0.65
534,2,1,WI,education,22619,1.7739919306477532,0,25,0.45,0.2,0.8
535,3,0,CA,farming,241461,1.2879783973330632,0,38,0.15,0.2,0.8
536,1,1,DE,food_prep,51654,0.858971058158204,1,70,0.2,0.25,0.75
537,2,0,OK,transportation,61976,0.7786022734362632,1,60,0.3,0.4,0.6
538,2,1,CO,healthcare_practitioners,45277,1.526586922351271,1,45,0.4,0.1,0.9
539,3,1,TN,business_financial,35317,1.7237437597941607,0,47,0.78,0.4,0.6
540,2,0,AR,food_prep,11990,0.9913685723440722,1,40,0.2,0.25,0.75
541,2,1,FL,computer_math,153408,1.08332108927425,1,40,0.85,0.25,0.75
542,3,1,AL,education,172659,1.1688711638562381,1,30,0.45,0.2,0.8
543,2,0,MN,office_admin,65433,0.76098392298445106,1,41,0.75,0.55,0.45
544,3,1,WY,transportation,48618,1.3516533970832825,1,52,0.3,0.4,0.6
545,4,1,ID,management,91256,0.921962171443738,1,52,0.72,0.35,0.65
546,3,0,AK,production,241238,1.0658596354769543,1,72,0.35,0.45,0.55
547,3,0,IA,transportation,32322,1.114173905341886,0,42,0.3,0.4,0.6
548,3,3,AR,transportation,39019,1.4306110381148756,0,66,0.3,0.4,0.6
549,3,1,ID,business_financial,14588,1.6790969808353111,1,43,0.78,0.4,0.6
550,2,1,LA,food_prep,9748,0.686793479253538,0,55,0.2,0.25,0.75
551,3,0,AR,sales,64092,0.8081963588483632,0,71,0.55,0.4,0.6
552,2,0,NJ,healthcare_practitioners,23455,1.889864427386783,0,75,0.4,0.1,0.9
553,3,0,NH,office_admin,15620,0.8430731390835717,1,75,0.75,0.55,0.45
554,2,1,NY,transportation,46197,1.1580304140225053,1,37,0.3,0.4,0.6
555,3,0,NC,healthcare_practitioners,42198,1.2106722035678104,1,75,0.4,0.1,0.9
556,2,1,IN,construction,90610,0.5316324944142252,1,63,0.2,0.25,0.75
557,2,2,WV,education,81006,1.3968899578321725,1,54,0.45,0.2,0.8
558,1,1,VA,management,262100,0.9064689194783568,1,66,0.72,0.35,0.65
559,2,1,SD,food_prep,97923,1.8983219451038167,0,27,0.2,0.25,0.75
560,2,0,VT,education,133077,1.7700021541677415,1,54,0.45,0.2,0.8
561,3,2,OK,education,204057,1.2893571285530925,1,64,0.45,0.2,0.8
562,3,1,AL,personal_care,86106,0.989354828139767,1,70,0.22,0.15,0.85
563,1,1,IA,business_financial,48554,1.9800718816695735,1,40,0.78,0.4,0.6
564,2,0,WV,sales,16898,0.5004417818272486,1,57,0.55,0.4,0.6
565,3,2,GA,installation,92395,0.8757633287459612,1,66,0.25,0.2,0.8
566,3,0,MN,computer_math,11406,1.043616270297207,1,53,0.85,0.25,0.75
567,3,0,MT,food_prep,178670,0.643426064751111,0,46,0.2,0.25,0.75
568,2,3,IN,education,60903,0.5534992407774553,1,39,0.45,0.2,0.8
569,2,1,MI,food_prep,65873,1.1913803558563814,0,48,0.2,0.25,0.75
570,1,2,PA,community_social,62177,0.6227613824885339,0,28,0.35,0.15,0.85
571,2,2,GA,sales,57736,1.902787335566245,1,54,0.55,0.4,0.6
572,3,0,HI,management,99382,1.3846471171127632,1,63,0.72,0.35,0.65
573,1,0,TN,office_admin,34336,1.5540169599698856,1,22,0.75,0.55,0.45
574,4,3,VT,transportation,69719,1.6159519482171163,1,41,0.3,0.4,0.6
575,2,0,ND,building_grounds,92010,1.2376121303532273,1,61,0.18,0.3,0.7
576,2,1,UT,installation,68947,0.6557010678807274,0,66,0.25,0.2,0.8
577,4,0,IL,protective_service,68755,1.756232512067072,1,37,0.25,0.15,0.85
578,2,1,PA,personal_care,141212,1.5702138849301264,1,45,0.22,0.15,0.85
579,2,1,ID,sales,65038,0.897833742084913,1,64,0.55,0.4,0.6
580,1,2,CA,food_prep,79966,1.7592478077858686,1,56,0.2,0.25,0.75
581,1,1,OH,production,275589,0.8505903469631448,1,37,0.35,0.45,0.55
582,3,1,MO,management,26589,1.24405274388846,0,38,0.72,0.35,0.65
583,2,0,SD,construction,102262,1.3490052461856976,1,55,0.2,0.25,0.75
584,2,0,NJ,production,67936,1.4597777243470773,1,27,0.35,0.45,0.55
585,4,0,UT,personal_care,55425,1.1962448747362942,1,62,0.22,0.15,0.85
586,4,1,CA,transportation,119384,1.3584671827265993,1,42,0.3,0.4,0.6
587,1,1,ND,architecture_engineering,32184,0.9861087559256703,1,27,0.68,0.3,0.7
588,4,0,NC,healthcare_practitioners,34033,1.9411842109402642,1,38,0.4,0.1,0.9
589,3,1,VT,building_grounds,55052,0.5431468262104318,1,23,0.18,0.3,0.7
590,3,0,RI,management,201460,0.6407737131230533,1,26,0.72,0.35,0.65
591,1,0,FL,computer_math,80888,1.6744148511206731,1,32,0.85,0.25,0.75
592,2,0,NE,healthcare_practitioners,53704,0.8624090675730258,1,62,0.4,0.1,0.9
593,2,0,DE,food_prep,58520,1.7437838830519468,1,59,0.2,0.25,0.75
594,3,0,HI,business_financial,77338,0.6735213991487399,1,74,0.78,0.4,0.6
595,4,1,DE,transportation,64766,1.835255170124583,1,61,0.3,0.4,0.6
596,2,0,OR,production,46648,1.6131659331731498,1,29,0.35,0.45,0.55
597,2,2,ME,community_social,104082,1.0086495162686333,1,47,0.35,0.15,0.85
598,2,1,UT,business_financial,84294,1.4982612431049347,1,74,0.78,0.4,0.6
599,4,0,MA,production,24151,1.7571669730823487,1,49,0.35,0.45,0.55
600,1,0,UT,installation,59664,1.9910670998506248,1,35,0.25,0.2,0.8
601,4,2,NY,production,15477,1.300228467793204,1,48,0.35,0.45,0.55
602,2,3,OK,production,88895,0.8577084162971005,1,22,0.35,0.45,0.55
603,1,1,NE,installation,35925,1.5900545545155182,1,37,0.25,0.2,0.8
604,4,2,DE,sales,116002,0.916134808328934,1,50,0.55,0.4,0.6
605,2,1,AR,healthcare_practitioners,26745,0.7137313671410084,1,54,0.4,0.1,0.9
606,2,1,MS,sales,14337,0.6435660051647574,0,51,0.55,0.4,0.6
607,2,0,MO,arts_media,15785,0.7644114239374176,1,65,0.6,0.35,0.65
608,3,1,AR,computer_math,92600,1.8160532913170755,0,44,0.85,0.25,0.75
609,1,0,WA,office_admin,51506,0.514231102890335,0,60,0.75,0.55,0.45
610,1,3,MO,computer_math,359898,1.626713611651212,1,35,0.85,0.25,0.75
611,2,3,NH,office_admin,85546,0.9607595645356923,1,55,0.75,0.55,0.45
612,1,0,SD,transportation,40293,0.797598157543689,0,36,0.3,0.4,0.6
613,2,0,WA,office_admin,18446,0.7760166906518862,0,37,0.75,0.55,0.45
614,2,1,MI,production,45855,0.7507874055299908,0,50,0.35,0.45,0.55
615,2,1,ID,computer_math,170227,0.697047789231874,1,65,0.85,0.25,0.75
616,3,2,IN,business_financial,15346,1.7693774062208831,1,42,0.78,0.4,0.6
617,2,0,MI,personal_care,29147,0.7214288467075676,1,31,0.22,0.15,0.85
618,1,0,MT,personal_care,59657,1.6014832725049928,1,66,0.22,0.15,0.85
619,3,0,ND,food_prep,47278,0.8832830340834334,1,30,0.2,0.25,0.75
620,3,0,AL,office_admin,19700,1.7949872255558148,1,61,0.75,0.55,0.45
621,3,2,OR,farming,106469,1.5361510157817975,1,60,0.15,0.2,0.8
622,2,1,AZ,computer_math,34744,0.7071408132323995,1,49,0.85,0.25,0.75
623,1,0,FL,management,159259,1.925306587596424,1,42,0.72,0.35,0.65
624,1,1,ID,food_prep,77686,1.7233809393364936,0,63,0.2,0.25,0.75
625,1,2,MS,transportation,45607,0.587417522794567,1,30,0.3,0.4,0.6
626,2,1,HI,education,500000,1.9884100075578317,1,63,0.45,0.2,0.8
627,1,1,AL,computer_math,186521,1.4962011585012078,1,29,0.85,0.25,0.75
628,4,0,ND,arts_media,28842,1.5982786267995834,0,40,0.6,0.35,0.65
629,3,0,MN,legal,69751,1.6686520918738097,1,29,0.8,0.45,0.55
630,4,1,SC,healthcare_practitioners,61952,1.8583216270199046,1,51,0.4,0.1,0.9
631,1,1,WA,sales,261044,1.6539142791880295,1,25,0.55,0.4,0.6
632,1,1,AR,business_financial,28191,1.0506026854272932,1,66,0.78,0.4,0.6
633,4,3,IN,management,27210,1.3014496901305392,0,69,0.72,0.35,0.65
634,3,0,ID,management,14091,1.6369424539152533,1,53,0.72,0.35,0.65
635,3,2,MO,food_prep,79085,0.8649745777947828,0,64,0.2,0.25,0.75
636,4,2,SD,construction,75565,1.3120424390072003,0,68,0.2,0.25,0.75
637,4,3,CA,transportation,37684,1.8031088636489585,1,33,0.3,0.4,0.6
638,1,0,MS,architecture_engineering,5000,1.4143512879963964,1,70,0.68,0.3,0.7
639,2,3,TX,computer_math,47642,0.9667664400767535,0,46,0.85,0.25,0.75
640,3,3,ME,education,26517,0.983459162642248,1,74,0.45,0.2,0.8
641,1,2,SD,community_social,113095,1.3498411698965356,1,69,0.35,0.15,0.85
642,4,0,HI,business_financial,17695,1.5960575827630237,1,38,0.78,0.4,0.6
643,3,1,NH,healthcare_support,42874,0.5058839881094173,1,58,0.3,0.2,0.8
644,1,0,VA,education,114395,1.5360482756514102,0,44,0.45,0.2,0.8
645,3,0,KY,construction,23670,1.839519306202419,1,32,0.2,0.25,0.75
646,2,1,SC,computer_math,37084,0.7974244625074789,0,63,0.85,0.25,0.75
647,3,1,NH,management,6481,0.6784826368093491,1,50,0.72,0.35,0.65
648,1,0,NM,transportation,58223,0.9257746601942927,1,35,0.3,0.4,0.6
649,3,0,AK,sales,103093,1.8761546488385648,1,52,0.55,0.4,0.6
650,1,1,ID,business_financial,65455,1.5948751881951466,1,37,0.78,0.4,0.6
651,1,1,SC,computer_math,33051,1.5678124661790207,1,75,0.85,0.25,0.75
652,1,0,IN,transportation,52378,1.0273493012646213,0,61,0.3,0.4,0.6
653,3,0,VT,sales,108988,1.2082999877166003,1,31,0.55,0.4,0.6
654,1,2,KS,food_prep,75798,0.5375293648103252,1,45,0.2,0.25,0.75
655,2,1,MI,sales,81325,0.6816409222083166,1,36,0.55,0.4,0.6
656,1,0,IL,office_admin,116600,0.7045960953691974,1,45,0.75,0.55,0.45
657,2,0,MO,community_social,13258,1.6153139030793682,1,54,0.35,0.15,0.85
658,3,1,AR,computer_math,213489,1.883511272375472,1,28,0.85,0.25,0.75
659,2,0,MS,production,19684,1.495771105051972,1,27,0.35,0.45,0.55
660,1,0,NC,healthcare_practitioners,31449,0.8672639116412029,1,35,0.4,0.1,0.9
661,1,2,CO,healthcare_practitioners,56418,1.1913697723066434,1,47,0.4,0.1,0.9
662,4,1,SD,protective_service,37272,1.792464621597901,1,75,0.25,0.15,0.85
663,1,1,NJ,production,92015,1.2019501379691064,1,69,0.35,0.45,0.55
664,3,0,MS,management,60191,1.5171581271570176,1,26,0.72,0.35,0.65
665,2,3,OK,production,95988,1.6448742939392105,1,50,0.35,0.45,0.55
666,1,1,PA,production,32908,1.4509973877575248,0,73,0.35,0.45,0.55
667,2,0,MN,sales,91036,1.3413949289824814,1,23,0.55,0.4,0.6
668,1,3,WV,office_admin,69621,0.8437093485845253,1,42,0.75,0.55,0.45
669,1,0,AZ,education,121996,1.2222041254863143,1,47,0.45,0.2,0.8
670,1,2,NJ,transportation,36291,1.2837692077737302,0,34,0.3,0.4,0.6
671,3,3,TX,production,27690,0.9585181755246595,1,32,0.35,0.45,0.55
672,1,0,GA,computer_math,15246,1.4708115645917132,1,65,0.85,0.25,0.75
673,4,0,KS,management,61304,0.9519371305359527,1,69,0.72,0.35,0.65
674,1,0,MN,building_grounds,102915,0.8628371425438672,1,60,0.18,0.3,0.7
675,4,0,NE,life_physical_social,61187,1.4276229203678668,1,58,0.55,0.25,0.75
676,1,1,HI,computer_math,199659,1.1401955268811435,1,38,0.85,0.25,0.75
677,3,1,MS,business_financial,48713,1.5507502525579184,1,74,0.78,0.4,0.6
678,1,0,LA,architecture_engineering,23140,1.3107622531242669,1,28,0.68,0.3,0.7
679,1,0,WA,management,145309,1.2323450758121908,1,30,0.72,0.35,0.65
680,1,0,ND,construction,56571,0.8207064010202885,1,57,0.2,0.25,0.75
681,3,3,RI,food_prep,19361,1.691748378565535,1,75,0.2,0.25,0.75
682,2,1,OK,installation,55776,1.4439647659892216,0,49,0.25,0.2,0.8
683,1,1,MO,sales,20284,1.710444955388084,1,26,0.55,0.4,0.6
684,3,3,IL,legal,40891,1.1100944554200396,1,72,0.8,0.45,0.55
685,1,1,MA,education,171993,0.8007140916306525,0,42,0.45,0.2,0.8
686,4,0,MD,life_physical_social,26319,1.6650485520949587,1,24,0.55,0.25,0.75
687,3,1,IA,healthcare_practitioners,205413,0.5624162226449698,1,70,0.4,0.1,0.9
688,2,2,NJ,production,20877,1.7532583763822913,0,29,0.35,0.45,0.55
689,2,0,MI,building_grounds,31277,1.307008671341464,0,54,0.18,0.3,0.7
690,3,0,IL,food_prep,154101,0.9706217296188697,1,25,0.2,0.25,0.75
691,2,0,OR,installation,59671,0.7188854329288006,1,51,0.25,0.2,0.8
692,1,1,KS,building_grounds,94340,1.0919535802677274,0,46,0.18,0.3,0.7
693,3,1,AL,office_admin,129243,0.6988111108075827,1,62,0.75,0.55,0.45
694,2,0,MO,education,28755,0.9507385728647932,0,68,0.45,0.2,0.8
695,1,3,TN,healthcare_support,17429,0.7316780370892957,0,29,0.3,0.2,0.8
696,3,0,NC,management,215319,1.476834329077974,0,54,0.72,0.35,0.65
697,3,1,ID,farming,14311,0.7321022539399564,1,68,0.15,0.2,0.8
698,1,0,TN,sales,69197,1.7002031463198364,1,29,0.55,0.4,0.6
699,1,1,NH,installation,95492,1.6158416622783989,1,44,0.25,0.2,0.8
700,2,0,OR,healthcare_practitioners,147383,1.5785503030056134,1,46,0.4,0.1,0.9
701,1,0,LA,legal,16642,1.191466591320932,1,32,0.8,0.45,0.55
702,2,0,CT,building_grounds,164036,1.5586257427930832,0,41,0.18,0.3,0.7
703,1,0,OH,food_prep,9847,1.5815817314432934,1,57,0.2,0.25,0.75
704,2,2,RI,computer_math,28253,1.1052570673637092,1,74,0.85,0.25,0.75
705,1,0,SC,healthcare_practitioners,32390,0.6641437335638329,1,32,0.4,0.1,0.9
706,4,1,SD,healthcare_practitioners,36715,1.085669053136371,1,37,0.4,0.1,0.9
707,3,0,MO,healthcare_practitioners,36977,0.8840433072764426,1,48,0.4,0.1,0.9
708,2,1,VA,sales,39235,0.8297307149041444,0,37,0.55,0.4,0.6
709,3,1,ND,community_social,103731,1.802538366173394,1,61,0.35,0.15,0.85
710,3,1,KS,healthcare_practitioners,28590,0.747902303817682,0,53,0.4,0.1,0.9
711,3,3,TN,office_admin,221797,1.9227583433967084,0,57,0.75,0.55,0.45
712,4,0,KY,production,232631,1.8509260084247217,1,42,0.35,0.45,0.55
713,2,2,MI,architecture_engineering,51246,1.7868968338007107,1,71,0.68,0.3,0.7
714,2,2,MO,computer_math,254682,1.5565848971018568,1,59,0.85,0.25,0.75
715,2,0,NY,construction,132126,1.9603572277119383,1,67,0.2,0.25,0.75
716,2,1,ID,office_admin,138377,1.0412492194445804,1,59,0.75,0.55,0.45
717,3,2,MA,sales,75551,1.9989057767670602,1,50,0.55,0.4,0.6
718,4,3,MT,business_financial,193148,0.7721998855704442,1,35,0.78,0.4,0.6
719,2,0,MS,management,24614,1.9465837446041405,1,71,0.72,0.35,0.65
720,3,2,AK,business_financial,52242,1.1585607894230634,1,22,0.78,0.4,0.6
721,1,0,PA,office_admin,163105,1.9196199922589585,0,34,0.75,0.55,0.45
722,3,0,TX,sales,49986,1.93491589021869,1,38,0.55,0.4,0.6
723,1,1,AZ,transportation,53919,1.526785961119458,1,59,0.3,0.4,0.6
724,1,0,NJ,community_social,88251,1.4453477908391505,1,55,0.35,0.15,0.85
725,3,1,LA,transportation,148395,0.6040454172762111,0,53,0.3,0.4,0.6
726,3,0,AL,installation,13930,1.8317306437529624,1,36,0.25,0.2,0.8
727,2,0,CO,business_financial,44821,0.8092240360565484,0,63,0.78,0.4,0.6
728,1,1,WA,transportation,67067,1.6202972857281566,1,71,0.3,0.4,0.6
729,2,0,CA,building_grounds,327051,1.8613920508651063,1,65,0.18,0.3,0.7
730,4,0,AL,production,49225,0.793737969128415,1,60,0.35,0.45,0.55
731,1,1,MO,office_admin,22853,0.7520889443112537,0,60,0.75,0.55,0.45
732,3,0,MO,personal_care,27233,1.757856525364332,1,73,0.22,0.15,0.85
733,2,1,AK,building_grounds,68859,0.7868663046974689,1,31,0.18,0.3,0.7
734,3,1,PA,architecture_engineering,31203,0.5347004274372011,0,61,0.68,0.3,0.7
735,2,0,NC,food_prep,156352,0.6171106945257634,1,66,0.2,0.25,0.75
736,2,0,NJ,computer_math,50831,1.6136667400132865,1,49,0.85,0.25,0.75
737,3,3,IL,protective_service,51905,0.8861219333484769,0,51,0.25,0.15,0.85
738,1,0,MO,education,104136,1.340300144860521,1,62,0.45,0.2,0.8
739,2,2,CO,farming,30450,1.350055361399427,0,47,0.15,0.2,0.8
740,3,1,IN,office_admin,62784,1.9065118171274662,1,34,0.75,0.55,0.45
741,3,1,SD,office_admin,103470,1.9342917063040659,0,40,0.75,0.55,0.45
742,1,0,OR,installation,110466,1.0280203483998775,1,51,0.25,0.2,0.8
743,1,1,ID,protective_service,35254,0.9267557577695698,0,66,0.25,0.15,0.85
744,4,2,TN,office_admin,37306,1.4876847142586485,1,30,0.75,0.55,0.45
745,3,2,ID,business_financial,95554,1.3098106011748314,0,52,0.78,0.4,0.6
746,1,1,ME,management,66690,0.7649325624806806,1,22,0.72,0.35,0.65
747,3,1,NH,transportation,29831,0.6507176510058343,1,71,0.3,0.4,0.6
748,3,0,AK,office_admin,64073,1.8031450140988454,1,28,0.75,0.55,0.45
749,3,1,OR,sales,24632,1.202132539707236,0,40,0.55,0.4,0.6
750,2,1,OH,office_admin,37361,1.048762881779112,1,38,0.75,0.55,0.45
751,2,1,VT,transportation,43953,1.6624038227600977,1,23,0.3,0.4,0.6
752,2,0,WV,sales,17443,0.5017389375716448,1,40,0.55,0.4,0.6
753,2,2,MS,transportation,59914,1.1815748416120186,0,43,0.3,0.4,0.6
754,2,1,IN,healthcare_support,65055,1.6573417633771896,1,69,0.3,0.2,0.8
755,3,0,ME,transportation,21018,0.7390613817842677,0,41,0.3,0.4,0.6
756,2,2,OK,construction,27889,0.7453163882018998,1,25,0.2,0.25,0.75
757,2,3,NM,community_social,40862,0.9804134109290317,0,54,0.35,0.15,0.85
758,3,1,KS,construction,119981,1.334473570343107,1,69,0.2,0.25,0.75
759,2,0,MS,office_admin,192617,0.5731880222447217,1,61,0.75,0.55,0.45
760,2,2,ID,office_admin,55465,0.9066399742150679,1,68,0.75,0.55,0.45
761,1,2,AR,personal_care,19024,1.2594075491651893,1,52,0.22,0.15,0.85
762,3,0,KY,management,17532,0.9828266167314723,1,43,0.72,0.35,0.65
763,2,0,OR,community_social,45721,1.498875712393783,0,52,0.35,0.15,0.85
764,3,2,MN,sales,54996,0.5728943276917562,1,46,0.55,0.4,0.6
765,3,3,WV,community_social,7245,0.6723417381290346,0,31,0.35,0.15,0.85
766,1,1,ID,office_admin,66796,0.9879881354281679,1,43,0.75,0.55,0.45
767,1,2,UT,computer_math,21882,0.9645309173502028,1,35,0.85,0.25,0.75
768,3,2,TX,construction,131447,1.756684469874017,1,38,0.2,0.25,0.75
769,2,3,ND,management,89394,1.2756275666179135,0,27,0.72,0.35,0.65
770,2,1,VT,community_social,298932,1.9187658302253112,1,43,0.35,0.15,0.85
771,3,0,HI,protective_service,23276,0.678676973329857,1,35,0.25,0.15,0.85
772,2,1,ID,transportation,9394,0.5905867570545524,0,50,0.3,0.4,0.6
773,1,0,MI,office_admin,123102,1.0363422752125189,1,27,0.75,0.55,0.45
774,2,1,GA,healthcare_practitioners,252143,0.7728735726559535,0,50,0.4,0.1,0.9
775,3,2,NM,sales,210836,0.6611794270575047,1,24,0.55,0.4,0.6
776,2,0,FL,legal,142594,1.2373768670950085,1,63,0.8,0.45,0.55
777,1,2,TX,sales,23315,1.3350468788994476,1,57,0.55,0.4,0.6
778,2,1,OR,computer_math,370226,1.117993532330729,1,45,0.85,0.25,0.75
779,3,1,MT,installation,58856,1.633136507938616,1,61,0.25,0.2,0.8
780,1,3,NY,business_financial,132574,1.9701759979361668,1,33,0.78,0.4,0.6
781,1,1,NV,transportation,35657,1.9770725562702864,0,67,0.3,0.4,0.6
782,4,1,KS,production,29142,1.0195807215059176,1,26,0.35,0.45,0.55
783,3,1,MO,sales,58857,1.2897629911312833,1,32,0.55,0.4,0.6
784,1,1,PA,construction,28440,1.9774415908614174,1,73,0.2,0.25,0.75
785,3,1,RI,business_financial,51894,1.1286275536986068,1,39,0.78,0.4,0.6
786,4,1,MI,transportation,56311,1.6521649899659678,0,53,0.3,0.4,0.6
787,4,0,AL,education,66379,1.134496840648353,1,31,0.45,0.2,0.8
788,2,0,WV,computer_math,27072,0.5835844061803073,0,46,0.85,0.25,0.75
789,1,0,IN,construction,41609,1.2997542368248105,1,29,0.2,0.25,0.75
790,2,0,HI,business_financial,28357,1.1726996288634837,1,33,0.78,0.4,0.6
791,2,0,KS,community_social,8994,1.333677256014198,1,39,0.35,0.15,0.85
792,1,3,NH,office_admin,159097,1.2017366023501381,1,75,0.75,0.55,0.45
793,1,3,ME,management,30090,0.5470658011035994,1,73,0.72,0.35,0.65
794,2,1,CT,food_prep,70483,1.8445293569238856,1,37,0.2,0.25,0.75
795,2,0,IL,personal_care,132018,1.1525728189153597,0,69,0.22,0.15,0.85
796,2,1,OK,education,35745,1.5965318675152957,0,29,0.45,0.2,0.8
797,1,3,MD,healthcare_practitioners,378119,1.0696454963181168,0,72,0.4,0.1,0.9
798,4,0,WY,sales,20095,0.999590695137158,1,72,0.55,0.4,0.6
799,2,0,TN,healthcare_support,24393,1.884971956256777,1,37,0.3,0.2,0.8
800,1,0,IA,office_admin,57589,0.5815740133402869,1,38,0.75,0.55,0.45
801,3,0,NE,construction,114698,0.7756894140038639,1,33,0.2,0.25,0.75
802,2,0,OK,arts_media,7741,1.789625738747418,1,55,0.6,0.35,0.65
803,2,0,NM,installation,31912,0.9068655553273857,0,37,0.25,0.2,0.8
804,4,0,VT,food_prep,39133,0.7249324591830373,1,53,0.2,0.25,0.75
805,2,0,VT,transportation,173414,0.7196107497438788,1,53,0.3,0.4,0.6
806,2,0,WY,sales,27588,0.5124195424141362,1,52,0.55,0.4,0.6
807,3,0,NJ,business_financial,153081,1.108192685409449,1,26,0.78,0.4,0.6
808,2,3,CA,food_prep,21942,0.6427925252355635,1,50,0.2,0.25,0.75
809,1,0,MN,food_prep,243292,0.7488027367508039,1,60,0.2,0.25,0.75
810,2,0,KS,business_financial,194094,1.1645135887665674,1,28,0.78,0.4,0.6
811,3,3,AL,production,35261,0.8660845132544637,1,44,0.35,0.45,0.55
812,2,0,AR,business_financial,28518,0.87143489648588,1,54,0.78,0.4,0.6
813,2,0,SD,office_admin,35102,1.1685596015304327,1,60,0.75,0.55,0.45
814,4,3,ME,management,69363,1.3191537312231958,1,39,0.72,0.35,0.65
815,3,0,VA,building_grounds,64682,0.9109597814967856,1,60,0.18,0.3,0.7
816,3,2,CO,food_prep,219788,0.8946485647466034,0,30,0.2,0.25,0.75
817,2,1,OK,construction,366534,0.8845557045424357,1,61,0.2,0.25,0.75
818,3,2,AL,transportation,83114,1.5617045551771298,0,26,0.3,0.4,0.6
819,3,2,MO,building_grounds,14737,1.8788094165502116,0,50,0.18,0.3,0.7
820,2,1,IL,management,280684,1.782390746055171,0,64,0.72,0.35,0.65
821,2,0,AK,sales,98464,0.8402240317082033,0,33,0.55,0.4,0.6
822,2,1,AK,construction,30791,1.02904020214919,1,69,0.2,0.25,0.75
823,4,1,AZ,computer_math,54798,1.9414788404246792,1,33,0.85,0.25,0.75
824,2,0,MI,architecture_engineering,177993,1.3836518247844651,1,23,0.68,0.3,0.7
825,3,2,MS,healthcare_practitioners,21707,1.0710477160755545,1,22,0.4,0.1,0.9
826,4,0,WY,food_prep,167291,1.730270882602781,1,66,0.2,0.25,0.75
827,2,1,DE,life_physical_social,12028,1.2776731075719,1,38,0.55,0.25,0.75
828,2,0,UT,education,24753,1.5036691768327728,1,57,0.45,0.2,0.8
829,2,1,MA,construction,25497,0.9638862005667761,1,23,0.2,0.25,0.75
830,2,0,NV,sales,91371,0.9885810510022566,1,41,0.55,0.4,0.6
831,4,1,SC,building_grounds,59349,1.733735713060014,1,47,0.18,0.3,0.7
832,4,1,WV,office_admin,99851,1.0203862332273275,1,35,0.75,0.55,0.45
833,2,1,HI,installation,220042,1.459381529246457,1,69,0.25,0.2,0.8
834,4,0,NE,office_admin,201755,1.233769720653072,1,37,0.75,0.55,0.45
835,2,1,TN,food_prep,10475,1.7236355015775189,1,40,0.2,0.25,0.75
836,3,0,AR,business_financial,140363,0.544593183323741,1,31,0.78,0.4,0.6
837,2,1,FL,installation,100289,0.7474013544851914,1,48,0.25,0.2,0.8
838,4,3,DE,protective_service,99537,1.668720026849769,1,22,0.25,0.15,0.85
839,4,0,AR,installation,50282,1.9173231346067041,1,56,0.25,0.2,0.8
840,3,1,PA,transportation,92802,0.8038498422829434,1,35,0.3,0.4,0.6
841,2,0,NH,healthcare_practitioners,111665,1.3365917740156874,1,42,0.4,0.1,0.9
842,2,1,ND,transportation,64610,1.2363796612480655,1,40,0.3,0.4,0.6
843,3,0,RI,healthcare_practitioners,16612,0.6157511295750737,0,33,0.4,0.1,0.9
844,3,2,DE,protective_service,22765,0.687666685320437,0,51,0.25,0.15,0.85
845,3,0,NJ,food_prep,122295,1.994899341952987,1,44,0.2,0.25,0.75
846,3,0,PA,sales,42161,0.5548037488479167,1,63,0.55,0.4,0.6
847,1,1,KS,production,45803,0.6007141409208998,1,54,0.35,0.45,0.55
848,2,0,FL,food_prep,56880,1.8162364840973169,0,62,0.2,0.25,0.75
849,3,0,IL,installation,49904,1.46242397534661,1,24,0.25,0.2,0.8
850,4,0,CA,food_prep,37497,0.8359217883553356,0,64,0.2,0.25,0.75
851,4,1,IA,healthcare_support,196359,1.2451687928987667,0,41,0.3,0.2,0.8
852,4,0,ME,production,206163,1.4187951823696494,1,35,0.35,0.45,0.55
853,1,0,TX,personal_care,62847,0.5191376332659274,1,28,0.22,0.15,0.85
854,3,1,IA,installation,5000,0.7953552915714681,1,48,0.25,0.2,0.8
855,4,2,IL,transportation,26034,0.6304910604376346,0,31,0.3,0.4,0.6
856,3,0,PA,healthcare_practitioners,96438,1.5863215115386993,1,32,0.4,0.1,0.9
857,3,0,CA,sales,75265,1.9145331126637757,0,60,0.55,0.4,0.6
858,2,1,VT,sales,39751,1.2211986351758242,1,57,0.55,0.4,0.6
859,3,1,OK,sales,66413,0.7715516438474879,1,32,0.55,0.4,0.6
860,2,0,AK,food_prep,171270,1.0201076117809862,0,43,0.2,0.25,0.75
861,2,0,AR,sales,20486,1.5958479485707358,1,24,0.55,0.4,0.6
862,3,1,MS,installation,44264,1.9573198980651796,1,43,0.25,0.2,0.8
863,1,0,MT,personal_care,67150,0.9898082063300535,1,69,0.22,0.15,0.85
864,1,0,IL,office_admin,106137,1.9404526929138228,1,36,0.75,0.55,0.45
865,2,1,MD,healthcare_practitioners,95834,1.4165163454599679,1,71,0.4,0.1,0.9
866,2,0,MS,production,30594,1.923387236194685,1,69,0.35,0.45,0.55
867,1,0,MA,management,22344,0.9625482466071844,0,24,0.72,0.35,0.65
868,4,1,PA,healthcare_practitioners,19556,1.1171725343447179,1,64,0.4,0.1,0.9
869,1,1,MN,food_prep,332452,1.2821247216779739,0,58,0.2,0.25,0.75
870,2,1,NM,food_prep,20359,1.3015894283307716,1,44,0.2,0.25,0.75
871,2,1,MD,construction,36294,1.9538399941520765,1,59,0.2,0.25,0.75
872,1,0,IN,food_prep,20311,0.9601685198722407,1,38,0.2,0.25,0.75
873,3,1,CA,personal_care,83878,0.7896681535057724,1,29,0.22,0.15,0.85
874,1,2,WV,computer_math,32009,0.6880628371145576,1,41,0.85,0.25,0.75
875,1,1,GA,office_admin,119939,1.1805586280534044,1,46,0.75,0.55,0.45
876,2,0,SC,sales,326173,1.0152198851574212,0,74,0.55,0.4,0.6
877,2,2,CO,food_prep,23417,0.7066148068988696,0,35,0.2,0.25,0.75
878,2,0,OH,computer_math,51250,0.8860215013846755,1,27,0.85,0.25,0.75
879,3,3,KS,sales,60204,1.7112222064752132,1,26,0.55,0.4,0.6
880,4,0,VT,arts_media,105538,0.864002967835404,1,37,0.6,0.35,0.65
881,1,1,AZ,transportation,31083,0.7523913703626022,0,34,0.3,0.4,0.6
882,3,1,GA,installation,46200,0.8259034184738994,1,74,0.25,0.2,0.8
883,1,0,NM,office_admin,85305,1.6965166609734297,0,56,0.75,0.55,0.45
884,2,1,NM,installation,107005,0.7174077931558713,0,56,0.25,0.2,0.8
885,2,0,NV,production,49653,1.6506406919797882,1,61,0.35,0.45,0.55
886,1,1,CO,management,21601,1.1311252613086253,0,34,0.72,0.35,0.65
887,2,0,CO,healthcare_practitioners,21408,1.2137623793678358,1,61,0.4,0.1,0.9
888,2,2,KS,education,203899,1.6445066063897684,1,47,0.45,0.2,0.8
889,1,2,MN,production,81195,1.667194791836664,1,28,0.35,0.45,0.55
890,3,0,NJ,building_grounds,57247,0.9141572966473177,1,32,0.18,0.3,0.7
891,4,1,OH,business_financial,295568,1.4305549988057464,1,55,0.78,0.4,0.6
892,4,2,NC,healthcare_practitioners,18972,1.208670654334128,1,58,0.4,0.1,0.9
893,2,1,NC,management,196644,0.5343286690767854,1,40,0.72,0.35,0.65
894,3,0,AK,arts_media,78609,1.5175997029291466,1,40,0.6,0.35,0.65
895,3,2,ND,building_grounds,26324,0.9964573392644525,0,74,0.18,0.3,0.7
896,2,2,WY,education,164764,1.2999658955959603,1,49,0.45,0.2,0.8
897,1,0,OR,office_admin,22654,1.664232273120433,0,33,0.75,0.55,0.45
898,2,0,SD,construction,91342,0.7185583773534745,1,30,0.2,0.25,0.75
899,1,2,NH,healthcare_practitioners,30174,1.1094178182538599,1,36,0.4,0.1,0.9
900,2,1,OR,installation,53724,0.768718434497714,1,48,0.25,0.2,0.8
901,3,0,ME,transportation,48719,0.7409696418326348,1,53,0.3,0.4,0.6
902,1,0,DE,transportation,22274,1.4451135152485222,0,29,0.3,0.4,0.6
903,1,0,WA,healthcare_practitioners,35347,0.8344226102344692,0,45,0.4,0.1,0.9
904,1,3,GA,healthcare_practitioners,155822,1.0572694570291787,1,29,0.4,0.1,0.9
905,3,1,MN,construction,27683,1.9966101383324713,1,43,0.2,0.25,0.75
906,1,1,FL,computer_math,25355,0.7309042948763818,1,64,0.85,0.25,0.75
907,3,2,SD,healthcare_practitioners,45996,1.7584094194462523,0,59,0.4,0.1,0.9
908,1,1,NC,construction,6087,1.1135994512587786,1,71,0.2,0.25,0.75
909,1,0,NC,sales,52188,0.9855435816571116,1,68,0.55,0.4,0.6
910,3,3,IN,transportation,27915,0.5871074716560543,1,22,0.3,0.4,0.6
911,2,0,CO,construction,259164,1.5309950364753604,1,31,0.2,0.25,0.75
912,4,0,GA,building_grounds,28389,1.2865862040780485,1,42,0.18,0.3,0.7
913,3,3,ND,business_financial,51861,1.4045080649666488,1,23,0.78,0.4,0.6
914,4,3,HI,business_financial,140239,1.3539921003393829,1,40,0.78,0.4,0.6
915,3,3,MN,transportation,37604,0.7880876209819689,1,47,0.3,0.4,0.6
916,3,3,LA,building_grounds,26055,1.1264736357843503,0,39,0.18,0.3,0.7
917,1,2,NJ,personal_care,35115,1.1242821952328086,1,24,0.22,0.15,0.85
918,2,0,MS,office_admin,106789,0.9723530714400113,0,43,0.75,0.55,0.45
919,1,1,CO,management,40279,0.700692072394304,0,32,0.72,0.35,0.65
920,2,1,WY,healthcare_practitioners,54024,1.3526261172955856,1,60,0.4,0.1,0.9
921,2,2,FL,legal,155516,0.5725480862893164,0,44,0.8,0.45,0.55
922,1,0,IA,computer_math,10284,1.9282226035138592,1,72,0.85,0.25,0.75
923,3,0,RI,transportation,37481,0.9583972124382854,1,72,0.3,0.4,0.6
924,3,2,HI,sales,42022,1.544708060566336,1,68,0.55,0.4,0.6
925,2,3,MD,education,75485,0.6105451623443514,1,71,0.45,0.2,0.8
926,2,1,CA,computer_math,10898,0.871280635590665,0,39,0.85,0.25,0.75
927,1,2,OK,office_admin,34284,0.572491736500524,0,66,0.75,0.55,0.45
928,2,0,WY,transportation,7405,1.2995843573007733,1,56,0.3,0.4,0.6
929,1,0,VA,construction,105483,1.2213857915485278,0,29,0.2,0.25,0.75
930,2,1,UT,production,31301,1.023128660977818,0,68,0.35,0.45,0.55
931,2,0,ND,protective_service,64581,1.7674454079242423,1,40,0.25,0.15,0.85
932,4,1,RI,business_financial,27546,1.6260907175019383,1,47,0.78,0.4,0.6
933,3,2,CA,office_admin,60229,0.8118939268169925,0,72,0.75,0.55,0.45
934,3,0,OR,transportation,434698,1.5901105121010914,1,73,0.3,0.4,0.6
935,2,0,IA,installation,40393,1.7340406446019188,1,60,0.25,0.2,0.8
936,3,0,AK,office_admin,56792,1.9311458125011995,1,48,0.75,0.55,0.45
937,4,0,OK,business_financial,8257,0.5304409265518188,1,38,0.78,0.4,0.6
938,1,3,AR,sales,49356,1.6779566176701337,0,52,0.55,0.4,0.6
939,2,1,KS,office_admin,24640,1.2662668115226552,0,50,0.75,0.55,0.45
940,2,0,AR,food_prep,133929,0.6975420484086499,1,40,0.2,0.25,0.75
941,1,1,FL,transportation,22032,1.2575223473832011,0,57,0.3,0.4,0.6
942,2,3,MA,education,15495,1.4838092578575015,0,47,0.45,0.2,0.8
943,1,3,AK,transportation,110689,0.7768791608978063,1,59,0.3,0.4,0.6
944,4,3,HI,production,52748,1.2314999445807189,1,51,0.35,0.45,0.55
945,2,0,UT,arts_media,78759,1.2196787582943216,1,55,0.6,0.35,0.65
946,3,0,GA,healthcare_practitioners,347251,1.6379219781374559,1,59,0.4,0.1,0.9
947,2,1,CA,legal,80222,1.15247835975606,1,64,0.8,0.45,0.55
948,2,2,SD,business_financial,51594,0.5203325968468562,0,29,0.78,0.4,0.6
949,2,1,AZ,healthcare_practitioners,81152,1.0195892521878704,0,39,0.4,0.1,0.9
950,3,3,TN,personal_care,26879,0.9236553099472076,1,57,0.22,0.15,0.85
951,3,1,TN,food_prep,231020,1.1539262071019039,1,42,0.2,0.25,0.75
952,1,1,NM,food_prep,141119,0.8203538662055507,1,26,0.2,0.25,0.75
953,2,0,FL,building_grounds,56476,0.7421387982321903,1,37,0.18,0.3,0.7
954,1,3,HI,healthcare_support,168072,0.5250870211748406,0,68,0.3,0.2,0.8
955,3,0,NY,management,57046,1.270596756017767,0,49,0.72,0.35,0.65
956,2,0,DE,personal_care,179828,1.646345314802602,0,45,0.22,0.15,0.85
957,1,0,NJ,community_social,23054,1.64560730708763,1,54,0.35,0.15,0.85
958,2,1,WY,office_admin,187038,1.3932444324018434,1,74,0.75,0.55,0.45
959,4,2,FL,management,291155,1.566755980020389,1,56,0.72,0.35,0.65
960,2,0,WI,business_financial,62658,0.6569355905521661,0,22,0.78,0.4,0.6
961,2,0,NE,production,166416,0.56789613107685,1,26,0.35,0.45,0.55
962,1,0,MO,office_admin,66108,0.8953565718838945,1,36,0.75,0.55,0.45
963,3,0,VT,education,172338,1.1542999069206417,0,67,0.45,0.2,0.8
964,2,0,AZ,building_grounds,30710,1.544037789455615,1,40,0.18,0.3,0.7
965,1,3,IN,construction,32621,0.9669778886018321,1,72,0.2,0.25,0.75
966,2,2,SD,education,110421,0.8142756372690201,1,54,0.45,0.2,0.8
967,1,3,FL,office_admin,113173,1.3644842118956149,1,42,0.75,0.55,0.45
968,3,1,OH,installation,23651,1.0458366067614406,0,29,0.25,0.2,0.8
969,4,1,AR,food_prep,282120,1.6747170864837244,1,26,0.2,0.25,0.75
970,4,0,WY,office_admin,228667,1.8839403500314802,0,70,0.75,0.55,0.45
971,3,0,MS,business_financial,13766,1.9904543195152655,1,64,0.78,0.4,0.6
972,3,2,SC,office_admin,148067,0.6675796307390556,0,24,0.75,0.55,0.45
973,3,0,SC,office_admin,69761,1.7850707768229768,1,64,0.75,0.55,0.45
974,2,0,NE,healthcare_practitioners,136405,1.9203210598789155,1,41,0.4,0.1,0.9
975,2,1,IL,computer_math,49562,1.5002118914853781,1,74,0.85,0.25,0.75
976,2,0,OK,office_admin,169556,0.9323053020052612,1,34,0.75,0.55,0.45
977,3,0,ID,production,99707,1.559730184264481,1,30,0.35,0.45,0.55
978,4,1,NJ,education,53271,1.8747619669884443,1,56,0.45,0.2,0.8
979,3,2,TN,office_admin,162135,1.4023837082786486,1,48,0.75,0.55,0.45
980,2,0,WY,management,19883,1.1567150608170778,0,66,0.72,0.35,0.65
981,3,0,TN,arts_media,128251,1.5454864215571433,1,42,0.6,0.35,0.65
982,3,1,MO,installation,114202,1.9126165503403172,1,57,0.25,0.2,0.8
983,1,0,IN,sales,370473,0.8195928739150986,0,37,0.55,0.4,0.6
984,1,2,OH,production,191233,1.3201381595572457,1,24,0.35,0.45,0.55
985,2,1,IA,office_admin,22385,0.5635993527248502,1,75,0.75,0.55,0.45
986,1,0,OK,management,454400,0.5506041893968359,0,50,0.72,0.35,0.65
987,3,0,NV,management,101926,1.9249595757573843,1,52,0.72,0.35,0.65
988,1,2,CO,life_physical_social,21393,0.5965635101310909,0,58,0.55,0.25,0.75
989,2,0,GA,food_prep,51964,1.8363349963910878,1,44,0.2,0.25,0.75
990,4,2,WY,installation,6869,0.7494482781039551,0,64,0.25,0.2,0.8
991,1,1,FL,business_financial,64094,1.4192866283701733,1,27,0.78,0.4,0.6
992,4,0,WY,building_grounds,53635,1.8334747183835134,1,55,0.18,0.3,0.7
993,2,0,NC,computer_math,33036,1.9073009006679058,1,48,0.85,0.25,0.75
994,1,0,AL,office_admin,130284,1.7011709715006873,1,69,0.75,0.55,0.45
995,2,0,AK,arts_media,64543,0.7508960538543761,1,55,0.6,0.35,0.65
996,2,0,NE,healthcare_practitioners,11103,1.8357995405094698,1,69,0.4,0.1,0.9
997,4,0,AR,transportation,43028,0.8086996757192537,1,22,0.3,0.4,0.6
998,2,0,CT,production,34930,0.9042312618112192,1,66,0.35,0.45,0.55
999,1,0,NH,office_admin,167710,0.8547338796779513,1,54,0.75,0.55,0.45
1000,1,0,LA,production,54446,1.0032105733407661,0,57,0.35,0.45,0.55
1001,2,1,AZ,management,17050,1.0984791765222326,0,28,0.72,0.35,0.65
1002,3,2,MT,education,100331,0.8221945813857019,1,26,0.45,0.2,0.8
1003,3,1,KY,sales,58731,0.733080615173094,1,54,0.55,0.4,0.6
1004,3,0,WI,management,22507,1.5166181523818523,1,66,0.72,0.35,0.65
1005,4,1,SC,production,20830,0.7452981725800782,1,67,0.35,0.45,0.55
1006,2,0,MD,healthcare_practitioners,38321,1.3478117944905534,1,41,0.4,0.1,0.9
1007,2,2,CA,food_prep,51804,1.366843708208762,1,72,0.2,0.25,0.75
1008,1,1,AZ,education,57395,1.1456330253276974,0,38,0.45,0.2,0.8
1009,1,0,TX,office_admin,22477,0.738094363710843,0,44,0.75,0.55,0.45
1010,3,0,GA,office_admin,13498,1.2235992063069716,0,73,0.75,0.55,0.45
1011,2,0,NY,production,20716,1.8932541500544176,1,69,0.35,0.45,0.55
1012,1,2,VA,business_financial,115510,1.4800287911202759,0,67,0.78,0.4,0.6
1013,2,0,VA,production,65592,0.5925501096062362,1,63,0.35,0.45,0.55
1014,2,1,TN,healthcare_support,44585,1.1860527001554146,1,60,0.3,0.2,0.8
1015,2,0,NM,transportation,28008,1.0004410954425111,1,24,0.3,0.4,0.6
1016,1,2,MT,personal_care,28966,1.0531118056969717,1,45,0.22,0.15,0.85
1017,1,0,OH,food_prep,93485,1.546514368033968,1,59,0.2,0.25,0.75
1018,3,0,SC,computer_math,457947,0.896616097423248,1,57,0.85,0.25,0.75
1019,1,0,WA,office_admin,102643,1.8830330540658906,1,67,0.75,0.55,0.45
1020,3,1,ME,food_prep,9540,1.1390120555879548,0,43,0.2,0.25,0.75
1021,2,0,LA,protective_service,128225,0.7806315824855119,1,61,0.25,0.15,0.85
1022,1,1,WI,construction,57825,1.818116262089461,1,60,0.2,0.25,0.75
1023,2,0,NH,office_admin,83101,1.4460967561462894,1,50,0.75,0.55,0.45
1024,2,3,KS,management,50491,1.288672688533552,1,57,0.72,0.35,0.65
1025,2,0,HI,arts_media,40944,1.0837063093204051,1,69,0.6,0.35,0.65
1026,1,2,NV,healthcare_practitioners,184549,0.6387761274818331,1,28,0.4,0.1,0.9
1027,1,0,NH,food_prep,67218,0.5445750434882939,1,25,0.2,0.25,0.75
1028,2,0,MS,education,33745,1.2639069338329136,1,73,0.45,0.2,0.8
1029,1,3,KY,healthcare_practitioners,30821,1.3022097178036347,1,63,0.4,0.1,0.9
1030,3,2,PA,management,86732,1.9232935541076586,1,46,0.72,0.35,0.65
1031,1,1,MN,installation,252202,1.0790877605322748,1,70,0.25,0.2,0.8
1032,1,2,AR,sales,162532,1.5478298343950883,1,53,0.55,0.4,0.6
1033,1,0,WA,transportation,59043,1.022904721321538,1,23,0.3,0.4,0.6
1034,3,0,TX,computer_math,37642,0.7147725881077349,0,36,0.85,0.25,0.75
1035,3,1,TN,transportation,93669,1.804032074403949,1,64,0.3,0.4,0.6
1036,2,0,HI,community_social,173060,0.620188586646691,0,55,0.35,0.15,0.85
1037,1,0,VA,business_financial,461873,0.6385376417310908,1,23,0.78,0.4,0.6
1038,3,3,VT,installation,34430,1.2721218600636348,1,23,0.25,0.2,0.8
1039,1,3,OR,healthcare_practitioners,132189,1.7427343762246892,1,48,0.4,0.1,0.9
1040,2,1,HI,production,133501,0.8004157196264714,1,29,0.35,0.45,0.55
1041,1,1,WA,education,162314,1.3895315255504102,1,25,0.45,0.2,0.8
1042,2,0,ME,office_admin,58529,0.6309126362903044,1,28,0.75,0.55,0.45
1043,1,1,KS,healthcare_practitioners,24724,1.5089424496982247,1,43,0.4,0.1,0.9
1044,3,0,HI,education,16480,0.7132759664673358,1,70,0.45,0.2,0.8
1045,2,1,UT,business_financial,39579,1.4094121569069102,1,44,0.78,0.4,0.6
1046,1,0,TN,education,12714,1.8821071579586715,1,61,0.45,0.2,0.8
1047,3,0,WY,office_admin,14472,0.7074204300297424,1,41,0.75,0.55,0.45
1048,4,0,SC,building_grounds,66883,1.4444445454282686,1,57,0.18,0.3,0.7
1049,2,1,AL,education,18539,1.2609783422667533,1,42,0.45,0.2,0.8
1050,2,1,MN,construction,30026,1.6806212802184746,0,70,0.2,0.25,0.75
1051,1,1,CT,personal_care,106654,0.6078137815929949,1,42,0.22,0.15,0.85
1052,2,1,OR,business_financial,78571,1.7651587126310915,1,23,0.78,0.4,0.6
1053,3,1,GA,transportation,75724,0.7609648859361187,0,62,0.3,0.4,0.6
1054,1,2,ND,sales,23480,1.3523469562642276,1,48,0.55,0.4,0.6
1055,2,2,CT,office_admin,30595,0.7803268821444362,1,51,0.75,0.55,0.45
1056,3,3,AZ,healthcare_practitioners,63605,1.068454084917903,1,49,0.4,0.1,0.9
1057,2,0,RI,business_financial,24906,1.404066832154058,0,63,0.78,0.4,0.6
1058,2,3,NE,protective_service,48482,0.9803192762192339,1,67,0.25,0.15,0.85
1059,2,2,MO,office_admin,32846,0.7714783193077892,1,26,0.75,0.55,0.45
1060,3,1,AZ,office_admin,69578,1.8512161965481937,1,71,0.75,0.55,0.45
1061,1,0,AZ,production,185756,0.6322975166840479,0,27,0.35,0.45,0.55
1062,3,2,AL,architecture_engineering,37614,1.2311288990313187,1,53,0.68,0.3,0.7
1063,2,3,MS,office_admin,174559,1.2931850232416764,1,33,0.75,0.55,0.45
1064,3,0,NM,sales,17530,1.641882691765204,1,74,0.55,0.4,0.6
1065,2,2,ME,production,45876,1.4229361065663397,0,27,0.35,0.45,0.55
1066,4,0,AR,installation,100443,1.7770967747783288,0,66,0.25,0.2,0.8
1067,3,0,MN,transportation,39060,0.9135466596344486,1,31,0.3,0.4,0.6
1068,1,0,NJ,computer_math,25921,0.5366223269375041,1,29,0.85,0.25,0.75
1069,1,0,TN,transportation,31142,0.774453334743157,0,56,0.3,0.4,0.6
1070,1,0,MT,sales,14971,0.5699139977805316,1,55,0.55,0.4,0.6
1071,4,2,AR,installation,43802,1.1109563885256648,0,54,0.25,0.2,0.8
1072,1,1,CA,business_financial,11117,1.4251408195123076,1,26,0.78,0.4,0.6
1073,3,1,WI,office_admin,43600,0.5901529132388532,1,47,0.75,0.55,0.45
1074,4,2,MO,food_prep,21056,1.3678112333873287,1,35,0.2,0.25,0.75
1075,1,1,OK,protective_service,154117,0.7565150952432305,1,25,0.25,0.15,0.85
1076,2,2,OR,production,92680,1.383888675714843,1,40,0.35,0.45,0.55
1077,2,0,KS,education,157459,1.2765094741480425,1,72,0.45,0.2,0.8
1078,1,1,CO,legal,167412,1.2199856229126453,0,62,0.8,0.45,0.55
1079,3,1,IA,office_admin,99923,1.3098165470873937,1,68,0.75,0.55,0.45
1080,4,0,WV,office_admin,38464,1.2085274083074182,1,58,0.75,0.55,0.45
1081,1,3,TX,arts_media,170568,1.9497831048211083,1,67,0.6,0.35,0.65
1082,1,1,WI,computer_math,40571,1.5627666572108865,1,27,0.85,0.25,0.75
1083,3,1,AZ,healthcare_practitioners,95866,0.5174066682811826,1,52,0.4,0.1,0.9
1084,3,3,NY,computer_math,36239,1.5949725593673065,0,62,0.85,0.25,0.75
1085,1,3,SD,production,79728,0.7394144184654579,1,32,0.35,0.45,0.55
1086,1,1,SD,office_admin,27176,1.9038481045281515,1,27,0.75,0.55,0.45
1087,1,2,TX,healthcare_practitioners,34027,1.0829304297221825,1,53,0.4,0.1,0.9
1088,4,0,MT,construction,211155,0.7600228867959231,1,70,0.2,0.25,0.75
1089,3,1,NH,farming,30476,1.9398275478743017,1,33,0.15,0.2,0.8
1090,3,0,OH,business_financial,72842,0.7820821658242494,1,22,0.78,0.4,0.6
1091,2,0,NM,protective_service,26896,0.6304459371604025,1,22,0.25,0.15,0.85
1092,1,0,PA,office_admin,16590,1.3005903851008043,0,26,0.75,0.55,0.45
1093,2,0,UT,construction,80954,1.5747091114753857,1,44,0.2,0.25,0.75
1094,1,0,WV,building_grounds,32894,1.2361943003488705,0,45,0.18,0.3,0.7
1095,3,0,SC,installation,184819,1.4821613274980336,1,69,0.25,0.2,0.8
1096,1,1,AK,production,25956,1.904093841323629,1,34,0.35,0.45,0.55
1097,3,0,HI,production,39374,1.3827177461935207,1,49,0.35,0.45,0.55
1098,2,2,AK,arts_media,22974,0.6954525586916134,1,46,0.6,0.35,0.65
1099,1,0,MT,office_admin,31789,1.3998920649755746,1,74,0.75,0.55,0.45
1100,4,0,IN,office_admin,45394,0.7269157906994224,0,58,0.75,0.55,0.45
1101,2,1,MI,office_admin,59136,1.8865802695509046,1,46,0.75,0.55,0.45
1102,2,3,KS,business_financial,10729,0.5840053303400055,1,23,0.78,0.4,0.6
1103,3,1,CT,production,92667,1.8291500192135572,0,40,0.35,0.45,0.55
1104,4,3,AZ,transportation,36140,0.912949878606014,1,56,0.3,0.4,0.6
1105,2,3,MA,office_admin,100716,0.6303366594947875,1,42,0.75,0.55,0.45
1106,1,0,RI,business_financial,292114,0.7489984311396256,1,33,0.78,0.4,0.6
1107,4,1,VT,education,39381,1.0528899314813316,1,37,0.45,0.2,0.8
1108,1,0,NE,construction,59391,1.2790521786082536,1,52,0.2,0.25,0.75
1109,1,0,WY,computer_math,78705,0.9350692942971364,1,66,0.85,0.25,0.75
1110,3,1,NY,computer_math,89969,0.8484176322817802,1,68,0.85,0.25,0.75
1111,3,1,ID,office_admin,98124,1.9001617602771148,1,43,0.75,0.55,0.45
1112,1,0,CT,life_physical_social,182341,1.028108567232266,0,41,0.55,0.25,0.75
1113,3,0,VT,healthcare_support,79669,0.6465216266224161,1,33,0.3,0.2,0.8
1114,2,1,TN,sales,31145,1.1920793419703841,1,45,0.55,0.4,0.6
1115,4,1,NE,sales,59262,1.6850100558949634,1,75,0.55,0.4,0.6
1116,1,0,ND,life_physical_social,46804,1.6395610292674974,1,55,0.55,0.25,0.75
1117,4,2,WA,management,200222,0.7862993503222242,1,58,0.72,0.35,0.65
1118,1,0,RI,office_admin,27138,1.2865246512228623,1,75,0.75,0.55,0.45
1119,3,1,DE,personal_care,30774,0.7714024969609454,1,45,0.22,0.15,0.85
1120,3,0,CA,food_prep,500000,1.9783798439893872,1,55,0.2,0.25,0.75
1121,1,0,WA,sales,55455,1.5976031575119123,1,67,0.55,0.4,0.6
1122,2,1,MO,construction,123320,1.5040705009596422,0,65,0.2,0.25,0.75
1123,4,0,RI,office_admin,19986,0.8066039592958987,0,56,0.75,0.55,0.45
1124,3,0,UT,management,104901,0.9281598068773746,1,61,0.72,0.35,0.65
1125,1,0,MN,sales,28999,1.1529031022218987,1,44,0.55,0.4,0.6
1126,2,3,LA,education,82706,0.5521057106088847,1,37,0.45,0.2,0.8
1127,2,0,VT,farming,40841,1.3815763489110395,1,27,0.15,0.2,0.8
1128,4,1,NY,sales,25658,1.811339832143858,0,36,0.55,0.4,0.6
1129,1,0,MN,food_prep,117196,1.4139560114126652,0,73,0.2,0.25,0.75
1130,3,1,NY,office_admin,113352,1.571562250610441,1,65,0.75,0.55,0.45
1131,2,0,IA,building_grounds,34659,1.4857368413358927,0,73,0.18,0.3,0.7
1132,1,3,IL,healthcare_practitioners,22475,0.7469892208464444,1,47,0.4,0.1,0.9
1133,2,0,WI,production,107782,0.7725286545464769,1,39,0.35,0.45,0.55
1134,1,0,DE,production,135033,1.0379155018599704,1,54,0.35,0.45,0.55
1135,2,1,CT,transportation,93370,0.6849744005594403,1,72,0.3,0.4,0.6
1136,3,0,MO,arts_media,62541,1.6296845817705616,1,25,0.6,0.35,0.65
1137,2,2,CA,office_admin,36330,0.6517186011187732,0,72,0.75,0.55,0.45
1138,3,0,MO,life_physical_social,17504,0.9206830905750394,1,42,0.55,0.25,0.75
1139,2,0,ND,healthcare_practitioners,37853,0.8133303971262649,0,34,0.4,0.1,0.9
1140,2,1,NV,installation,84743,1.2527171839028597,1,34,0.25,0.2,0.8
1141,2,1,WI,protective_service,210993,1.6967634455068037,1,74,0.25,0.15,0.85
1142,4,1,AL,management,17691,1.0691865151748061,1,62,0.72,0.35,0.65
1143,2,0,IL,transportation,212834,1.8843171714106575,1,65,0.3,0.4,0.6
1144,2,0,MA,healthcare_support,69674,1.4863429458346218,1,55,0.3,0.2,0.8
1145,3,2,AR,healthcare_practitioners,121920,1.1474514104193076,1,51,0.4,0.1,0.9
1146,3,2,WI,healthcare_support,23201,0.5614240735303611,0,39,0.3,0.2,0.8
1147,3,3,CT,legal,68184,0.9998230194905773,0,29,0.8,0.45,0.55
1148,1,1,IA,food_prep,14134,1.3199708759784698,1,70,0.2,0.25,0.75
1149,1,0,NY,community_social,22636,0.8069435192737728,1,61,0.35,0.15,0.85
1150,1,1,AR,sales,121407,1.4236348681151867,1,27,0.55,0.4,0.6
1151,3,0,PA,office_admin,70191,1.7259554545162246,1,25,0.75,0.55,0.45
1152,1,3,ND,computer_math,31192,0.7692801596131176,1,24,0.85,0.25,0.75
1153,1,0,IA,office_admin,85589,1.305417227675207,1,42,0.75,0.55,0.45
1154,3,1,MA,healthcare_practitioners,74012,1.605863495846279,1,70,0.4,0.1,0.9
1155,2,2,CT,management,28562,0.7326050074771047,0,26,0.72,0.35,0.65
1156,1,3,NM,management,49522,0.835727661033161,1,63,0.72,0.35,0.65
1157,3,0,AL,arts_media,39908,1.3040360258892179,1,50,0.6,0.35,0.65
1158,2,0,MD,personal_care,29786,0.9031086406903341,0,41,0.22,0.15,0.85
1159,2,0,MS,computer_math,12507,1.5836579079041258,0,73,0.85,0.25,0.75
1160,1,0,NJ,office_admin,300226,1.2265586841385812,1,33,0.75,0.55,0.45
1161,1,1,TX,computer_math,32442,0.8352691202890128,0,54,0.85,0.25,0.75
1162,1,0,CT,sales,19169,1.4579622781602666,1,24,0.55,0.4,0.6
1163,2,0,OR,management,37532,1.4931014468893409,1,22,0.72,0.35,0.65
1164,1,2,ME,office_admin,71613,1.0365781154250726,1,54,0.75,0.55,0.45
1165,2,0,VT,building_grounds,44656,0.9725836348952726,1,57,0.18,0.3,0.7
1166,3,0,NC,arts_media,6788,1.5476629332406446,1,60,0.6,0.35,0.65
1167,2,3,MT,healthcare_practitioners,342004,1.8845789791084826,1,39,0.4,0.1,0.9
1168,2,2,WY,office_admin,26097,1.7482668098527938,1,41,0.75,0.55,0.45
1169,2,0,WI,transportation,33397,1.774212209158577,0,34,0.3,0.4,0.6
1170,3,1,MD,business_financial,260036,0.691691352520138,1,51,0.78,0.4,0.6
1171,3,2,RI,production,18864,0.6348185032838956,1,69,0.35,0.45,0.55
1172,1,0,ME,business_financial,161396,1.3889988786540926,1,32,0.78,0.4,0.6
1173,3,3,OR,arts_media,34260,1.7926378559786826,1,26,0.6,0.35,0.65
1174,4,1,ID,healthcare_support,25370,1.255133449449204,0,25,0.3,0.2,0.8
1175,4,1,PA,community_social,38884,1.7710998579859734,0,38,0.35,0.15,0.85
1176,3,0,OH,arts_media,34913,1.5034291917691007,1,34,0.6,0.35,0.65
1177,1,0,KS,computer_math,126991,1.2186141842976213,1,47,0.85,0.25,0.75
1178,1,1,MT,food_prep,245582,0.9103986186673865,1,68,0.2,0.25,0.75
1179,1,0,MN,office_admin,67911,1.7970213475637138,1,54,0.75,0.55,0.45
1180,3,0,GA,sales,22026,0.6591678956756368,1,51,0.55,0.4,0.6
1181,2,2,AZ,sales,29033,0.878791076131165,1,62,0.55,0.4,0.6
1182,2,0,NC,management,59965,1.9083468280732632,1,28,0.72,0.35,0.65
1183,1,2,NJ,installation,24418,1.4757374187465757,0,62,0.25,0.2,0.8
1184,1,0,MO,personal_care,30118,1.6530853086151183,0,44,0.22,0.15,0.85
1185,3,1,VA,construction,83722,1.5915349837159738,0,24,0.2,0.25,0.75
1186,3,0,RI,production,156875,1.9510690169408917,1,29,0.35,0.45,0.55
1187,1,2,CT,healthcare_practitioners,10761,1.144698055461049,1,51,0.4,0.1,0.9
1188,3,0,WA,transportation,65345,0.9433145713992417,0,43,0.3,0.4,0.6
1189,1,1,AR,transportation,97077,1.809225085307844,1,56,0.3,0.4,0.6
1190,2,1,WA,community_social,79803,1.2755138954380527,0,48,0.35,0.15,0.85
1191,2,1,MS,management,61158,0.887356786406599,1,59,0.72,0.35,0.65
1192,4,2,MO,healthcare_practitioners,26914,1.5030370182357728,0,59,0.4,0.1,0.9
1193,2,1,KY,farming,57343,0.9689853739691898,1,54,0.15,0.2,0.8
1194,2,1,WV,installation,165146,1.1261332117719576,1,33,0.25,0.2,0.8
1195,2,0,HI,office_admin,120465,1.2263772878795862,1,62,0.75,0.55,0.45
1196,2,0,OK,office_admin,16681,1.7964655592804775,0,72,0.75,0.55,0.45
1197,4,2,OR,office_admin,424067,1.6079289846820757,1,54,0.75,0.55,0.45
1198,2,2,FL,transportation,22978,1.8965630572056398,1,23,0.3,0.4,0.6
1199,1,2,SD,production,110055,0.6297939015785232,0,43,0.35,0.45,0.55
1200,3,1,OR,business_financial,34484,1.5538127939216793,1,38,0.78,0.4,0.6
1201,1,1,IN,community_social,96143,1.9219280551187694,0,54,0.35,0.15,0.85
1202,2,1,TN,transportation,79480,1.4068651497364044,1,57,0.3,0.4,0.6
1203,2,0,MS,sales,71478,0.6747616096399724,1,49,0.55,0.4,0.6
1204,2,1,WA,management,66288,1.175674932776019,1,47,0.72,0.35,0.65
1205,3,0,NC,transportation,94926,1.037033567437902,0,38,0.3,0.4,0.6
1206,3,1,UT,architecture_engineering,119354,0.7621080469107255,1,35,0.68,0.3,0.7
1207,4,1,RI,healthcare_practitioners,188933,1.6778059435309842,0,72,0.4,0.1,0.9
1208,2,2,ME,management,83540,1.9029692529002205,1,60,0.72,0.35,0.65
1209,1,2,NC,education,142822,0.9107388034462929,0,63,0.45,0.2,0.8
1210,3,1,KY,office_admin,9864,1.332357073086314,1,32,0.75,0.55,0.45
1211,1,0,MO,office_admin,34798,1.2891420705709606,0,30,0.75,0.55,0.45
1212,2,1,OK,architecture_engineering,7094,1.6224812499713153,0,24,0.68,0.3,0.7
1213,1,0,NJ,education,204163,0.805755426408723,1,31,0.45,0.2,0.8
1214,1,0,SD,food_prep,135140,1.9048422205960378,1,35,0.2,0.25,0.75
1215,2,0,SD,sales,57078,1.3087660029996186,1,29,0.55,0.4,0.6
1216,1,1,MN,food_prep,73837,1.4601926956092939,1,59,0.2,0.25,0.75
1217,3,2,MN,transportation,33820,0.6578326983144507,1,70,0.3,0.4,0.6
1218,1,1,NY,production,152535,0.7443108549341559,1,44,0.35,0.45,0.55
1219,2,0,SD,office_admin,97520,0.9779845679877326,1,46,0.75,0.55,0.45
1220,2,2,OH,office_admin,245545,1.815709181013517,1,42,0.75,0.55,0.45
1221,1,2,ME,management,61204,1.2448687630239874,1,25,0.72,0.35,0.65
1222,2,0,ME,installation,47111,1.299927786923945,1,51,0.25,0.2,0.8
1223,3,0,MS,sales,21988,1.4494205481605604,0,39,0.55,0.4,0.6
1224,3,0,IL,construction,62211,1.2510620136745274,1,40,0.2,0.25,0.75
1225,2,0,CO,sales,32312,1.1513295326149091,0,74,0.55,0.4,0.6
1226,3,0,NE,education,67132,0.9313377366634086,1,72,0.45,0.2,0.8
1227,2,0,TX,construction,251207,1.7688477670308203,0,46,0.2,0.25,0.75
1228,3,1,FL,healthcare_practitioners,56101,1.4755487798247486,1,25,0.4,0.1,0.9
1229,1,3,HI,office_admin,21407,1.542140972102061,1,26,0.75,0.55,0.45
1230,2,0,KY,architecture_engineering,21408,1.2040944205364212,1,24,0.68,0.3,0.7
1231,2,1,AR,personal_care,11562,0.8378977333195508,0,55,0.22,0.15,0.85
1232,1,1,NC,sales,90602,1.2068760762922466,1,26,0.55,0.4,0.6
1233,2,2,NC,arts_media,52350,1.1702379365451634,1,50,0.6,0.35,0.65
1234,4,2,AZ,business_financial,39873,1.1500958177493885,1,54,0.78,0.4,0.6
1235,2,1,NM,production,460125,1.9950011185137555,1,68,0.35,0.45,0.55
1236,2,0,IN,computer_math,73267,0.6457387582631782,1,53,0.85,0.25,0.75
1237,1,0,RI,arts_media,156300,1.4527095461962745,0,42,0.6,0.35,0.65
1238,3,1,NV,arts_media,151212,1.9725245848530903,1,73,0.6,0.35,0.65
1239,3,1,TX,construction,112182,1.4025569461518899,1,42,0.2,0.25,0.75
1240,1,0,MS,healthcare_support,31232,0.901701458147727,0,49,0.3,0.2,0.8
1241,3,1,NJ,building_grounds,54963,1.1525607800576836,1,59,0.18,0.3,0.7
1242,4,1,KY,community_social,53608,1.542611633776687,1,26,0.35,0.15,0.85
1243,2,3,LA,business_financial,5492,0.6913487233687192,1,37,0.78,0.4,0.6
1244,3,0,GA,sales,30748,1.0599413482705131,1,67,0.55,0.4,0.6
1245,1,2,AL,production,28337,1.6513991452520713,0,66,0.35,0.45,0.55
1246,2,1,NH,healthcare_practitioners,35448,1.1064002339262515,1,73,0.4,0.1,0.9
1247,3,2,KS,business_financial,19626,1.568810427444987,1,66,0.78,0.4,0.6
1248,2,0,MA,production,27696,1.1560387725476176,1,55,0.35,0.45,0.55
1249,1,3,TN,production,124186,1.8822121992707253,0,66,0.35,0.45,0.55
1250,4,1,TX,food_prep,25964,1.5776744182221591,1,62,0.2,0.25,0.75
1251,2,0,ME,management,45911,1.326329363277182,1,46,0.72,0.35,0.65
1252,4,0,SC,transportation,139311,1.846609853906557,1,67,0.3,0.4,0.6
1253,1,0,MD,installation,49175,1.8345041505526751,1,27,0.25,0.2,0.8
1254,1,2,AL,management,20006,1.8570106683764607,1,27,0.72,0.35,0.65
1255,3,1,DE,education,42409,1.2653556040022522,1,56,0.45,0.2,0.8
1256,4,3,WI,sales,67515,1.8563704086700454,1,30,0.55,0.4,0.6
1257,1,0,HI,sales,64791,1.4579788037808612,1,49,0.55,0.4,0.6
1258,2,2,ID,healthcare_practitioners,120497,1.5700068623991683,1,63,0.4,0.1,0.9
1259,3,0,MT,transportation,146785,1.6536328655201942,1,50,0.3,0.4,0.6
1260,1,0,MT,business_financial,63018,1.3788883287925273,1,33,0.78,0.4,0.6
1261,1,0,ME,production,98258,0.8961411459604278,0,26,0.35,0.45,0.55
1262,2,2,WI,production,99577,0.7279010736383498,1,59,0.35,0.45,0.55
1263,4,0,OR,sales,127349,0.5296180234290659,0,61,0.55,0.4,0.6
1264,2,2,NJ,food_prep,133827,1.2955245049670339,1,41,0.2,0.25,0.75
1265,1,1,MI,office_admin,81153,1.641689571319148,1,32,0.75,0.55,0.45
1266,3,1,IL,production,62002,0.554586878977716,1,58,0.35,0.45,0.55
1267,2,1,MN,legal,135469,1.2143888850696385,0,75,0.8,0.45,0.55
1268,2,1,OR,food_prep,24403,0.594592793378979,0,50,0.2,0.25,0.75
1269,2,1,CA,office_admin,173854,1.1806983253918588,0,46,0.75,0.55,0.45
1270,2,0,MT,transportation,23437,0.6032504636095837,1,70,0.3,0.4,0.6
1271,1,0,GA,food_prep,44376,1.9590248931199312,1,34,0.2,0.25,0.75
1272,3,1,UT,construction,36494,1.9995604942087084,1,37,0.2,0.25,0.75
1273,1,0,WI,installation,36920,1.851990895345807,1,55,0.25,0.2,0.8
1274,2,0,AL,office_admin,229147,1.3517069811932743,1,60,0.75,0.55,0.45
1275,2,0,NE,sales,14447,0.7451681703096256,0,57,0.55,0.4,0.6
1276,2,1,MS,office_admin,48592,0.8454515393823385,1,39,0.75,0.55,0.45
1277,1,0,NC,sales,124234,1.5995193650014699,1,34,0.55,0.4,0.6
1278,4,1,AL,office_admin,35179,0.5676220927853137,0,32,0.75,0.55,0.45
1279,2,3,WI,sales,8387,1.9218634868739173,1,56,0.55,0.4,0.6
1280,1,0,IL,business_financial,87251,1.3761042761616409,0,26,0.78,0.4,0.6
1281,1,1,WI,management,29518,1.214199137990363,1,58,0.72,0.35,0.65
1282,3,2,RI,management,60989,1.0734612536616623,1,58,0.72,0.35,0.65
1283,4,0,AL,food_prep,147841,1.4707602435955778,0,73,0.2,0.25,0.75
1284,1,1,MI,healthcare_practitioners,36570,1.9939320385456085,1,62,0.4,0.1,0.9
1285,1,1,NY,construction,20052,1.8262476462405175,1,37,0.2,0.25,0.75
1286,4,0,AK,management,74146,1.0881698875455186,1,25,0.72,0.35,0.65
1287,1,1,UT,computer_math,382980,1.8115718173794448,0,41,0.85,0.25,0.75
1288,4,0,MN,production,137803,0.695171803701669,0,42,0.35,0.45,0.55
1289,2,3,MS,farming,46620,1.8375132034998387,0,46,0.15,0.2,0.8
1290,1,1,OR,construction,258048,0.6174364414764568,1,68,0.2,0.25,0.75
1291,1,0,MA,business_financial,99493,1.1259164348011836,1,45,0.78,0.4,0.6
1292,2,1,IA,sales,14835,1.7810656059300527,1,31,0.55,0.4,0.6
1293,1,1,IL,healthcare_practitioners,45068,0.5780750699341297,1,37,0.4,0.1,0.9
1294,3,2,MD,management,46227,0.5165762703400105,1,44,0.72,0.35,0.65
1295,3,0,PA,production,22819,1.040470493491739,0,33,0.35,0.45,0.55
1296,2,0,IL,business_financial,17050,0.6833003350766376,0,50,0.78,0.4,0.6
1297,3,1,WV,building_grounds,55582,1.264979905099608,1,64,0.18,0.3,0.7
1298,3,0,OH,production,46529,1.2319333099294454,1,23,0.35,0.45,0.55
1299,2,1,RI,office_admin,20125,1.379013767465949,0,67,0.75,0.55,0.45
1300,3,0,UT,production,98472,1.8279223239514977,1,70,0.35,0.45,0.55
1301,2,0,WY,building_grounds,42895,0.6578878089785576,0,55,0.18,0.3,0.7
1302,1,0,MO,healthcare_practitioners,132150,1.9200002736179158,1,47,0.4,0.1,0.9
1303,1,0,WI,sales,96286,1.527202233322896,0,47,0.55,0.4,0.6
1304,2,0,MD,office_admin,29194,1.6745405897963792,0,59,0.75,0.55,0.45
1305,1,0,IA,education,181066,1.7476771405199543,1,41,0.45,0.2,0.8
1306,2,0,ID,food_prep,59562,0.6212206399068236,1,58,0.2,0.25,0.75
1307,3,0,SC,farming,25767,0.819914736202918,1,45,0.15,0.2,0.8
1308,4,1,KS,computer_math,22258,0.9027645991882309,1,45,0.85,0.25,0.75
1309,3,0,FL,installation,149203,1.8448822025675327,1,38,0.25,0.2,0.8
1310,1,1,GA,business_financial,95814,1.4251533899223432,1,62,0.78,0.4,0.6
1311,2,1,CA,architecture_engineering,92340,1.429029555991292,1,52,0.68,0.3,0.7
1312,2,1,SC,sales,78936,1.2042685308260843,0,53,0.55,0.4,0.6
1313,2,1,OK,legal,94123,1.8194846130209044,1,36,0.8,0.45,0.55
1314,2,1,NC,legal,26472,1.0276735813822597,0,61,0.8,0.45,0.55
1315,2,2,AK,food_prep,120150,1.545704780262895,1,56,0.2,0.25,0.75
1316,1,0,IN,construction,5000,1.1028327785898,1,67,0.2,0.25,0.75
1317,2,0,MN,office_admin,92571,0.9871272940654308,1,74,0.75,0.55,0.45
1318,2,0,TX,education,192024,1.7569694807752967,0,63,0.45,0.2,0.8
1319,1,1,ND,computer_math,91411,1.6554206367582083,1,55,0.85,0.25,0.75
1320,4,0,LA,installation,13488,1.149440972483717,0,37,0.25,0.2,0.8
1321,3,1,IL,production,17524,1.5650440807221457,1,26,0.35,0.45,0.55
1322,3,1,VT,business_financial,116755,1.549025181797333,1,37,0.78,0.4,0.6
1323,3,0,MD,production,16243,1.4257189937634394,0,46,0.35,0.45,0.55
1324,1,1,ND,sales,73662,1.552178152720444,1,25,0.55,0.4,0.6
1325,1,0,TN,sales,9071,1.243978209211491,0,28,0.55,0.4,0.6
1326,3,1,TX,education,118323,1.3506226754980162,1,62,0.45,0.2,0.8
1327,1,0,LA,sales,40375,1.2022299279924482,1,33,0.55,0.4,0.6
1328,4,0,NJ,sales,47611,1.1545542002422735,1,52,0.55,0.4,0.6
1329,3,1,OR,personal_care,40597,1.1743941098684445,1,73,0.22,0.15,0.85
1330,1,2,IN,office_admin,21817,1.6054434919496998,1,66,0.75,0.55,0.45
1331,2,0,HI,office_admin,49819,0.8265291980933398,0,54,0.75,0.55,0.45
1332,2,0,MN,healthcare_practitioners,13992,1.4496778205502778,1,75,0.4,0.1,0.9
1333,2,0,AZ,management,36054,1.315863940748386,1,28,0.72,0.35,0.65
1334,1,0,ID,healthcare_practitioners,25996,1.5103676823200658,1,29,0.4,0.1,0.9
1335,2,0,MO,transportation,500000,1.485890420852229,1,68,0.3,0.4,0.6
1336,2,0,VA,education,500000,1.6594637273810804,0,29,0.45,0.2,0.8
1337,3,0,VA,business_financial,247313,0.8526222037617117,1,39,0.78,0.4,0.6
1338,2,2,CT,healthcare_practitioners,53868,1.367767988704145,1,33,0.4,0.1,0.9
1339,4,0,WA,education,54156,1.6699014955665916,1,62,0.45,0.2,0.8
1340,3,0,ID,education,124243,0.6583257676102221,1,72,0.45,0.2,0.8
1341,2,3,FL,management,315416,1.6395425936207175,1,56,0.72,0.35,0.65
1342,2,0,IL,healthcare_support,40403,1.6391920351888984,0,54,0.3,0.2,0.8
1343,4,0,SD,office_admin,28727,0.523921265034005,1,25,0.75,0.55,0.45
1344,2,0,IN,community_social,59940,1.4972912749508396,0,65,0.35,0.15,0.85
1345,2,1,IN,office_admin,433804,1.915849266690202,1,47,0.75,0.55,0.45
1346,1,1,MN,business_financial,19689,1.642048951354809,1,45,0.78,0.4,0.6
1347,3,1,WY,management,110100,1.774915676098317,1,56,0.72,0.35,0.65
1348,3,0,AZ,computer_math,93333,0.7863747846568003,0,64,0.85,0.25,0.75
1349,1,1,RI,production,107398,0.9576744482619688,1,74,0.35,0.45,0.55
1350,2,0,IL,production,131320,1.8548026665812358,1,46,0.35,0.45,0.55
1351,1,1,NM,computer_math,64343,1.6047922526486218,1,51,0.85,0.25,0.75
1352,4,1,MD,protective_service,17041,1.9563301297603175,1,61,0.25,0.15,0.85
1353,2,1,TN,building_grounds,35027,1.15954818460159,0,73,0.18,0.3,0.7
1354,2,2,CT,building_grounds,148597,1.4105142441112548,1,73,0.18,0.3,0.7
1355,2,2,GA,transportation,136164,0.9940590389305726,0,38,0.3,0.4,0.6
1356,2,0,AZ,sales,21061,1.7735063505824655,1,46,0.55,0.4,0.6
1357,2,3,MS,architecture_engineering,74176,0.5390392480185255,1,36,0.68,0.3,0.7
1358,1,1,MD,healthcare_practitioners,23417,1.6014718661317602,1,46,0.4,0.1,0.9
1359,3,0,CA,business_financial,47119,1.7583809174830094,1,26,0.78,0.4,0.6
1360,1,0,ND,personal_care,23665,1.7914922226918861,1,72,0.22,0.15,0.85
1361,2,1,IL,office_admin,351342,1.5155967409955338,1,26,0.75,0.55,0.45
1362,2,0,WA,business_financial,50953,0.8419915837002918,0,70,0.78,0.4,0.6
1363,1,0,OK,office_admin,34653,1.0596818934427574,0,39,0.75,0.55,0.45
1364,1,1,NM,food_prep,71801,0.7861261075595394,0,26,0.2,0.25,0.75
1365,3,2,TX,management,153713,0.9262303898576647,0,43,0.72,0.35,0.65
1366,2,2,WY,farming,54505,1.5832466767169535,1,36,0.15,0.2,0.8
1367,3,0,NV,healthcare_practitioners,45375,1.323216852848418,1,43,0.4,0.1,0.9
1368,1,0,NM,management,52283,0.7728525655111298,1,39,0.72,0.35,0.65
1369,1,1,MI,protective_service,56419,0.9278679937124252,1,32,0.25,0.15,0.85
1370,3,0,AR,transportation,160905,1.9642430787207559,1,40,0.3,0.4,0.6
1371,2,3,MN,transportation,41949,1.9282713896827772,1,28,0.3,0.4,0.6
1372,3,1,CA,education,28545,0.5451308691408485,0,40,0.45,0.2,0.8
1373,4,1,TX,construction,75084,0.874792825547047,1,68,0.2,0.25,0.75
1374,3,2,OK,healthcare_practitioners,62732,1.2903234271798283,1,74,0.4,0.1,0.9
1375,2,2,RI,education,5741,1.3117367869708687,1,75,0.45,0.2,0.8
1376,1,3,WA,business_financial,42316,1.3480880805291235,0,27,0.78,0.4,0.6
1377,3,0,MD,construction,61695,1.1906068420503289,1,38,0.2,0.25,0.75
1378,2,2,IN,healthcare_practitioners,86559,1.311034229467623,1,52,0.4,0.1,0.9
1379,2,0,IA,transportation,286925,1.572374073206447,0,55,0.3,0.4,0.6
1380,2,0,LA,healthcare_practitioners,37384,1.4620694428449497,1,27,0.4,0.1,0.9
1381,3,0,AR,building_grounds,27835,0.8571481744293123,1,36,0.18,0.3,0.7
1382,2,0,ND,installation,94756,1.033020909060724,1,23,0.25,0.2,0.8
1383,4,0,SD,construction,170322,1.7605931235011667,1,58,0.2,0.25,0.75
1384,2,0,KY,food_prep,7289,1.2533855722285807,1,59,0.2,0.25,0.75
1385,2,0,NY,food_prep,27918,1.062582972808741,0,47,0.2,0.25,0.75
1386,3,1,KS,construction,41734,1.7523525828728452,0,45,0.2,0.25,0.75
1387,1,1,ND,education,150580,1.7040901033906266,0,44,0.45,0.2,0.8
1388,3,0,KS,construction,153594,1.3378962642746046,1,34,0.2,0.25,0.75
1389,4,1,SD,transportation,114561,1.4076402665814385,1,57,0.3,0.4,0.6
1390,2,0,WY,office_admin,171051,0.6955105199012905,1,51,0.75,0.55,0.45
1391,1,0,SD,farming,55480,0.8336173255229369,1,30,0.15,0.2,0.8
1392,2,1,IA,installation,46389,1.3152676825411618,1,71,0.25,0.2,0.8
1393,2,2,PA,food_prep,16003,1.401381339179352,1,40,0.2,0.25,0.75
1394,2,2,AL,food_prep,11784,1.217358319903724,1,30,0.2,0.25,0.75
1395,2,3,IL,management,14811,1.0994815396843478,0,68,0.72,0.35,0.65
1396,2,3,DE,transportation,23391,0.5321691475110129,1,32,0.3,0.4,0.6
1397,1,0,MS,food_prep,78526,0.6614938790444285,1,46,0.2,0.25,0.75
1398,2,1,GA,healthcare_practitioners,112039,1.8795416086213663,1,24,0.4,0.1,0.9
1399,2,2,CA,architecture_engineering,93733,1.7974999689031392,1,33,0.68,0.3,0.7
1400,2,1,NV,office_admin,33584,0.6188572271494195,1,60,0.75,0.55,0.45
1401,4,0,HI,sales,41245,1.2721509410766885,1,39,0.55,0.4,0.6
1402,2,1,OH,transportation,252024,1.8199654513737187,1,67,0.3,0.4,0.6
1403,4,0,SC,personal_care,77950,1.5823087295284495,1,42,0.22,0.15,0.85
1404,1,0,NE,sales,20007,1.4689696728019044,0,73,0.55,0.4,0.6
1405,3,1,IA,protective_service,11795,1.5885258497437462,1,43,0.25,0.15,0.85
1406,2,0,MO,office_admin,40674,0.9698949637822807,1,46,0.75,0.55,0.45
1407,3,0,WV,business_financial,42224,1.8118678742321208,1,32,0.78,0.4,0.6
1408,3,1,PA,building_grounds,66672,0.937689351849258,1,58,0.18,0.3,0.7
1409,3,1,KS,farming,37691,1.253886423772201,1,26,0.15,0.2,0.8
1410,2,0,MI,transportation,54379,0.9031156598357484,1,51,0.3,0.4,0.6
1411,3,1,AR,installation,40078,1.7075100026559085,1,69,0.25,0.2,0.8
1412,1,1,UT,office_admin,30688,0.9109893584391102,0,66,0.75,0.55,0.45
1413,1,1,ND,healthcare_support,228818,0.9198138194624335,0,31,0.3,0.2,0.8
1414,2,0,HI,production,76899,1.3654429434100166,1,49,0.35,0.45,0.55
1415,3,1,WY,education,20627,0.7636508996365592,1,56,0.45,0.2,0.8
1416,2,1,NJ,food_prep,12615,1.577556692645885,1,23,0.2,0.25,0.75
1417,3,2,NH,sales,57431,1.755148338736035,0,33,0.55,0.4,0.6
1418,2,0,NH,education,15745,1.020333657041192,1,34,0.45,0.2,0.8
1419,3,1,AZ,sales,25771,0.8575566479703411,1,51,0.55,0.4,0.6
1420,1,0,IA,production,78445,1.5782139997463673,1,27,0.35,0.45,0.55
1421,2,2,MI,business_financial,81499,0.817581916693598,1,52,0.78,0.4,0.6
1422,3,3,AR,education,124890,1.2913995874114335,0,30,0.45,0.2,0.8
1423,4,2,KS,building_grounds,416104,1.4126039810944349,1,35,0.18,0.3,0.7
1424,4,1,SC,installation,215254,1.7487395065836608,1,32,0.25,0.2,0.8
1425,4,0,CT,sales,26525,1.8010489938315004,1,47,0.55,0.4,0.6
1426,1,0,VT,building_grounds,129072,0.5151177063817158,1,27,0.18,0.3,0.7
1427,1,1,IN,office_admin,40774,1.6336561632342637,1,66,0.75,0.55,0.45
1428,1,0,NV,life_physical_social,87119,1.1286252472782508,1,46,0.55,0.25,0.75
1429,4,1,IN,transportation,67122,1.7091824235394597,1,56,0.3,0.4,0.6
1430,2,0,ME,management,8514,1.720606499700807,1,54,0.72,0.35,0.65
1431,2,1,OR,production,158945,0.5909924551378936,0,35,0.35,0.45,0.55
1432,1,0,NC,office_admin,44367,0.9956409157020971,0,41,0.75,0.55,0.45
1433,2,0,TN,management,23940,1.4784653342794627,1,67,0.72,0.35,0.65
1434,1,1,TX,construction,28473,0.7488617334747687,1,32,0.2,0.25,0.75
1435,1,0,FL,construction,95964,1.3297368541825563,1,26,0.2,0.25,0.75
1436,1,3,MT,production,86953,0.6229855177225545,0,32,0.35,0.45,0.55
1437,2,0,MA,sales,35679,1.165587722323835,0,63,0.55,0.4,0.6
1438,2,0,MT,office_admin,68206,0.5265102655394003,1,52,0.75,0.55,0.45
1439,3,0,AR,food_prep,112993,1.8335049672750756,1,38,0.2,0.25,0.75
1440,2,1,NV,food_prep,61753,1.8893793635070324,1,22,0.2,0.25,0.75
1441,1,3,NH,office_admin,84428,1.0429397930856794,0,43,0.75,0.55,0.45
1442,2,2,ID,sales,58873,1.6899301653029397,1,34,0.55,0.4,0.6
1443,2,0,AL,sales,14085,1.200389355653897,1,72,0.55,0.4,0.6
1444,2,2,ND,healthcare_practitioners,24290,1.2496074290247634,1,42,0.4,0.1,0.9
1445,2,3,UT,healthcare_support,106688,1.2980694767320529,1,46,0.3,0.2,0.8
1446,2,2,WI,building_grounds,332569,1.0248963994672522,1,22,0.18,0.3,0.7
1447,1,1,AZ,office_admin,66777,1.421476176707074,0,56,0.75,0.55,0.45
1448,3,0,NJ,architecture_engineering,61972,1.4308923567878082,1,25,0.68,0.3,0.7
1449,1,3,MN,sales,130535,1.9987366819987074,1,68,0.55,0.4,0.6
1450,3,2,VA,architecture_engineering,126521,1.2237458291929215,0,31,0.68,0.3,0.7
1451,2,1,AR,sales,13151,0.8699268129421398,0,28,0.55,0.4,0.6
1452,4,3,MN,food_prep,90899,0.8667021990986541,0,56,0.2,0.25,0.75
1453,4,2,OH,business_financial,71609,1.0345928110182285,0,45,0.78,0.4,0.6
1454,3,1,SC,computer_math,124685,1.1215654007392004,0,41,0.85,0.25,0.75
1455,1,0,TX,education,172929,0.5923257822869346,1,27,0.45,0.2,0.8
1456,2,1,CT,healthcare_practitioners,61912,1.3648321380605921,1,41,0.4,0.1,0.9
1457,4,1,GA,construction,149031,1.8275803828146309,0,58,0.2,0.25,0.75
1458,2,1,GA,sales,69061,1.2808295733993873,0,66,0.55,0.4,0.6
1459,1,1,MO,healthcare_practitioners,103176,0.731566508882679,1,57,0.4,0.1,0.9
1460,3,0,SD,installation,27195,0.7741578534478322,0,75,0.25,0.2,0.8
1461,2,1,MT,healthcare_practitioners,16445,0.684127077111043,1,64,0.4,0.1,0.9
1462,2,1,NM,office_admin,140544,1.4085778020089492,1,39,0.75,0.55,0.45
1463,3,0,RI,personal_care,25946,1.9086095214588568,1,57,0.22,0.15,0.85
1464,2,0,MI,food_prep,57572,0.8161440092371777,1,32,0.2,0.25,0.75
1465,3,1,IN,food_prep,8836,1.7283853144617751,1,46,0.2,0.25,0.75
1466,3,0,NH,food_prep,78897,1.4568225286202505,1,73,0.2,0.25,0.75
1467,3,0,VA,healthcare_practitioners,24650,0.8081385984551162,0,62,0.4,0.1,0.9
1468,1,1,CO,business_financial,70703,0.987605816219002,1,33,0.78,0.4,0.6
1469,2,2,NE,food_prep,66540,1.5980137338628992,1,75,0.2,0.25,0.75
1470,2,0,KY,life_physical_social,142152,1.847956991638057,1,48,0.55,0.25,0.75
1471,2,0,CA,food_prep,69737,1.1191499793203548,1,74,0.2,0.25,0.75
1472,3,1,SD,life_physical_social,292969,1.1882198485545814,1,54,0.55,0.25,0.75
1473,1,2,NH,personal_care,52233,1.405988386250101,1,67,0.22,0.15,0.85
1474,1,2,OR,food_prep,39729,1.0070717895869166,0,63,0.2,0.25,0.75
1475,1,1,VT,architecture_engineering,28669,1.680617624311708,0,40,0.68,0.3,0.7
1476,1,1,OH,business_financial,32103,1.9301215659361333,1,60,0.78,0.4,0.6
1477,1,0,MN,transportation,77115,0.6884357008384541,1,73,0.3,0.4,0.6
1478,2,0,ID,installation,105303,1.143905212637037,1,53,0.25,0.2,0.8
1479,2,0,TN,food_prep,23256,1.8283498212695122,1,70,0.2,0.25,0.75
1480,3,2,LA,food_prep,152207,1.1799389665247872,1,38,0.2,0.25,0.75
1481,1,3,VT,production,35055,1.194393455167301,1,33,0.35,0.45,0.55
1482,2,0,IA,office_admin,65308,1.5044755092822015,0,42,0.75,0.55,0.45
1483,3,2,CT,office_admin,32416,1.5188685309840366,0,40,0.75,0.55,0.45
1484,3,0,MT,transportation,339587,1.582246502279304,0,48,0.3,0.4,0.6
1485,3,0,WA,management,81663,0.7888643537880853,1,48,0.72,0.35,0.65
1486,1,1,IN,installation,38780,1.706189984921366,0,35,0.25,0.2,0.8
1487,3,2,OR,education,90138,1.479378187446855,1,31,0.45,0.2,0.8
1488,4,1,NC,business_financial,18634,0.5194785085041076,0,66,0.78,0.4,0.6
1489,2,0,NH,healthcare_support,95133,0.9257742658955976,1,35,0.3,0.2,0.8
1490,1,1,SD,office_admin,173902,1.0066033634357154,1,68,0.75,0.55,0.45
1491,2,0,GA,food_prep,109750,1.0901490588439628,1,61,0.2,0.25,0.75
1492,3,0,AR,business_financial,24220,0.6253692922182381,1,24,0.78,0.4,0.6
1493,3,0,MS,construction,248718,0.5637813357170671,1,22,0.2,0.25,0.75
1494,1,0,IA,production,61439,0.6900393834803253,1,52,0.35,0.45,0.55
1495,4,2,VA,sales,29553,1.6581087096128613,0,26,0.55,0.4,0.6
1496,2,1,ND,transportation,112988,1.6746799333486706,1,25,0.3,0.4,0.6
1497,1,0,OK,sales,80083,1.4326448974898085,1,36,0.55,0.4,0.6
1498,1,0,KY,office_admin,61112,1.694485055631958,1,42,0.75,0.55,0.45
1499,1,1,KY,office_admin,196474,1.6956630049971864,1,57,0.75,0.55,0.45
1500,1,3,WI,sales,11475,1.0271508059231564,1,43,0.55,0.4,0.6
1501,1,1,OR,office_admin,77931,1.2764852644177154,1,60,0.75,0.55,0.45
1502,1,0,NH,transportation,48596,1.5018135167192668,1,66,0.3,0.4,0.6
1503,2,0,MS,food_prep,118195,1.0683009234489873,0,43,0.2,0.25,0.75
1504,4,0,TX,management,39749,1.3184897667961195,1,68,0.72,0.35,0.65
1505,2,0,KY,office_admin,17784,1.3029552605003119,1,64,0.75,0.55,0.45
1506,2,0,NH,healthcare_practitioners,149046,1.5755409828852862,0,45,0.4,0.1,0.9
1507,1,0,RI,transportation,25903,1.6657392939087003,0,56,0.3,0.4,0.6
1508,1,1,CT,transportation,25012,0.8740739470813423,1,28,0.3,0.4,0.6
1509,3,0,NC,management,111992,1.550890169921331,1,56,0.72,0.35,0.65
1510,2,0,FL,healthcare_practitioners,305958,0.562662256648764,0,45,0.4,0.1,0.9
1511,2,1,CO,management,51452,0.9017900723265484,1,70,0.72,0.35,0.65
1512,2,1,NJ,architecture_engineering,464310,1.872014801367186,1,57,0.68,0.3,0.7
1513,2,1,MO,construction,50587,0.9108756795758381,1,65,0.2,0.25,0.75
1514,3,1,AR,management,59941,1.0152182531310245,0,51,0.72,0.35,0.65
1515,2,1,AZ,management,218035,0.5188729090150446,0,47,0.72,0.35,0.65
1516,2,1,UT,computer_math,54290,0.8348139612935483,1,52,0.85,0.25,0.75
1517,2,1,ND,business_financial,64647,1.7887110516894609,0,66,0.78,0.4,0.6
1518,3,2,AL,production,108677,1.9529210997279733,1,45,0.35,0.45,0.55
1519,1,2,WA,sales,54430,0.9510278417728841,1,56,0.55,0.4,0.6
1520,1,2,WV,installation,61440,1.4404775663278997,1,55,0.25,0.2,0.8
1521,2,1,WA,sales,255825,0.9617909070802853,1,55,0.55,0.4,0.6
1522,3,2,WV,business_financial,26802,1.050107115530409,0,34,0.78,0.4,0.6
1523,3,3,HI,construction,65803,1.2985230445628986,1,60,0.2,0.25,0.75
1524,4,0,NY,life_physical_social,48063,1.4022928547346964,1,44,0.55,0.25,0.75
1525,2,3,ND,construction,120371,0.5076594623969868,1,71,0.2,0.25,0.75
1526,2,3,MS,transportation,145822,0.8587831599870697,1,32,0.3,0.4,0.6
1527,1,0,OH,healthcare_practitioners,50089,0.5322813920211047,1,22,0.4,0.1,0.9
1528,3,0,IL,food_prep,177210,1.2755906691309065,1,55,0.2,0.25,0.75
1529,1,0,NJ,business_financial,51184,1.2407387751154602,1,67,0.78,0.4,0.6
1530,3,0,MN,arts_media,149726,1.5876604182412848,0,41,0.6,0.35,0.65
1531,2,1,WY,office_admin,89886,0.9482299677329138,1,39,0.75,0.55,0.45
1532,2,3,IA,legal,66204,0.6101939082145691,1,42,0.8,0.45,0.55
1533,2,0,NV,production,51095,0.5537280964199454,1,46,0.35,0.45,0.55
1534,1,1,MT,office_admin,135145,1.067850073100999,1,57,0.75,0.55,0.45
1535,1,3,AL,education,21153,1.0529806261183694,0,60,0.45,0.2,0.8
1536,2,2,NE,office_admin,500000,1.6975965371821076,1,57,0.75,0.55,0.45
1537,2,1,TX,community_social,144983,0.5722018172964454,1,70,0.35,0.15,0.85
1538,3,0,AZ,healthcare_practitioners,24864,0.6183356237597764,1,70,0.4,0.1,0.9
1539,1,3,MT,food_prep,234767,0.6301879854872823,1,46,0.2,0.25,0.75
1540,2,3,ID,education,28952,1.5256514757638797,1,56,0.45,0.2,0.8
1541,1,0,WV,legal,91710,1.0957633920479566,1,40,0.8,0.45,0.55
1542,1,3,HI,food_prep,105871,0.7422189697390422,1,52,0.2,0.25,0.75
1543,1,0,MD,production,16733,1.174797558109276,0,30,0.35,0.45,0.55
1544,2,0,ID,office_admin,22479,1.663604891858995,1,46,0.75,0.55,0.45
1545,3,2,WY,construction,78402,1.5665114379953593,1,62,0.2,0.25,0.75
1546,4,3,AK,computer_math,241032,1.4374929256737232,1,27,0.85,0.25,0.75
1547,3,0,OK,construction,274896,0.7145535357994959,0,59,0.2,0.25,0.75
1548,3,2,OK,food_prep,27509,0.5007155330386013,1,57,0.2,0.25,0.75
1549,2,0,WA,office_admin,61364,1.3578929078066722,1,69,0.75,0.55,0.45
1550,1,0,NY,management,101563,1.352638739044778,1,31,0.72,0.35,0.65
1551,3,0,WI,education,42195,1.6974912147270516,1,64,0.45,0.2,0.8
1552,1,1,RI,education,91432,0.7135119816521183,1,32,0.45,0.2,0.8
1553,3,0,CA,building_grounds,264911,0.7398005280410871,1,34,0.18,0.3,0.7
1554,3,2,MO,personal_care,96203,1.818152594845742,1,70,0.22,0.15,0.85
1555,3,1,DE,education,103291,1.7934947721660137,1,24,0.45,0.2,0.8
1556,1,0,TX,office_admin,144563,0.9005786721827462,1,33,0.75,0.55,0.45
1557,1,0,KS,transportation,19707,0.5063874628394842,1,34,0.3,0.4,0.6
1558,3,1,NY,sales,96830,1.076726287836209,1,74,0.55,0.4,0.6
1559,3,0,OR,education,38121,1.833480417728424,0,50,0.45,0.2,0.8
1560,3,1,MD,construction,18087,0.9045238649705425,0,55,0.2,0.25,0.75
1561,3,3,WA,office_admin,52563,0.930159252951853,1,45,0.75,0.55,0.45
1562,2,0,NH,production,28923,1.68762267800048,0,67,0.35,0.45,0.55
1563,4,3,AK,production,500000,0.6559103364124894,0,75,0.35,0.45,0.55
1564,2,0,AL,protective_service,88027,0.7163414397509769,0,48,0.25,0.15,0.85
1565,1,3,CA,protective_service,98905,0.5278621889883652,1,35,0.25,0.15,0.85
1566,3,1,AK,installation,113798,1.0266110127558932,1,27,0.25,0.2,0.8
1567,2,0,NC,food_prep,269433,1.7572892929892987,1,45,0.2,0.25,0.75
1568,2,3,LA,construction,45937,1.4715301734395325,1,68,0.2,0.25,0.75
1569,1,2,MA,healthcare_practitioners,97271,1.6564719006419182,1,39,0.4,0.1,0.9
1570,2,0,VA,healthcare_practitioners,48002,1.5528594558127224,1,22,0.4,0.1,0.9
1571,1,3,WY,food_prep,76669,0.7853298655245453,1,70,0.2,0.25,0.75
1572,2,0,UT,architecture_engineering,184995,1.2426189285470173,1,23,0.68,0.3,0.7
1573,4,2,DE,transportation,113623,1.3759523866465315,0,42,0.3,0.4,0.6
1574,3,1,WV,construction,228839,1.8713326010620221,0,46,0.2,0.25,0.75
1575,1,3,IN,business_financial,48823,0.9994012959068641,1,53,0.78,0.4,0.6
1576,2,0,AK,transportation,44422,1.039601951953955,1,62,0.3,0.4,0.6
1577,2,0,CA,management,43808,1.4368356772465631,1,75,0.72,0.35,0.65
1578,1,0,LA,sales,47425,1.0126780349528417,1,47,0.55,0.4,0.6
1579,2,0,MD,community_social,83010,0.6999315421562642,1,63,0.35,0.15,0.85
1580,2,0,VT,computer_math,81414,0.9296811869135126,1,54,0.85,0.25,0.75
1581,3,0,WY,food_prep,27781,1.3859405278926715,0,38,0.2,0.25,0.75
1582,2,0,AZ,education,62491,0.6105106072500348,0,64,0.45,0.2,0.8
1583,4,2,ME,education,89249,1.7075583540135995,1,73,0.45,0.2,0.8
1584,2,3,MA,sales,108390,1.8977534592850134,1,25,0.55,0.4,0.6
1585,1,1,NJ,education,188545,1.2376254125265405,1,30,0.45,0.2,0.8
1586,2,0,MT,legal,72063,1.79427429754287,1,22,0.8,0.45,0.55
1587,2,1,WI,construction,41419,1.9336930693825707,1,35,0.2,0.25,0.75
1588,1,0,MD,arts_media,114457,1.4202277589356527,1,34,0.6,0.35,0.65
1589,2,0,AK,installation,73031,1.7748590252595022,1,51,0.25,0.2,0.8
1590,2,0,HI,construction,28542,1.8217195682227612,1,23,0.2,0.25,0.75
1591,1,1,TN,healthcare_practitioners,71711,0.8234810285503045,0,63,0.4,0.1,0.9
1592,2,0,IA,transportation,243232,0.84870871307794,1,53,0.3,0.4,0.6
1593,4,0,SC,sales,20062,1.5176099623786286,1,29,0.55,0.4,0.6
1594,2,0,VA,building_grounds,307174,1.3804712295532227,1,55,0.18,0.3,0.7
1595,3,1,NE,personal_care,73207,0.5332041312940419,1,72,0.22,0.15,0.85
1596,1,1,DE,sales,26580,0.5800013681873679,1,33,0.55,0.4,0.6
1597,2,0,OR,office_admin,18250,1.058325068326667,1,65,0.75,0.55,0.45
1598,3,2,NY,construction,52960,1.5510900975205004,1,47,0.2,0.25,0.75
1599,3,1,MD,healthcare_practitioners,165749,0.993992765666917,0,36,0.4,0.1,0.9
1600,4,1,ID,building_grounds,46804,1.4275207557948306,0,70,0.18,0.3,0.7
1601,3,0,NM,business_financial,17384,1.5642045381246135,1,23,0.78,0.4,0.6
1602,2,0,WA,management,500000,1.7169810377527028,1,41,0.72,0.35,0.65
1603,3,1,SD,management,42251,1.539265837520361,1,28,0.72,0.35,0.65
1604,1,2,NJ,office_admin,220393,0.557461597956717,1,68,0.75,0.55,0.45
1605,2,3,IN,office_admin,43714,1.7233119768789038,1,42,0.75,0.55,0.45
1606,2,1,NM,production,25160,1.3733848134288564,1,54,0.35,0.45,0.55
1607,2,1,NM,office_admin,31492,0.9052041901741177,1,27,0.75,0.55,0.45
1608,2,3,NC,office_admin,117885,0.6578268997836858,1,52,0.75,0.55,0.45
1609,3,1,IN,management,140304,1.6733944413717836,1,63,0.72,0.35,0.65
1610,3,2,SC,education,315470,1.2325595858274028,1,43,0.45,0.2,0.8
1611,2,0,OH,business_financial,34220,1.5133829480037093,0,67,0.78,0.4,0.6
1612,1,1,OH,arts_media,48352,0.7797147800447419,1,32,0.6,0.35,0.65
1613,1,0,MN,food_prep,12651,0.5971319044474512,0,42,0.2,0.25,0.75
1614,1,0,OR,management,87799,0.5989890327909961,1,66,0.72,0.35,0.65
1615,2,2,FL,healthcare_support,49145,1.2434315582504496,0,58,0.3,0.2,0.8
1616,2,2,MA,production,174193,1.332362698041834,1,33,0.35,0.45,0.55
1617,1,0,SD,construction,79009,0.663653856725432,1,25,0.2,0.25,0.75
1618,2,0,AL,transportation,16554,1.8225069631589577,1,75,0.3,0.4,0.6
1619,1,2,NE,education,67628,1.9648047116352245,1,68,0.45,0.2,0.8
1620,3,1,VT,sales,23910,1.0175348543561995,0,56,0.55,0.4,0.6
1621,1,0,SD,building_grounds,41699,1.0200621839612722,0,31,0.18,0.3,0.7
1622,2,0,FL,transportation,26849,1.5659216506173834,1,26,0.3,0.4,0.6
1623,2,1,NM,office_admin,37251,0.5616830006474629,1,69,0.75,0.55,0.45
1624,2,1,SC,transportation,55263,1.5479725272161886,1,62,0.3,0.4,0.6
1625,3,0,MD,installation,121270,0.7188400547020137,0,39,0.25,0.2,0.8
1626,4,0,TX,production,184026,0.7637748596025631,1,42,0.35,0.45,0.55
1627,3,0,CO,healthcare_practitioners,20013,0.7184071308001876,1,45,0.4,0.1,0.9
1628,3,2,PA,management,62924,1.318089395062998,1,61,0.72,0.35,0.65
1629,3,0,SD,business_financial,51220,0.5749212859664112,0,41,0.78,0.4,0.6
1630,4,2,GA,healthcare_practitioners,33408,1.3318095647264272,0,29,0.4,0.1,0.9
1631,1,0,NV,construction,97493,0.5834260294213891,0,47,0.2,0.25,0.75
1632,2,0,PA,installation,114002,0.7176489083794877,1,42,0.25,0.2,0.8
1633,2,1,AK,office_admin,27003,1.8129879262996837,0,70,0.75,0.55,0.45
1634,2,1,SD,management,14555,1.5103414319455624,1,43,0.72,0.35,0.65
1635,1,2,CA,production,95671,1.9114610211690888,0,38,0.35,0.45,0.55
1636,3,0,AK,healthcare_practitioners,41939,0.5209889917168766,1,25,0.4,0.1,0.9
1637,3,3,HI,sales,9931,1.3913735828828067,1,32,0.55,0.4,0.6
1638,4,0,CO,personal_care,54322,1.6641819279175252,1,53,0.22,0.15,0.85
1639,2,0,NY,sales,19414,1.6246623266488314,1,30,0.55,0.4,0.6
1640,1,1,KS,education,89191,0.8295386062236503,1,57,0.45,0.2,0.8
1641,3,0,NY,protective_service,138628,0.9595412430353463,1,31,0.25,0.15,0.85
1642,3,1,FL,business_financial,24415,1.4282177815912291,0,60,0.78,0.4,0.6
1643,3,1,LA,arts_media,157858,1.036035735043697,1,36,0.6,0.35,0.65
1644,3,3,FL,education,67574,1.1445969138294458,1,66,0.45,0.2,0.8
1645,2,0,HI,healthcare_practitioners,94640,0.8135929780546576,1,29,0.4,0.1,0.9
1646,3,1,FL,management,142586,0.6977933528833091,0,38,0.72,0.35,0.65
1647,3,1,PA,architecture_engineering,94756,0.7222376053687185,1,73,0.68,0.3,0.7
1648,4,1,CA,building_grounds,25042,1.298660677508451,1,22,0.18,0.3,0.7
1649,2,0,TN,food_prep,17426,1.902409741654992,1,41,0.2,0.25,0.75
1650,2,2,IN,construction,45931,0.812248608097434,1,29,0.2,0.25,0.75
1651,2,1,AR,office_admin,216038,1.3554589546984062,0,26,0.75,0.55,0.45
1652,2,1,NC,construction,22986,1.6531443214043975,1,73,0.2,0.25,0.75
1653,2,0,IN,education,37627,1.4025277642067522,1,28,0.45,0.2,0.8
1654,2,2,MS,sales,116650,1.094004996237345,0,68,0.55,0.4,0.6
1655,1,1,IN,healthcare_support,21531,1.7530578948790208,1,37,0.3,0.2,0.8
1656,3,0,OR,arts_media,216855,1.07607226644177,0,44,0.6,0.35,0.65
1657,2,0,WI,business_financial,35824,0.7902137993369251,1,33,0.78,0.4,0.6
1658,1,3,HI,community_social,60475,0.7126894895918667,1,29,0.35,0.15,0.85
1659,3,0,NM,food_prep,339807,0.7409695667447522,1,69,0.2,0.25,0.75
1660,4,0,AL,healthcare_practitioners,120060,0.7777169233886525,1,65,0.4,0.1,0.9
1661,1,1,AK,farming,80017,0.5623567275470123,1,54,0.15,0.2,0.8
1662,2,0,AR,office_admin,480556,1.9912921892246231,1,35,0.75,0.55,0.45
1663,1,1,CO,business_financial,124426,1.3208610396832228,1,57,0.78,0.4,0.6
1664,4,0,MT,office_admin,133094,1.8430044177221134,1,32,0.75,0.55,0.45
1665,1,0,SD,installation,38210,1.242228903574869,0,74,0.25,0.2,0.8
1666,3,3,CO,office_admin,110194,0.5400410778820515,1,44,0.75,0.55,0.45
1667,1,0,OH,computer_math,10597,1.8650695707183331,0,61,0.85,0.25,0.75
1668,2,1,MD,construction,38204,1.3102911360329017,0,60,0.2,0.25,0.75
1669,2,3,IL,sales,31172,0.6008849298814312,0,48,0.55,0.4,0.6
1670,1,0,RI,office_admin,19532,1.6251734991092235,0,50,0.75,0.55,0.45
1671,3,3,UT,business_financial,25129,0.6794469730230048,1,71,0.78,0.4,0.6
1672,2,1,AK,management,47579,1.2428603301523253,1,45,0.72,0.35,0.65
1673,4,0,NE,architecture_engineering,196065,1.158940521418117,1,46,0.68,0.3,0.7
1674,1,2,AZ,production,30882,0.6522029277402908,1,52,0.35,0.45,0.55
1675,3,1,AZ,production,68373,1.5376829049782827,1,44,0.35,0.45,0.55
1676,4,0,MN,office_admin,17164,0.6728847488993779,1,64,0.75,0.55,0.45
1677,2,0,CO,personal_care,60981,1.918580380268395,1,28,0.22,0.15,0.85
1678,1,0,SC,construction,165276,0.9958352413959801,0,32,0.2,0.25,0.75
1679,3,0,WA,management,44976,0.7228630720637739,1,67,0.72,0.35,0.65
1680,1,2,IA,office_admin,95946,1.2786366220097989,1,55,0.75,0.55,0.45
1681,2,2,NM,community_social,68898,0.5468552421079949,1,26,0.35,0.15,0.85
1682,3,0,DE,sales,51153,1.9366341810673475,1,30,0.55,0.4,0.6
1683,1,1,AK,healthcare_practitioners,79792,0.9372344268485904,0,43,0.4,0.1,0.9
1684,3,0,CO,arts_media,68188,1.23987151007168,1,50,0.6,0.35,0.65
1685,1,1,MS,construction,32318,0.5279755905503407,1,46,0.2,0.25,0.75
1686,1,0,VA,education,47631,1.4562610822031274,1,31,0.45,0.2,0.8
1687,2,3,HI,construction,280794,1.5770623919088393,1,36,0.2,0.25,0.75
1688,1,0,PA,office_admin,86004,1.183523749699816,1,66,0.75,0.55,0.45
1689,2,0,OH,architecture_engineering,21826,1.0264191862661391,1,36,0.68,0.3,0.7
1690,2,1,KY,business_financial,18652,1.946143296197988,1,22,0.78,0.4,0.6
1691,2,0,IL,management,38900,1.7309569787466899,1,60,0.72,0.35,0.65
1692,1,0,MD,transportation,134104,0.8110771777573973,1,51,0.3,0.4,0.6
1693,1,0,WY,transportation,31808,1.9079496058402583,1,36,0.3,0.4,0.6
1694,2,0,KY,life_physical_social,11544,1.4584227219456807,0,30,0.55,0.25,0.75
1695,2,1,SC,construction,46965,1.6747693434590474,1,31,0.2,0.25,0.75
1696,1,0,LA,office_admin,119806,1.8905180820729584,1,73,0.75,0.55,0.45
1697,1,1,MD,education,18913,0.6998368290951476,1,51,0.45,0.2,0.8
1698,1,0,ME,construction,106267,0.5239951944677159,0,38,0.2,0.25,0.75
1699,2,3,ND,office_admin,124805,1.9317529217805713,1,75,0.75,0.55,0.45
1700,1,1,NJ,office_admin,35491,1.7251631481340155,0,66,0.75,0.55,0.45
1701,2,0,WI,sales,49591,1.6241817079717293,0,55,0.55,0.4,0.6
1702,2,1,VT,building_grounds,177973,1.8821619137888774,1,46,0.18,0.3,0.7
1703,3,1,FL,architecture_engineering,105525,1.5890927202999592,1,74,0.68,0.3,0.7
1704,4,0,LA,business_financial,20776,1.1356924178544432,0,37,0.78,0.4,0.6
1705,2,1,TX,community_social,47418,1.4687391994521022,1,72,0.35,0.15,0.85
1706,2,0,ND,office_admin,362468,1.495111335767433,1,66,0.75,0.55,0.45
1707,1,0,UT,office_admin,88481,0.5099582601105794,1,62,0.75,0.55,0.45
1708,2,2,LA,farming,35538,1.0717844179598615,0,24,0.15,0.2,0.8
1709,2,0,IA,management,134754,0.8487120508216321,1,63,0.72,0.35,0.65
1710,3,1,ME,healthcare_practitioners,211110,1.795047443243675,1,47,0.4,0.1,0.9
1711,2,0,TN,computer_math,51937,1.2047228034352884,0,74,0.85,0.25,0.75
1712,1,1,OR,community_social,105607,1.9612612480996177,1,38,0.35,0.15,0.85
1713,1,0,WY,business_financial,50874,1.5353770074434578,1,57,0.78,0.4,0.6
1714,1,0,OR,sales,191627,1.2129463095916435,1,75,0.55,0.4,0.6
1715,3,1,WV,transportation,64753,1.816581892548129,1,72,0.3,0.4,0.6
1716,2,3,CA,office_admin,20944,1.450132152880542,1,75,0.75,0.55,0.45
1717,2,0,WV,office_admin,81194,1.113233388750814,1,73,0.75,0.55,0.45
1718,3,0,CO,transportation,235297,1.0376886889571324,1,69,0.3,0.4,0.6
1719,2,0,NY,farming,86302,1.2488238461082801,0,25,0.15,0.2,0.8
1720,2,1,MN,sales,90863,1.4615899190539494,1,59,0.55,0.4,0.6
1721,1,0,MA,arts_media,494699,1.6731844174209982,1,34,0.6,0.35,0.65
1722,2,0,KS,food_prep,100087,1.458718127105385,1,43,0.2,0.25,0.75
1723,1,1,MO,installation,11194,1.3512837775051594,0,26,0.25,0.2,0.8
1724,4,3,MS,protective_service,349675,1.2161614676006138,1,27,0.25,0.15,0.85
1725,2,0,AL,transportation,96549,0.9933526830282062,1,57,0.3,0.4,0.6
1726,1,1,VT,personal_care,455771,0.897511875606142,1,55,0.22,0.15,0.85
1727,3,0,MS,transportation,187033,1.3913780375150964,0,68,0.3,0.4,0.6
1728,1,0,WV,production,31243,1.6093544701579958,1,72,0.35,0.45,0.55
1729,1,0,OH,management,426194,1.521239528665319,1,67,0.72,0.35,0.65
1730,3,0,ME,construction,24863,1.5906793772010133,0,64,0.2,0.25,0.75
1731,1,0,NY,transportation,21427,1.9595117985736579,0,59,0.3,0.4,0.6
1732,1,1,AR,business_financial,103147,0.8831664170138538,1,37,0.78,0.4,0.6
1733,1,0,PA,construction,118796,0.7823229216737673,1,30,0.2,0.25,0.75
1734,1,0,IN,education,334462,1.4646994154900312,1,24,0.45,0.2,0.8
1735,1,0,MA,building_grounds,61974,1.734319236362353,0,27,0.18,0.3,0.7
1736,3,3,CA,food_prep,35886,1.8686171392910182,0,39,0.2,0.25,0.75
1737,3,3,NV,education,19294,1.7642993684858084,1,55,0.45,0.2,0.8
1738,1,2,FL,installation,20829,1.2051204580347985,1,56,0.25,0.2,0.8
1739,3,0,AR,architecture_engineering,12399,1.9865148379467428,0,58,0.68,0.3,0.7
1740,1,3,NV,food_prep,44902,1.9167515673907474,1,46,0.2,0.25,0.75
1741,1,2,IN,construction,401842,1.8943057160358876,1,63,0.2,0.25,0.75
1742,3,2,AZ,management,149223,1.8645189942326397,1,22,0.72,0.35,0.65
1743,1,3,CO,healthcare_practitioners,52310,0.8265883596614003,1,71,0.4,0.1,0.9
1744,3,1,AL,production,146268,0.9649439981440082,1,74,0.35,0.45,0.55
1745,3,1,IA,business_financial,37368,0.9736386587610468,1,53,0.78,0.4,0.6
1746,3,0,HI,construction,50167,1.5660297670401633,0,35,0.2,0.25,0.75
1747,2,0,VT,food_prep,76413,0.8906186916865408,1,71,0.2,0.25,0.75
1748,4,0,FL,computer_math,16650,1.9297364758094773,1,51,0.85,0.25,0.75
1749,2,0,CT,sales,28923,1.0207236324204132,1,66,0.55,0.4,0.6
1750,3,0,OH,management,61308,1.914034652756527,1,74,0.72,0.35,0.65
1751,1,1,ND,personal_care,165905,0.9544602227397263,1,65,0.22,0.15,0.85
1752,1,2,ND,education,62082,0.8993540094234049,0,44,0.45,0.2,0.8
1753,2,2,SC,transportation,105275,0.8771178051829338,0,55,0.3,0.4,0.6
1754,2,1,IL,education,172519,0.9154083438916132,1,72,0.45,0.2,0.8
1755,4,1,NH,community_social,36236,0.5835653694812208,0,44,0.35,0.15,0.85
1756,3,1,VA,computer_math,28263,1.7445406568003818,0,54,0.85,0.25,0.75
1757,3,1,MN,production,24464,1.4624504771782085,1,72,0.35,0.45,0.55
1758,1,0,WV,personal_care,56475,1.2726940007414669,0,50,0.22,0.15,0.85
1759,3,0,MS,farming,40931,1.4713306404883042,1,43,0.15,0.2,0.8
1760,2,1,CT,food_prep,35419,1.8995279357768595,0,22,0.2,0.25,0.75
1761,4,2,CA,business_financial,28059,1.484332123072818,0,31,0.78,0.4,0.6
1762,2,1,NM,office_admin,89718,1.7709754045354202,1,30,0.75,0.55,0.45
1763,2,2,NJ,business_financial,65584,0.8567313347011805,1,23,0.78,0.4,0.6
1764,2,0,CA,personal_care,25017,1.5618911960627884,1,27,0.22,0.15,0.85
1765,2,0,OR,healthcare_practitioners,13033,0.551140382187441,1,65,0.4,0.1,0.9
1766,2,0,RI,healthcare_practitioners,25406,1.2406186271691695,1,63,0.4,0.1,0.9
1767,1,0,KY,business_financial,70485,1.0465884453151375,1,42,0.78,0.4,0.6
1768,1,0,IL,food_prep,53128,1.4718858399428427,1,55,0.2,0.25,0.75
1769,3,0,GA,sales,15263,1.922463029739447,0,32,0.55,0.4,0.6
1770,4,3,AK,production,37593,1.8183662076480687,1,53,0.35,0.45,0.55
1771,2,3,WY,sales,105621,1.8145885596750304,1,74,0.55,0.4,0.6
1772,2,2,AZ,education,91578,0.8446724554523826,1,32,0.45,0.2,0.8
1773,2,0,UT,healthcare_support,19130,1.0931533784605563,1,56,0.3,0.2,0.8
1774,3,1,MA,sales,43332,0.9939514006255195,1,40,0.55,0.4,0.6
1775,1,0,NM,healthcare_practitioners,24937,1.0423308209283277,1,56,0.4,0.1,0.9
1776,3,2,DE,business_financial,252403,0.9690675148740411,1,23,0.78,0.4,0.6
1777,1,0,CO,sales,35532,0.9000069118337706,0,53,0.55,0.4,0.6
1778,3,0,SD,building_grounds,129922,0.7879129054490477,0,62,0.18,0.3,0.7
1779,3,3,MN,production,69054,1.0229866865556687,1,65,0.35,0.45,0.55
1780,1,3,WA,office_admin,79738,1.1166613150853664,1,74,0.75,0.55,0.45
1781,1,0,NV,education,30620,0.5683204747037962,0,40,0.45,0.2,0.8
1782,3,0,MI,management,42377,1.2346790977753699,1,59,0.72,0.35,0.65
1783,2,0,NM,installation,500000,1.6964342074934393,0,46,0.25,0.2,0.8
1784,1,1,VT,management,25285,1.119271842413582,0,38,0.72,0.35,0.65
1785,4,0,NY,food_prep,57891,0.6995981917716563,1,32,0.2,0.25,0.75
1786,2,1,NH,food_prep,37341,0.5078155585797504,1,36,0.2,0.25,0.75
1787,4,0,MS,transportation,200580,0.8916338124545291,0,56,0.3,0.4,0.6
1788,1,0,MO,installation,69285,0.5788172633619979,1,68,0.25,0.2,0.8
1789,1,1,MT,office_admin,34456,1.8744324614526704,1,73,0.75,0.55,0.45
1790,3,2,WY,business_financial,49847,1.3689191292505711,0,65,0.78,0.4,0.6
1791,3,0,OH,transportation,30333,1.0067437561228871,1,26,0.3,0.4,0.6
1792,3,1,RI,education,19325,1.6057045330526307,0,65,0.45,0.2,0.8
1793,1,1,NM,production,315339,1.78063875855878,1,54,0.35,0.45,0.55
1794,2,1,FL,production,140469,1.8212485244730487,1,72,0.35,0.45,0.55
1795,3,0,MA,production,78233,1.9634954154025763,1,69,0.35,0.45,0.55
1796,2,2,RI,personal_care,160882,1.960106733837165,1,65,0.22,0.15,0.85
1797,2,0,DE,food_prep,31733,1.513445000979118,1,26,0.2,0.25,0.75
1798,1,2,IL,sales,88977,0.6996245078044012,1,74,0.55,0.4,0.6
1799,3,0,HI,food_prep,129337,1.2928670690162107,0,67,0.2,0.25,0.75
1800,4,1,IA,sales,23732,1.2237960437778383,0,62,0.55,0.4,0.6
1801,2,0,CA,office_admin,31374,1.428266114089638,0,29,0.75,0.55,0.45
1802,2,1,CA,business_financial,26957,0.5378261274890974,0,41,0.78,0.4,0.6
1803,4,1,UT,food_prep,27243,0.6905307620763779,1,35,0.2,0.25,0.75
1804,1,3,AK,healthcare_practitioners,142129,0.8988944981247187,0,58,0.4,0.1,0.9
1805,4,1,WA,management,38301,0.6966522915754467,1,36,0.72,0.35,0.65
1806,2,3,IN,transportation,32378,1.2594313310692087,1,58,0.3,0.4,0.6
1807,1,2,TX,office_admin,165441,0.9380318374605849,1,37,0.75,0.55,0.45
1808,1,0,NY,food_prep,44060,1.0231680052820593,1,23,0.2,0.25,0.75
1809,1,0,NY,personal_care,125043,0.9726642415625975,1,65,0.22,0.15,0.85
1810,1,0,TX,personal_care,154971,0.593918809434399,1,69,0.22,0.15,0.85
1811,3,0,UT,installation,72754,0.776534816599451,1,53,0.25,0.2,0.8
1812,3,0,MO,sales,283253,0.879018840380013,0,64,0.55,0.4,0.6
1813,3,2,IL,education,28290,1.7532495729392394,0,74,0.45,0.2,0.8
1814,1,0,FL,business_financial,128657,0.6140709365718067,1,62,0.78,0.4,0.6
1815,3,3,IA,computer_math,112679,0.7718101151986048,1,63,0.85,0.25,0.75
1816,3,1,NE,healthcare_practitioners,20755,1.6835603166837245,0,28,0.4,0.1,0.9
1817,1,0,IL,business_financial,62585,1.921096254256554,1,36,0.78,0.4,0.6
1818,1,0,AK,building_grounds,77572,1.8989260707749054,0,41,0.18,0.3,0.7
1819,1,0,AR,office_admin,19360,1.9708195800194517,0,65,0.75,0.55,0.45
1820,3,0,PA,management,11945,1.0893493456533179,0,51,0.72,0.35,0.65
1821,3,3,CO,construction,35217,1.1809515493223444,0,69,0.2,0.25,0.75
1822,3,0,IN,production,31006,1.153106094803661,0,35,0.35,0.45,0.55
1823,3,3,NM,production,53906,1.5000367823522538,1,26,0.35,0.45,0.55
1824,3,3,MI,healthcare_practitioners,68418,0.7124691709177569,1,59,0.4,0.1,0.9
1825,2,0,PA,healthcare_practitioners,64691,1.7307964708888903,1,23,0.4,0.1,0.9
1826,4,2,IA,personal_care,30445,0.5469507182715461,0,58,0.22,0.15,0.85
1827,3,0,KY,office_admin,26734,1.4030929503496736,0,71,0.75,0.55,0.45
1828,1,0,TN,office_admin,98541,1.716172136599198,1,68,0.75,0.55,0.45
1829,3,0,WY,life_physical_social,75411,0.7469646842218935,0,74,0.55,0.25,0.75
1830,2,1,DE,healthcare_support,59863,1.4877682870719582,1,41,0.3,0.2,0.8
1831,3,0,AR,management,90253,0.532984632649459,0,25,0.72,0.35,0.65
1832,1,1,MT,installation,20729,1.821723596774973,0,63,0.25,0.2,0.8
1833,1,1,MS,production,49432,1.900084795546718,1,49,0.35,0.45,0.55
1834,4,0,KY,education,167990,1.428668424137868,1,63,0.45,0.2,0.8
1835,2,0,TN,production,16320,0.6897892706329003,0,70,0.35,0.45,0.55
1836,1,0,IN,business_financial,217509,0.7685306341154501,1,26,0.78,0.4,0.6
1837,3,3,UT,education,21703,0.5281211643014103,0,69,0.45,0.2,0.8
1838,2,1,IN,construction,56087,1.024837468052283,1,47,0.2,0.25,0.75
1839,3,0,MA,food_prep,118617,1.0071107451803982,1,47,0.2,0.25,0.75
1840,2,0,OR,production,196981,1.1358330284710974,0,41,0.35,0.45,0.55
1841,1,0,IL,transportation,102062,1.4381213347660378,1,54,0.3,0.4,0.6
1842,1,0,UT,office_admin,38635,1.7808368044206873,1,60,0.75,0.55,0.45
1843,1,0,RI,office_admin,28479,0.8900282250251621,0,49,0.75,0.55,0.45
1844,2,0,MS,computer_math,188218,1.1937945695826784,1,57,0.85,0.25,0.75
1845,3,0,MD,construction,23200,1.5183321118820459,1,57,0.2,0.25,0.75
1846,3,3,KS,installation,103420,1.985069013782777,1,56,0.25,0.2,0.8
1847,1,1,MI,healthcare_practitioners,52920,1.2447520974092185,1,75,0.4,0.1,0.9
1848,1,3,CA,farming,155868,0.7054325363133103,1,65,0.15,0.2,0.8
1849,1,0,WY,food_prep,63632,1.390974750975147,1,38,0.2,0.25,0.75
1850,4,1,NM,life_physical_social,107038,1.214355956763029,1,68,0.55,0.25,0.75
1851,4,3,NE,transportation,133090,1.7794491782551631,1,44,0.3,0.4,0.6
1852,2,0,MD,food_prep,51470,1.7425254810368642,1,60,0.2,0.25,0.75
1853,3,0,LA,building_grounds,36357,0.6869794527301565,0,57,0.18,0.3,0.7
1854,4,0,AL,healthcare_practitioners,16335,1.8676607683300972,1,43,0.4,0.1,0.9
1855,2,0,MN,transportation,72198,1.9525677455822006,0,56,0.3,0.4,0.6
1856,1,1,AZ,architecture_engineering,27882,0.9500782779650763,1,28,0.68,0.3,0.7
1857,3,0,CT,healthcare_practitioners,500000,1.3048105926718563,1,45,0.4,0.1,0.9
1858,4,0,WI,sales,500000,1.1746639491757378,1,42,0.55,0.4,0.6
1859,2,2,ID,office_admin,35106,0.7628846931038424,0,27,0.75,0.55,0.45
1860,2,0,KS,community_social,43133,0.9812777660554275,1,27,0.35,0.15,0.85
1861,1,3,CT,transportation,159254,0.9125036397017539,0,49,0.3,0.4,0.6
1862,3,1,MN,office_admin,29885,1.780134130269289,0,68,0.75,0.55,0.45
1863,1,1,WY,computer_math,59614,1.4199246640782803,1,53,0.85,0.25,0.75
1864,1,1,MA,personal_care,52744,1.189720673719421,0,48,0.22,0.15,0.85
1865,4,1,OK,office_admin,10415,0.730820146156475,1,27,0.75,0.55,0.45
1866,3,0,MN,education,40260,0.8527891642879695,1,42,0.45,0.2,0.8
1867,4,0,ME,food_prep,248441,1.081501901266165,1,32,0.2,0.25,0.75
1868,4,1,AL,office_admin,68140,0.937962876050733,1,39,0.75,0.55,0.45
1869,2,0,OK,management,190004,1.6593462930759415,1,54,0.72,0.35,0.65
1870,3,0,KS,protective_service,71405,0.6625462814699858,1,47,0.25,0.15,0.85
1871,1,1,UT,food_prep,19804,1.7078461040509865,1,49,0.2,0.25,0.75
1872,3,0,NE,management,5000,1.7525880850153044,0,71,0.72,0.35,0.65
1873,4,0,MI,legal,145306,1.2574363357853144,1,37,0.8,0.45,0.55
1874,1,1,ND,sales,32213,0.576656024903059,0,23,0.55,0.4,0.6
1875,3,0,AL,transportation,53242,1.1265322462422773,1,63,0.3,0.4,0.6
1876,2,3,IL,construction,56598,1.9253249673638493,1,35,0.2,0.25,0.75
1877,3,0,NV,business_financial,220825,1.7514347644755617,1,29,0.78,0.4,0.6
1878,3,0,VA,office_admin,158337,1.434920649509877,1,53,0.75,0.55,0.45
1879,2,0,NJ,transportation,29603,1.0591064653126523,1,72,0.3,0.4,0.6
1880,1,3,ND,transportation,25000,1.335093162721023,1,22,0.3,0.4,0.6
1881,1,0,AZ,legal,21560,1.7598924222402275,1,56,0.8,0.45,0.55
1882,2,3,MD,business_financial,221613,0.8068093637702987,0,48,0.78,0.4,0.6
1883,1,1,MN,sales,21772,0.6617884536972269,1,44,0.55,0.4,0.6
1884,2,0,MT,construction,17158,0.8280343469232321,0,23,0.2,0.25,0.75
1885,2,0,GA,transportation,40309,1.748721476411447,0,55,0.3,0.4,0.6
1886,1,0,OK,management,17170,1.960681363241747,0,30,0.72,0.35,0.65
1887,3,1,AR,healthcare_practitioners,55541,1.9368814692134038,1,55,0.4,0.1,0.9
1888,3,0,SC,healthcare_practitioners,39216,1.4070018222555518,0,45,0.4,0.1,0.9
1889,2,0,TX,protective_service,357652,1.230851424857974,1,66,0.25,0.15,0.85
1890,2,0,FL,life_physical_social,16078,0.9695095900679007,1,57,0.55,0.25,0.75
1891,2,0,CT,building_grounds,77643,0.9254550763871521,1,39,0.18,0.3,0.7
1892,1,1,FL,transportation,36654,1.008928812108934,1,58,0.3,0.4,0.6
1893,3,1,VA,food_prep,85295,1.842991269310005,1,31,0.2,0.25,0.75
1894,1,0,VT,food_prep,62967,1.0497188301524147,1,36,0.2,0.25,0.75
1895,1,0,MO,construction,36534,1.2218683883547783,1,63,0.2,0.25,0.75
1896,3,0,FL,transportation,27249,1.6222917058039457,0,74,0.3,0.4,0.6
1897,2,0,GA,community_social,191420,1.6535130385309458,1,73,0.35,0.15,0.85
1898,4,0,NH,transportation,76097,1.8468019912252203,1,34,0.3,0.4,0.6
1899,1,1,AR,business_financial,240796,1.4642714540241286,1,33,0.78,0.4,0.6
1900,1,1,RI,transportation,135963,1.534185615950264,1,73,0.3,0.4,0.6
1901,2,1,HI,production,94493,1.888720763497986,1,56,0.35,0.45,0.55
1902,1,1,ME,construction,38979,1.0332627129973844,0,33,0.2,0.25,0.75
1903,2,0,LA,food_prep,81792,0.9035885888151824,0,39,0.2,0.25,0.75
1904,1,3,NC,production,26676,1.9916399561334401,0,34,0.35,0.45,0.55
1905,2,0,VA,computer_math,39539,0.6036016856087372,1,64,0.85,0.25,0.75
1906,2,2,OR,production,42593,0.9830658788559958,1,39,0.35,0.45,0.55
1907,2,0,NH,business_financial,35153,1.4845422877697274,1,74,0.78,0.4,0.6
1908,4,0,PA,healthcare_support,178804,1.8826357536017895,1,71,0.3,0.2,0.8
1909,3,0,KY,food_prep,83423,1.7336219849530607,0,26,0.2,0.25,0.75
1910,3,0,KS,healthcare_practitioners,7457,1.1229977335315198,1,49,0.4,0.1,0.9
1911,3,0,KS,healthcare_practitioners,111186,1.1712734553730115,1,39,0.4,0.1,0.9
1912,3,0,IN,healthcare_practitioners,44629,1.8401047594379634,0,68,0.4,0.1,0.9
1913,1,1,CO,production,209508,1.8494054407346994,1,24,0.35,0.45,0.55
1914,1,0,NJ,community_social,33701,1.1539640224073082,1,55,0.35,0.15,0.85
1915,1,0,ID,healthcare_practitioners,322413,1.9174911896698177,1,72,0.4,0.1,0.9
1916,2,1,VT,transportation,10530,1.9519189625279978,1,36,0.3,0.4,0.6
1917,3,2,AR,installation,9567,1.9403071324341,1,62,0.25,0.2,0.8
1918,1,0,NJ,food_prep,72078,1.0913402837468311,0,72,0.2,0.25,0.75
1919,2,1,SC,protective_service,17439,0.7317966469563544,1,65,0.25,0.15,0.85
1920,2,1,NY,business_financial,53006,0.6737247430719435,1,60,0.78,0.4,0.6
1921,2,1,RI,education,27597,1.3220611640717834,1,46,0.45,0.2,0.8
1922,1,1,TN,installation,34245,0.6691832861397415,0,42,0.25,0.2,0.8
1923,1,1,AK,education,246145,0.7430090556154028,0,54,0.45,0.2,0.8
1924,2,1,IL,business_financial,18766,1.9253504546359181,1,50,0.78,0.4,0.6
1925,2,0,SD,education,153011,1.0999953803839162,0,60,0.45,0.2,0.8
1926,4,1,MA,office_admin,18765,1.2313495191046968,0,57,0.75,0.55,0.45
1927,2,1,MD,healthcare_practitioners,50730,0.8069314605090767,0,54,0.4,0.1,0.9
1928,2,0,MO,protective_service,185717,1.7348502529785037,1,28,0.25,0.15,0.85
1929,2,0,MT,healthcare_practitioners,105472,1.3034088405547664,0,35,0.4,0.1,0.9
1930,1,3,MN,office_admin,71007,1.6502111770678312,0,40,0.75,0.55,0.45
1931,2,1,AR,office_admin,25555,0.595592112513259,1,68,0.75,0.55,0.45
1932,2,0,IN,personal_care,53315,0.8475062934448943,1,46,0.22,0.15,0.85
1933,2,3,NJ,healthcare_support,25100,0.7179720090935007,1,28,0.3,0.2,0.8
1934,1,2,NC,food_prep,10569,0.6559101275634021,1,67,0.2,0.25,0.75
1935,3,0,ME,office_admin,19746,0.539170436677523,0,40,0.75,0.55,0.45
1936,2,1,SD,healthcare_practitioners,69881,1.569119222695008,1,57,0.4,0.1,0.9
1937,4,0,FL,management,67219,1.467799371224828,1,74,0.72,0.35,0.65
1938,3,0,WV,food_prep,78977,1.859391208505258,1,48,0.2,0.25,0.75
1939,4,2,PA,education,50085,1.1380130706820637,1,26,0.45,0.2,0.8
1940,2,0,MN,healthcare_practitioners,27882,0.7827566956402734,1,47,0.4,0.1,0.9
1941,4,2,LA,installation,54401,1.1815213315421715,1,59,0.25,0.2,0.8
1942,4,1,AR,production,28461,1.9923557786969468,1,55,0.35,0.45,0.55
1943,3,2,IL,office_admin,42301,1.6676651713205501,1,68,0.75,0.55,0.45
1944,3,1,MD,transportation,36726,0.744634248316288,1,46,0.3,0.4,0.6
1945,2,1,SC,computer_math,120577,1.3864022342022508,1,39,0.85,0.25,0.75
1946,2,1,AK,production,72779,0.712907224195078,1,59,0.35,0.45,0.55
1947,3,0,PA,office_admin,95637,1.7564215554157272,0,27,0.75,0.55,0.45
1948,1,3,PA,healthcare_practitioners,107139,1.4615389591781422,0,68,0.4,0.1,0.9
1949,3,0,NE,transportation,19344,0.7913835253566504,0,67,0.3,0.4,0.6
1950,2,2,CA,construction,131548,1.2886827772017568,0,29,0.2,0.25,0.75
1951,1,1,FL,transportation,274992,1.5595183616969734,0,58,0.3,0.4,0.6
1952,2,0,NM,arts_media,82125,0.8090515815420076,1,73,0.6,0.35,0.65
1953,3,2,CT,office_admin,78709,1.5367671785643324,1,68,0.75,0.55,0.45
1954,2,0,AR,production,58038,0.8945661887992173,0,43,0.35,0.45,0.55
1955,3,0,VA,healthcare_practitioners,19585,1.0190514556597918,0,31,0.4,0.1,0.9
1956,4,0,OR,transportation,83361,0.8850712502608076,1,68,0.3,0.4,0.6
1957,2,2,UT,computer_math,34401,0.832186121493578,0,31,0.85,0.25,0.75
1958,1,0,OR,education,50422,1.1933198199840263,0,52,0.45,0.2,0.8
1959,3,0,MN,education,28067,1.0138687785947695,0,29,0.45,0.2,0.8
1960,3,1,SD,education,54980,0.9602494799764827,1,63,0.45,0.2,0.8
1961,1,0,ND,healthcare_support,465864,0.5044775113929063,1,54,0.3,0.2,0.8
1962,1,0,FL,architecture_engineering,48928,1.6676764620933682,1,68,0.68,0.3,0.7
1963,2,1,UT,personal_care,11998,0.6823306487640366,1,41,0.22,0.15,0.85
1964,4,0,RI,healthcare_support,31959,1.0981766652548686,1,38,0.3,0.2,0.8
1965,2,0,NC,office_admin,427944,1.1989931928692386,1,67,0.75,0.55,0.45
1966,2,1,OH,food_prep,98005,0.5519370841793716,0,50,0.2,0.25,0.75
1967,3,0,SD,sales,60276,0.7680433263303712,1,65,0.55,0.4,0.6
1968,2,1,NV,food_prep,54437,1.333816605154425,1,43,0.2,0.25,0.75
1969,2,2,VT,computer_math,195063,1.3386064688675106,0,53,0.85,0.25,0.75
1970,2,0,ME,healthcare_support,35964,1.3162893244298175,0,63,0.3,0.2,0.8
1971,3,0,TN,community_social,6174,0.6064730829093605,0,58,0.35,0.15,0.85
1972,4,0,FL,healthcare_practitioners,71704,1.2537027787184343,1,26,0.4,0.1,0.9
1973,2,0,MI,protective_service,102902,1.385280714253895,1,63,0.25,0.15,0.85
1974,1,3,MD,healthcare_support,277226,0.9343786705285311,0,34,0.3,0.2,0.8
1975,3,1,AZ,food_prep,45816,0.7205247973324731,1,28,0.2,0.25,0.75
1976,2,0,ID,sales,52672,1.8737564253387973,1,27,0.55,0.4,0.6
1977,2,3,VT,architecture_engineering,185108,0.5862655856180936,0,45,0.68,0.3,0.7
1978,3,3,OK,sales,81346,1.8384302165359259,1,37,0.55,0.4,0.6
1979,2,0,SD,education,65302,1.2093203112017363,1,25,0.45,0.2,0.8
1980,1,2,CA,office_admin,11796,1.390163726056926,1,35,0.75,0.55,0.45
1981,2,1,TN,food_prep,81019,0.9989463988458738,1,66,0.2,0.25,0.75
1982,2,1,WV,personal_care,17031,1.604319826932624,0,75,0.22,0.15,0.85
1983,3,0,TN,healthcare_practitioners,76809,0.5830667576519772,1,71,0.4,0.1,0.9
1984,4,0,ID,education,17712,1.350956805399619,1,69,0.45,0.2,0.8
1985,2,2,MN,office_admin,72122,1.3740733263548464,1,68,0.75,0.55,0.45
1986,2,1,TN,education,100080,0.6278976898174733,1,62,0.45,0.2,0.8
1987,1,2,TX,business_financial,33623,1.7621243969770148,0,54,0.78,0.4,0.6
1988,3,1,OK,food_prep,55478,0.6182636769954115,1,49,0.2,0.25,0.75
1989,2,0,NM,protective_service,126725,0.9882510931929573,1,54,0.25,0.15,0.85
1990,1,0,MN,office_admin,14614,1.322417363524437,1,42,0.75,0.55,0.45
1991,4,0,ND,personal_care,29682,1.0352933551184833,1,61,0.22,0.15,0.85
1992,2,0,VA,arts_media,36129,1.4441035287454724,0,30,0.6,0.35,0.65
1993,2,0,NJ,sales,41411,0.9235516195185483,1,46,0.55,0.4,0.6
1994,2,1,MD,healthcare_support,51992,1.7027199080912396,1,46,0.3,0.2,0.8
1995,1,1,NJ,healthcare_practitioners,32612,1.3073305587749928,1,31,0.4,0.1,0.9
1996,2,3,WI,construction,160306,1.670602376689203,1,27,0.2,0.25,0.75
1997,2,0,AK,production,30125,0.6851714109070599,1,56,0.35,0.45,0.55
1998,2,0,VA,management,138505,0.6736107505857944,1,46,0.72,0.35,0.65
1999,3,1,KS,building_grounds,29766,1.0060560276033357,1,62,0.18,0.3,0.7
2000,4,3,ME,education,14105,1.6131834010593593,1,24,0.45,0.2,0.8
2001,1,0,MO,office_admin,11289,1.0808703475631773,1,55,0.75,0.55,0.45
2002,2,1,IA,installation,149458,1.8192949714139104,1,63,0.25,0.2,0.8
2003,1,0,IA,community_social,104978,1.7699683635728434,1,49,0.35,0.15,0.85
2004,2,2,AK,office_admin,64559,0.8794181339908391,1,54,0.75,0.55,0.45
2005,4,0,WI,sales,94646,1.0323714638361707,0,29,0.55,0.4,0.6
2006,1,3,MS,farming,44723,1.834370753611438,1,52,0.15,0.2,0.8
2007,4,0,AR,transportation,80302,1.8592300555901602,0,59,0.3,0.4,0.6
2008,4,0,IL,management,31943,1.9125490313163027,1,40,0.72,0.35,0.65
2009,4,3,OR,sales,58506,1.1009283281164244,1,27,0.55,0.4,0.6
2010,1,0,IA,arts_media,114292,0.5231487525161356,1,57,0.6,0.35,0.65
2011,2,3,GA,transportation,82889,1.3071648209588602,1,60,0.3,0.4,0.6
2012,1,0,AR,computer_math,31487,1.882561678881757,1,54,0.85,0.25,0.75
2013,2,0,ID,food_prep,20933,1.7471203125314787,0,71,0.2,0.25,0.75
2014,2,0,AZ,production,47561,1.968999388627708,0,48,0.35,0.45,0.55
2015,1,1,KS,personal_care,72575,0.5720369225600734,1,71,0.22,0.15,0.85
2016,4,2,CO,food_prep,23254,1.4652556930668652,1,72,0.2,0.25,0.75
2017,3,2,WI,computer_math,110979,1.030908024404198,1,31,0.85,0.25,0.75
2018,1,0,MS,management,59161,1.2862276301020756,0,54,0.72,0.35,0.65
2019,2,0,ME,office_admin,26579,0.6742840039078146,0,66,0.75,0.55,0.45
2020,3,2,LA,food_prep,36757,0.9853483196347952,0,60,0.2,0.25,0.75
2021,2,1,MA,construction,45561,1.7892928081564605,0,35,0.2,0.25,0.75
2022,2,0,WA,office_admin,30524,1.610593489720486,0,62,0.75,0.55,0.45
2023,2,1,SC,computer_math,28193,0.6280734852189198,1,35,0.85,0.25,0.75
2024,1,1,MI,healthcare_support,37396,1.2795033328002319,1,26,0.3,0.2,0.8
2025,3,0,TN,computer_math,104125,1.6017205861862749,1,48,0.85,0.25,0.75
2026,2,0,UT,production,79366,0.527802346739918,1,34,0.35,0.45,0.55
2027,3,2,MS,management,92567,1.9078969706315547,0,24,0.72,0.35,0.65
2028,3,0,OH,life_physical_social,5000,1.5906626573996618,1,30,0.55,0.25,0.75
2029,2,1,IN,sales,54917,1.8938354772981256,1,75,0.55,0.4,0.6
2030,1,0,KY,healthcare_practitioners,28671,1.9223100722301751,1,26,0.4,0.1,0.9
2031,1,0,OH,computer_math,59317,1.6247183324303478,1,57,0.85,0.25,0.75
2032,3,0,WV,sales,46426,1.4776280886726454,1,67,0.55,0.4,0.6
2033,3,0,KY,sales,67453,1.239666540059261,1,49,0.55,0.4,0.6
2034,2,2,WY,office_admin,50721,0.6150113400071859,1,50,0.75,0.55,0.45
2035,4,1,NE,business_financial,30637,1.5190781934652478,0,30,0.78,0.4,0.6
2036,2,3,KS,healthcare_support,117912,0.9873502991395071,1,51,0.3,0.2,0.8
2037,3,2,SC,installation,42472,1.1916534225456417,1,47,0.25,0.2,0.8
2038,3,0,IL,protective_service,45459,0.7023406017106026,1,24,0.25,0.15,0.85
2039,2,1,OR,food_prep,11150,1.6192069583339617,1,74,0.2,0.25,0.75
2040,3,2,CO,installation,59563,1.649174505379051,1,50,0.25,0.2,0.8
2041,3,0,IL,construction,106771,0.8046116710174829,1,41,0.2,0.25,0.75
2042,4,3,AL,healthcare_practitioners,77001,0.6013649908127263,0,27,0.4,0.1,0.9
2043,1,3,KY,management,216101,0.9839194691739976,1,46,0.72,0.35,0.65
2044,2,0,KY,installation,119868,1.9827204390894622,1,53,0.25,0.2,0.8
2045,1,0,MN,installation,34865,1.7683756245533004,1,59,0.25,0.2,0.8
2046,3,3,HI,business_financial,36079,0.928737063659355,1,28,0.78,0.4,0.6
2047,3,1,NV,sales,50184,0.7339736626017839,1,33,0.55,0.4,0.6
2048,2,0,IL,community_social,50762,1.593380250968039,1,48,0.35,0.15,0.85
2049,2,0,IA,construction,33484,1.4980354713043198,1,61,0.2,0.25,0.75
2050,1,0,TX,office_admin,19699,0.7280823067994788,1,62,0.75,0.55,0.45
2051,3,1,WY,management,500000,1.1463772999122739,0,61,0.72,0.35,0.65
2052,2,0,LA,education,407025,0.9481457023648545,1,29,0.45,0.2,0.8
2053,3,1,FL,transportation,35487,1.883015890023671,1,24,0.3,0.4,0.6
2054,2,0,ME,office_admin,24221,0.5478674763580784,1,23,0.75,0.55,0.45
2055,3,1,WA,education,161674,0.6630551726557314,1,72,0.45,0.2,0.8
2056,2,1,LA,sales,86062,1.5749654660467058,1,28,0.55,0.4,0.6
2057,3,1,VT,office_admin,72116,0.8116356510436162,1,38,0.75,0.55,0.45
2058,2,2,WA,office_admin,29704,0.8661887747002766,1,22,0.75,0.55,0.45
2059,1,2,IN,sales,48554,1.9928003000095487,1,47,0.55,0.4,0.6
2060,2,3,MO,architecture_engineering,46452,0.6325796613236889,1,50,0.68,0.3,0.7
2061,2,2,RI,office_admin,35790,1.4531629373086616,1,58,0.75,0.55,0.45
2062,1,0,TX,production,218986,1.7686211217660457,0,40,0.35,0.45,0.55
2063,1,2,VA,office_admin,192582,1.5908944638213143,1,56,0.75,0.55,0.45
2064,3,2,MN,arts_media,173023,1.9188737178919837,1,74,0.6,0.35,0.65
2065,3,1,CT,sales,15760,1.334352736826986,0,72,0.55,0.4,0.6
2066,2,1,KY,sales,18014,1.2379723377525806,1,59,0.55,0.4,0.6
2067,1,3,NY,life_physical_social,182194,1.3141004138160497,0,26,0.55,0.25,0.75
2068,1,0,FL,construction,38081,1.0183574449038133,0,44,0.2,0.25,0.75
2069,2,0,AK,management,59186,0.669574856525287,1,68,0.72,0.35,0.65
2070,3,1,MI,protective_service,31701,1.3167626463109627,1,62,0.25,0.15,0.85
2071,3,0,AZ,healthcare_practitioners,30419,1.786512804334052,1,32,0.4,0.1,0.9
2072,2,2,ID,production,33249,1.043029974680394,0,36,0.35,0.45,0.55
2073,1,0,MD,installation,37341,1.2408498727018014,1,59,0.25,0.2,0.8
2074,1,3,MA,protective_service,20144,1.0639332799473777,1,75,0.25,0.15,0.85
2075,2,2,ME,personal_care,149386,1.5871303299209103,1,22,0.22,0.15,0.85
2076,2,0,MA,arts_media,137291,1.3076863153837621,0,72,0.6,0.35,0.65
2077,2,3,OR,personal_care,39920,1.3271429415326566,1,30,0.22,0.15,0.85
2078,3,0,VT,office_admin,40198,1.3509280194994062,1,63,0.75,0.55,0.45
2079,2,2,OR,architecture_engineering,12423,0.5002010224852711,1,70,0.68,0.3,0.7
2080,1,1,ND,sales,150249,1.6246948341140524,1,25,0.55,0.4,0.6
2081,2,1,MA,education,123788,0.6980462837964296,1,46,0.45,0.2,0.8
2082,1,0,GA,production,19555,1.592499931808561,1,28,0.35,0.45,0.55
2083,2,3,RI,management,116997,0.8617649130756035,1,49,0.72,0.35,0.65
2084,4,1,OR,office_admin,51408,0.7575755167054012,1,46,0.75,0.55,0.45
2085,4,3,HI,office_admin,275369,1.1425974052399397,0,72,0.75,0.55,0.45
2086,2,1,GA,education,67169,1.8639268539845943,1,68,0.45,0.2,0.8
2087,2,0,LA,sales,115389,0.7493067531613633,1,40,0.55,0.4,0.6
2088,3,0,CA,food_prep,41522,1.1348587555112317,0,43,0.2,0.25,0.75
2089,2,0,KY,management,58418,1.8115365096600726,0,42,0.72,0.35,0.65
2090,4,1,CT,office_admin,27380,0.78746609587688,1,40,0.75,0.55,0.45
2091,2,3,NV,installation,23974,0.8462126326048747,1,64,0.25,0.2,0.8
2092,2,3,NJ,building_grounds,10263,0.6341381173115224,1,59,0.18,0.3,0.7
2093,1,1,CT,community_social,27333,1.5599045645212755,1,46,0.35,0.15,0.85
2094,4,0,WY,education,9813,1.56901381816715,0,44,0.45,0.2,0.8
2095,1,1,NM,management,73598,1.1709680111380294,1,47,0.72,0.35,0.65
2096,2,0,VA,office_admin,39657,1.5474509769119322,0,39,0.75,0.55,0.45
2097,1,2,MT,farming,135866,0.6051067921798676,0,25,0.15,0.2,0.8
2098,2,1,LA,management,49258,1.685095188790001,1,38,0.72,0.35,0.65
2099,2,3,MD,personal_care,86001,1.2851651994278654,0,42,0.22,0.15,0.85
2100,1,0,ID,office_admin,72792,0.8976420884719118,1,38,0.75,0.55,0.45
2101,3,1,KS,education,53919,0.8215435586171225,0,72,0.45,0.2,0.8
2102,2,3,NE,education,98086,1.5403782624052837,1,48,0.45,0.2,0.8
2103,1,1,AL,healthcare_practitioners,97622,1.090708662988618,1,58,0.4,0.1,0.9
2104,1,1,CA,sales,29207,1.6926694124704227,1,40,0.55,0.4,0.6
2105,3,0,NY,food_prep,25617,1.3193806995404884,0,72,0.2,0.25,0.75
2106,2,3,VA,healthcare_practitioners,49676,1.5408827279461548,1,33,0.4,0.1,0.9
2107,4,0,PA,protective_service,15212,0.689311305177398,0,26,0.25,0.15,0.85
2108,2,1,MD,life_physical_social,108457,0.5414830324007198,0,57,0.55,0.25,0.75
2109,2,1,CA,food_prep,97560,1.6534875383367762,1,39,0.2,0.25,0.75
2110,2,0,VT,education,23299,0.8935483903624117,1,73,0.45,0.2,0.8
2111,1,2,NE,computer_math,364242,1.7400328235235065,1,27,0.85,0.25,0.75
2112,2,0,FL,production,7670,1.332868489669636,0,52,0.35,0.45,0.55
2113,2,3,MD,production,148975,1.158277028473094,1,49,0.35,0.45,0.55
2114,1,2,NH,life_physical_social,32264,1.6964219971559942,1,48,0.55,0.25,0.75
2115,2,3,WY,healthcare_practitioners,35105,1.577115208725445,0,51,0.4,0.1,0.9
2116,4,0,AZ,management,46640,1.947957182303071,1,60,0.72,0.35,0.65
2117,3,1,NH,computer_math,10571,0.66134499583859,1,75,0.85,0.25,0.75
2118,2,2,NE,office_admin,250028,1.8539641766110435,0,41,0.75,0.55,0.45
2119,2,1,NC,management,59044,1.6304920855909586,1,42,0.72,0.35,0.65
2120,4,0,KS,office_admin,239233,1.5126303990837187,1,57,0.75,0.55,0.45
2121,2,3,WY,food_prep,128912,1.718362836050801,1,55,0.2,0.25,0.75
2122,2,0,SD,office_admin,113058,0.7395042438292876,1,45,0.75,0.55,0.45
2123,1,3,FL,architecture_engineering,175347,1.5776227011810988,1,66,0.68,0.3,0.7
2124,2,0,ID,transportation,212737,1.5776951735606417,1,37,0.3,0.4,0.6
2125,1,0,LA,sales,35682,0.7964809717377648,1,65,0.55,0.4,0.6
2126,1,3,IL,transportation,26149,0.6813705482054502,1,43,0.3,0.4,0.6
2127,1,2,AZ,food_prep,54248,1.4944675682345405,1,53,0.2,0.25,0.75
2128,2,1,HI,office_admin,23961,1.6912163184024394,0,42,0.75,0.55,0.45
2129,1,2,CA,production,8614,1.9966441038995981,0,33,0.35,0.45,0.55
2130,2,0,OR,production,29073,1.2661185387987643,0,23,0.35,0.45,0.55
2131,4,0,ND,sales,59137,1.9890799231361598,1,37,0.55,0.4,0.6
2132,2,1,NY,management,31235,1.2692019060486928,1,33,0.72,0.35,0.65
2133,3,0,KY,management,47327,1.6715799706289545,1,69,0.72,0.35,0.65
2134,2,1,KS,food_prep,100428,0.7880844208411872,0,75,0.2,0.25,0.75
2135,3,1,AL,business_financial,396621,0.5595973865129054,1,54,0.78,0.4,0.6
2136,4,0,CT,education,81572,1.932707223459147,1,40,0.45,0.2,0.8
2137,2,0,DE,installation,39533,0.789477523881942,1,63,0.25,0.2,0.8
2138,2,0,WY,transportation,34796,0.9990864084102213,0,42,0.3,0.4,0.6
2139,2,0,AL,healthcare_practitioners,172298,1.0745201108511537,1,57,0.4,0.1,0.9
2140,2,1,AK,production,50563,1.0854908475885168,1,64,0.35,0.45,0.55
2141,1,1,KS,education,445288,1.78028792492114,1,24,0.45,0.2,0.8
2142,3,1,AK,office_admin,193326,1.9438818957423791,0,50,0.75,0.55,0.45
2143,3,0,WI,installation,182355,1.0284669805550948,1,71,0.25,0.2,0.8
2144,3,3,CO,building_grounds,35986,1.8875446466263384,1,37,0.18,0.3,0.7
2145,4,0,SD,healthcare_practitioners,5467,1.3194539566757157,1,37,0.4,0.1,0.9
2146,1,1,MA,healthcare_support,15924,1.0506716594099998,1,57,0.3,0.2,0.8
2147,1,2,SC,personal_care,16826,0.9121919359313324,1,65,0.22,0.15,0.85
2148,3,1,TN,education,80263,1.9033046041149646,1,54,0.45,0.2,0.8
2149,1,1,NJ,production,187915,0.9218302022200078,1,63,0.35,0.45,0.55
2150,2,0,HI,personal_care,54874,0.812744839116931,0,59,0.22,0.15,0.85
2151,2,1,NM,production,34785,0.7656671346630901,0,67,0.35,0.45,0.55
2152,2,0,GA,business_financial,168841,0.9576968719484285,1,23,0.78,0.4,0.6
2153,1,1,KS,personal_care,58792,1.4024591555353254,1,27,0.22,0.15,0.85
2154,3,0,WV,office_admin,106195,0.7481876300880685,1,72,0.75,0.55,0.45
2155,2,1,UT,office_admin,7634,1.9808546690037474,1,35,0.75,0.55,0.45
2156,1,0,PA,office_admin,56092,1.7020852247951552,0,36,0.75,0.55,0.45
2157,3,1,PA,office_admin,139742,1.4268075064755976,0,67,0.75,0.55,0.45
2158,3,0,NC,production,108856,1.8782439565984532,1,60,0.35,0.45,0.55
2159,2,0,OR,personal_care,14738,1.4091111439047381,1,37,0.22,0.15,0.85
2160,3,0,OH,transportation,53582,1.7720984870102257,1,28,0.3,0.4,0.6
2161,2,2,NE,food_prep,28720,0.5772907948121428,1,74,0.2,0.25,0.75
2162,2,1,LA,sales,72595,1.4320876591373235,1,49,0.55,0.4,0.6
2163,3,0,MI,food_prep,53040,1.2279623829526827,0,54,0.2,0.25,0.75
2164,3,0,MT,management,20450,1.606144911958836,1,42,0.72,0.35,0.65
2165,3,2,UT,education,34915,0.5119148453231901,1,51,0.45,0.2,0.8
2166,3,3,WA,building_grounds,16279,1.6198927205987275,0,57,0.18,0.3,0.7
2167,1,0,WV,installation,70019,1.7309757213806733,0,23,0.25,0.2,0.8
2168,1,0,AR,sales,135541,1.9691885472275317,1,66,0.55,0.4,0.6
2169,3,0,MT,food_prep,30234,1.6700586841907352,1,33,0.2,0.25,0.75
2170,2,1,TN,sales,148973,1.6708077458897606,1,71,0.55,0.4,0.6
2171,1,0,ME,transportation,15385,1.834955521626398,0,32,0.3,0.4,0.6
2172,2,1,CA,office_admin,10254,1.2606170839862898,1,71,0.75,0.55,0.45
2173,1,0,MI,healthcare_support,38448,1.1076137138297781,0,41,0.3,0.2,0.8
2174,3,3,NE,healthcare_support,54915,1.3788848904659972,1,43,0.3,0.2,0.8
2175,2,3,WV,management,202839,1.9848545198328793,0,61,0.72,0.35,0.65
2176,1,0,CT,construction,121632,0.5217978925211355,1,41,0.2,0.25,0.75
2177,2,0,TN,building_grounds,36480,0.7451076651923358,0,38,0.18,0.3,0.7
2178,1,1,AK,transportation,160098,0.9689431808656082,1,33,0.3,0.4,0.6
2179,4,1,VT,installation,156451,1.3032148955389857,1,75,0.25,0.2,0.8
2180,2,0,HI,office_admin,229958,1.8936049917247146,0,47,0.75,0.55,0.45
2181,3,0,IL,transportation,157029,0.5290853915503249,1,36,0.3,0.4,0.6
2182,2,0,TN,office_admin,27500,0.9673583735711873,1,40,0.75,0.55,0.45
2183,2,0,ND,management,51814,1.1955351555952802,0,34,0.72,0.35,0.65
2184,2,1,HI,business_financial,161324,0.6570822511566803,1,26,0.78,0.4,0.6
2185,4,1,WV,transportation,9264,0.986592908273451,1,26,0.3,0.4,0.6
2186,2,0,NE,computer_math,100554,1.1506636564154178,1,24,0.85,0.25,0.75
2187,1,1,HI,food_prep,17425,1.7621729868697003,1,45,0.2,0.25,0.75
2188,3,0,OH,food_prep,71957,1.3081838784273714,1,23,0.2,0.25,0.75
2189,1,0,OH,life_physical_social,32167,1.4628712295088917,1,27,0.55,0.25,0.75
2190,1,2,NY,production,14973,1.1752775470959023,1,64,0.35,0.45,0.55
2191,1,2,KY,computer_math,35674,1.5668818280100822,0,74,0.85,0.25,0.75
2192,1,0,MS,office_admin,183568,1.333358234493062,1,27,0.75,0.55,0.45
2193,1,3,TX,education,15294,1.6634659219998866,1,27,0.45,0.2,0.8
2194,2,1,LA,community_social,500000,0.8225851326715201,1,60,0.35,0.15,0.85
2195,4,2,GA,community_social,34519,0.5076563003240153,0,75,0.35,0.15,0.85
2196,1,0,AR,sales,178395,0.6662878086790442,1,44,0.55,0.4,0.6
2197,1,0,NY,arts_media,13737,1.9063122576335445,0,32,0.6,0.35,0.65
2198,1,1,IN,building_grounds,47699,1.5945772373815998,1,58,0.18,0.3,0.7
2199,1,2,UT,healthcare_practitioners,127454,1.2905801166780293,0,65,0.4,0.1,0.9
2200,3,1,MI,protective_service,48870,1.1320615918375552,1,57,0.25,0.15,0.85
2201,2,0,VA,transportation,24660,1.767518964712508,1,40,0.3,0.4,0.6
2202,3,1,SC,education,373806,1.7924842963693663,1,70,0.45,0.2,0.8
2203,3,1,OH,business_financial,35816,0.8602144544711336,0,75,0.78,0.4,0.6
2204,1,0,AR,production,100037,1.2770437834551558,1,39,0.35,0.45,0.55
2205,3,3,UT,production,66031,0.8658899273723364,0,73,0.35,0.45,0.55
2206,3,1,SC,architecture_engineering,19405,1.74688213376794,0,74,0.68,0.3,0.7
2207,1,0,VT,sales,59894,1.3278524504275993,1,45,0.55,0.4,0.6
2208,3,0,AR,farming,77162,1.1502171786269173,1,54,0.15,0.2,0.8
2209,3,0,NC,sales,180256,0.8666209089569747,1,29,0.55,0.4,0.6
2210,2,1,GA,office_admin,96008,1.1476571903331205,1,55,0.75,0.55,0.45
2211,4,0,OH,business_financial,92011,1.2352039603283629,0,49,0.78,0.4,0.6
2212,4,2,VA,business_financial,44302,1.2327949025202543,1,34,0.78,0.4,0.6
2213,1,0,CT,protective_service,35852,1.3652624164242297,0,26,0.25,0.15,0.85
2214,1,0,OR,sales,30268,0.5533316009677947,0,53,0.55,0.4,0.6
2215,1,1,VT,healthcare_practitioners,18852,0.6592454150086269,1,40,0.4,0.1,0.9
2216,1,1,NY,personal_care,24220,0.8934406815096736,0,27,0.22,0.15,0.85
2217,4,3,IN,construction,136431,0.9618483084486797,1,33,0.2,0.25,0.75
2218,1,0,NV,business_financial,78458,1.2485571028664708,0,34,0.78,0.4,0.6
2219,2,1,AL,sales,77885,1.8530720218550414,0,60,0.55,0.4,0.6
2220,1,0,SC,healthcare_support,19464,1.1997633713763207,1,25,0.3,0.2,0.8
2221,2,2,IA,sales,27004,1.9370470145950094,0,42,0.55,0.4,0.6
2222,1,0,VA,installation,35237,1.920731207355857,0,70,0.25,0.2,0.8
2223,4,0,TX,office_admin,139726,1.4659281057538465,1,41,0.75,0.55,0.45
2224,3,1,NV,management,132833,1.980356479762122,1,28,0.72,0.35,0.65
2225,3,3,ME,business_financial,61867,0.8177754750940949,1,43,0.78,0.4,0.6
2226,2,1,NY,personal_care,229978,0.6997138808947057,1,74,0.22,0.15,0.85
2227,1,0,KS,computer_math,28816,1.5926203979179263,1,22,0.85,0.25,0.75
2228,3,1,NH,personal_care,41093,1.050257066031918,0,62,0.22,0.15,0.85
2229,1,1,MN,business_financial,122080,1.8048418088583276,0,26,0.78,0.4,0.6
2230,4,0,ID,transportation,75259,1.4626007098704576,1,29,0.3,0.4,0.6
2231,1,0,KY,food_prep,50625,0.9547055970178917,1,31,0.2,0.25,0.75
2232,3,2,AZ,transportation,152408,1.51418857218232,0,25,0.3,0.4,0.6
2233,1,0,LA,transportation,143500,0.5068705073790625,1,36,0.3,0.4,0.6
2234,2,2,NJ,production,130382,1.4264968633651733,1,23,0.35,0.45,0.55
2235,1,0,SC,healthcare_practitioners,5000,0.6519819964887574,1,57,0.4,0.1,0.9
2236,3,0,AR,production,88917,1.6168633146444336,1,63,0.35,0.45,0.55
2237,1,1,NH,sales,67247,1.541511746472679,1,52,0.55,0.4,0.6
2238,3,1,MA,healthcare_practitioners,52513,0.7906615714309737,0,30,0.4,0.1,0.9
2239,1,0,NV,construction,114393,1.1524318642914295,1,33,0.2,0.25,0.75
2240,2,1,MA,protective_service,54504,0.8139751002890989,1,56,0.25,0.15,0.85
2241,1,0,AR,office_admin,29749,0.8534224753966555,1,70,0.75,0.55,0.45
2242,4,0,WY,personal_care,38331,1.4491239237831905,0,38,0.22,0.15,0.85
2243,3,3,IN,construction,272716,1.0133047131821513,1,47,0.2,0.25,0.75
2244,1,1,CO,farming,22059,1.0024664381053299,0,26,0.15,0.2,0.8
2245,1,1,IA,healthcare_support,47414,1.2676176390377805,1,66,0.3,0.2,0.8
2246,1,0,WY,building_grounds,155026,1.212489603436552,1,68,0.18,0.3,0.7
2247,1,1,DE,production,9773,1.911457903101109,1,67,0.35,0.45,0.55
2248,3,0,MD,construction,72870,1.3399755982682109,1,44,0.2,0.25,0.75
2249,2,0,AR,management,126476,1.049004901200533,1,27,0.72,0.35,0.65
2250,2,2,MD,business_financial,65809,1.4724034490063787,1,67,0.78,0.4,0.6
2251,1,1,RI,office_admin,64153,1.035592874395661,1,52,0.75,0.55,0.45
2252,1,1,MA,sales,34046,1.3522896044887602,1,36,0.55,0.4,0.6
2253,3,2,GA,management,68151,1.8917346849339083,1,23,0.72,0.35,0.65
2254,2,2,ND,education,68695,1.742297667893581,1,56,0.45,0.2,0.8
2255,4,1,DE,food_prep,98482,1.3090432295575738,1,48,0.2,0.25,0.75
2256,2,0,ND,protective_service,199079,0.6196267389459535,1,58,0.25,0.15,0.85
2257,3,0,NM,protective_service,18907,0.5637521845055744,1,75,0.25,0.15,0.85
2258,4,0,FL,office_admin,163173,0.6477300218539312,1,45,0.75,0.55,0.45
2259,2,0,NY,farming,96179,1.2316029609646648,1,58,0.15,0.2,0.8
2260,3,0,WA,office_admin,100788,1.3901458610780537,0,71,0.75,0.55,0.45
2261,1,3,NM,sales,39200,1.0296157416887581,1,23,0.55,0.4,0.6
2262,2,1,SD,business_financial,51332,1.9598449121695012,0,53,0.78,0.4,0.6
2263,1,2,CO,protective_service,12865,0.5187085552606732,0,35,0.25,0.15,0.85
2264,2,0,WA,management,108649,1.9640386189566925,1,66,0.72,0.35,0.65
2265,1,3,AR,education,21922,0.7041586703853682,0,63,0.45,0.2,0.8
2266,1,0,ID,production,62285,1.5777759709162638,1,35,0.35,0.45,0.55
2267,1,0,SD,sales,93169,1.8195253930753097,1,29,0.55,0.4,0.6
2268,3,0,OK,food_prep,260549,1.269808606011793,1,45,0.2,0.25,0.75
2269,2,1,LA,sales,36413,0.5533508154330775,1,47,0.55,0.4,0.6
2270,2,1,AK,production,86232,1.6273379139602184,0,33,0.35,0.45,0.55
2271,1,0,MD,legal,78926,1.3566775178769603,1,53,0.8,0.45,0.55
2272,2,2,NC,sales,53870,1.3450494174612686,1,45,0.55,0.4,0.6
2273,1,1,MD,office_admin,52677,0.5902428831905127,1,46,0.75,0.55,0.45
2274,3,0,FL,food_prep,23004,0.5552852842956781,1,61,0.2,0.25,0.75
2275,4,1,LA,legal,171878,1.3214059307938442,1,55,0.8,0.45,0.55
2276,3,0,CT,transportation,109251,1.6214050184935331,0,70,0.3,0.4,0.6
2277,2,3,IL,office_admin,84212,1.0160157129867002,1,33,0.75,0.55,0.45
2278,2,0,TN,office_admin,91068,1.2178698712959886,1,37,0.75,0.55,0.45
2279,1,0,NC,production,182273,1.6051582421641797,1,69,0.35,0.45,0.55
2280,1,1,TX,office_admin,7199,0.8294097047764808,0,58,0.75,0.55,0.45
2281,1,1,MI,healthcare_support,28195,0.7275956943631172,0,66,0.3,0.2,0.8
2282,3,0,CA,personal_care,38972,1.421017119428143,0,64,0.22,0.15,0.85
2283,1,3,CO,office_admin,14138,1.0232230296824127,1,67,0.75,0.55,0.45
2284,1,0,HI,construction,90784,1.9726188543718308,1,45,0.2,0.25,0.75
2285,2,2,OR,sales,16393,1.8013595988741145,1,70,0.55,0.4,0.6
2286,2,0,OR,protective_service,103215,1.8124187140492722,0,34,0.25,0.15,0.85
2287,2,0,OH,healthcare_practitioners,154840,1.1553016861435026,1,39,0.4,0.1,0.9
2288,3,1,AL,construction,69465,1.1763394493609667,1,74,0.2,0.25,0.75
2289,1,0,MT,personal_care,17353,0.7310917809372768,1,23,0.22,0.15,0.85
2290,4,0,MA,management,121842,1.761794901220128,1,67,0.72,0.35,0.65
2291,3,0,IA,food_prep,348767,0.9938190671382472,1,68,0.2,0.25,0.75
2292,1,0,ME,sales,46182,1.4091318824794143,1,71,0.55,0.4,0.6
2293,4,0,AZ,healthcare_support,23605,1.2805883883265778,1,35,0.3,0.2,0.8
2294,2,0,WA,building_grounds,176418,0.9589815508807078,1,73,0.18,0.3,0.7
2295,2,1,SD,sales,56397,1.2645587986335158,1,36,0.55,0.4,0.6
2296,2,2,LA,office_admin,40929,1.8702492627780885,1,71,0.75,0.55,0.45
2297,1,1,MS,sales,50858,1.5195756709435955,0,75,0.55,0.4,0.6
2298,1,1,IN,business_financial,38279,1.0343287590658292,0,50,0.78,0.4,0.6
2299,2,1,MO,transportation,25167,1.6232420009328052,0,74,0.3,0.4,0.6
2300,3,0,OH,transportation,52330,0.5503650491591543,1,69,0.3,0.4,0.6
2301,4,0,TN,life_physical_social,317887,1.763866801164113,1,64,0.55,0.25,0.75
2302,2,3,KS,installation,45547,0.9358634998789057,1,32,0.25,0.2,0.8
2303,3,0,OK,computer_math,46986,0.7167545858537778,1,25,0.85,0.25,0.75
2304,1,1,OK,transportation,176744,0.9475313231814653,1,47,0.3,0.4,0.6
2305,2,0,KS,office_admin,124136,1.4629612598801032,1,65,0.75,0.55,0.45
2306,1,0,SC,management,254151,1.9627937132027,0,25,0.72,0.35,0.65
2307,2,0,HI,community_social,22122,1.8569140477338806,1,73,0.35,0.15,0.85
2308,2,3,WV,healthcare_practitioners,152693,1.9370793872512877,1,26,0.4,0.1,0.9
2309,4,1,WA,building_grounds,182999,0.9696123542962596,1,68,0.18,0.3,0.7
2310,1,1,NM,food_prep,25542,0.6535184573149309,1,63,0.2,0.25,0.75
2311,1,1,MA,transportation,81625,0.9125932649476454,1,23,0.3,0.4,0.6
2312,3,0,VT,computer_math,57190,0.889792479807511,1,55,0.85,0.25,0.75
2313,2,0,PA,healthcare_practitioners,74008,0.8580368569819257,1,57,0.4,0.1,0.9
2314,1,0,WA,healthcare_practitioners,17014,1.8116503757191822,1,24,0.4,0.1,0.9
2315,1,0,ME,personal_care,35682,1.6460842677624896,0,40,0.22,0.15,0.85
2316,1,1,NH,office_admin,40500,0.9689258928410709,0,33,0.75,0.55,0.45
2317,2,1,WA,transportation,9556,1.1098491670563817,1,56,0.3,0.4,0.6
2318,1,0,IL,office_admin,32834,0.9251094762003049,1,71,0.75,0.55,0.45
2319,1,0,NM,production,80352,0.5919653450837359,1,56,0.35,0.45,0.55
2320,2,0,NY,sales,77492,1.5288465151097625,0,55,0.55,0.4,0.6
2321,1,0,NJ,food_prep,111845,1.317842498770915,0,59,0.2,0.25,0.75
2322,4,3,ID,personal_care,12868,1.4942849157378078,1,61,0.22,0.15,0.85
2323,2,0,AK,transportation,26392,1.8779263788601384,1,61,0.3,0.4,0.6
2324,2,0,WY,food_prep,146049,0.7374392205383629,1,36,0.2,0.25,0.75
2325,1,1,DE,production,34169,1.3509385901270434,1,28,0.35,0.45,0.55
2326,3,1,NH,life_physical_social,31051,0.509277380304411,1,74,0.55,0.25,0.75
2327,3,0,WA,construction,153775,1.2519696990493685,1,75,0.2,0.25,0.75
2328,3,0,MA,transportation,12775,1.5005038590170443,1,22,0.3,0.4,0.6
2329,4,1,MO,sales,38264,0.5528065079124644,0,35,0.55,0.4,0.6
2330,2,3,TN,architecture_engineering,92753,1.2444901077542454,0,71,0.68,0.3,0.7
2331,2,1,WI,building_grounds,22866,1.7070208159275353,1,60,0.18,0.3,0.7
2332,3,0,AK,office_admin,93952,1.0375497973291203,1,59,0.75,0.55,0.45
2333,1,3,NC,transportation,66150,1.3536128331907094,0,29,0.3,0.4,0.6
2334,2,1,CT,food_prep,17995,1.659021466737613,0,43,0.2,0.25,0.75
2335,4,0,GA,healthcare_practitioners,14496,1.6140318040270358,1,59,0.4,0.1,0.9
2336,1,0,TN,legal,16191,1.6233253023819998,0,75,0.8,0.45,0.55
2337,2,1,MN,office_admin,96330,0.6800317756133154,0,25,0.75,0.55,0.45
2338,3,0,MD,installation,75598,1.4825530732050538,1,74,0.25,0.2,0.8
2339,2,1,NE,production,28377,1.4617964149219915,1,27,0.35,0.45,0.55
2340,4,1,MD,building_grounds,33540,1.129761341609992,0,75,0.18,0.3,0.7
2341,2,0,NY,management,63596,1.5491605303250253,1,43,0.72,0.35,0.65
2342,1,2,DE,farming,104227,1.6587408821796998,0,39,0.15,0.2,0.8
2343,3,3,LA,sales,68686,0.6092573489295319,1,31,0.55,0.4,0.6
2344,1,2,OK,legal,21244,1.1574957355624065,1,28,0.8,0.45,0.55
2345,4,0,MI,office_admin,19290,0.5739706475287676,1,60,0.75,0.55,0.45
2346,2,2,OH,production,30346,1.520973662729375,1,55,0.35,0.45,0.55
2347,4,0,HI,computer_math,95734,1.675276100402698,0,67,0.85,0.25,0.75
2348,1,0,VA,production,27818,1.8979848263552412,1,62,0.35,0.45,0.55
2349,1,0,OK,architecture_engineering,34066,1.4318086978746578,1,58,0.68,0.3,0.7
2350,1,0,CT,food_prep,16095,1.2318577334517613,0,66,0.2,0.25,0.75
2351,1,3,NY,community_social,188506,0.9255580592434853,1,36,0.35,0.15,0.85
2352,1,0,MO,arts_media,21930,1.3910663578426465,1,27,0.6,0.35,0.65
2353,2,0,PA,transportation,45013,1.7477123871212825,1,30,0.3,0.4,0.6
2354,2,3,AR,farming,34098,1.3112900622654706,1,35,0.15,0.2,0.8
2355,4,2,IA,management,380001,0.6460280928295106,1,67,0.72,0.35,0.65
2356,3,2,MS,office_admin,66208,1.6784402953926474,1,71,0.75,0.55,0.45
2357,4,0,IL,architecture_engineering,16712,1.7891024464042857,1,57,0.68,0.3,0.7
2358,1,0,FL,office_admin,47502,1.8236270169727504,1,29,0.75,0.55,0.45
2359,2,0,AZ,computer_math,83162,1.880540325306356,1,24,0.85,0.25,0.75
2360,4,1,VT,arts_media,331822,0.6005239115329459,1,66,0.6,0.35,0.65
2361,1,0,CA,management,92981,1.9091787078650668,0,28,0.72,0.35,0.65
2362,1,2,MS,business_financial,69046,1.4191729784943163,1,42,0.78,0.4,0.6
2363,2,1,TN,transportation,113230,1.158248427673243,0,47,0.3,0.4,0.6
2364,2,1,IL,protective_service,20758,1.1493058666819707,1,43,0.25,0.15,0.85
2365,1,0,IN,personal_care,22277,1.4788185934303328,0,29,0.22,0.15,0.85
2366,3,0,AL,construction,39206,1.9072075601434335,1,27,0.2,0.25,0.75
2367,2,1,KS,arts_media,66116,0.8191710493993014,1,31,0.6,0.35,0.65
2368,1,1,NY,computer_math,10078,0.8219789247959852,0,59,0.85,0.25,0.75
2369,1,3,AR,healthcare_support,88299,1.9612449019914493,1,24,0.3,0.2,0.8
2370,2,2,FL,installation,18538,1.701697254087776,1,72,0.25,0.2,0.8
2371,2,1,MN,office_admin,27892,0.8219506246969104,0,34,0.75,0.55,0.45
2372,2,2,MS,management,11077,0.8388065024046227,1,59,0.72,0.35,0.65
2373,1,0,CO,food_prep,5000,1.951078796875663,1,27,0.2,0.25,0.75
2374,2,3,NE,food_prep,115310,1.6822150816442445,1,68,0.2,0.25,0.75
2375,2,0,GA,business_financial,148930,1.156891577760689,1,36,0.78,0.4,0.6
2376,1,3,OR,sales,14557,1.0428435482317582,1,44,0.55,0.4,0.6
2377,3,0,CT,sales,107037,0.731820122920908,1,46,0.55,0.4,0.6
2378,2,0,KS,production,174444,1.8835473068756983,1,43,0.35,0.45,0.55
2379,1,1,CO,business_financial,253925,1.6497821224620566,1,53,0.78,0.4,0.6
2380,2,3,RI,transportation,13743,1.6000384918879718,1,23,0.3,0.4,0.6
2381,3,0,ID,transportation,77073,1.3767613901291043,1,24,0.3,0.4,0.6
2382,3,2,NJ,building_grounds,76576,0.8142010100418702,1,74,0.18,0.3,0.7
2383,1,2,IL,transportation,108787,1.4669172841822729,1,75,0.3,0.4,0.6
2384,3,1,VT,transportation,45513,1.493109267205,0,75,0.3,0.4,0.6
2385,1,2,KS,management,39282,1.1000537973595783,0,31,0.72,0.35,0.65
2386,3,1,IA,management,17415,1.9027034662431106,1,24,0.72,0.35,0.65
2387,4,2,MT,sales,24546,1.5169100654311478,0,39,0.55,0.4,0.6
2388,3,2,WA,construction,31959,0.5727915198076516,0,35,0.2,0.25,0.75
2389,2,2,WI,sales,123847,1.0967772506410256,1,46,0.55,0.4,0.6
2390,2,0,OH,office_admin,82946,1.298063010792248,0,65,0.75,0.55,0.45
2391,2,3,NE,management,38057,0.6139556375565007,1,73,0.72,0.35,0.65
2392,3,0,LA,management,70814,1.9040763727389276,1,42,0.72,0.35,0.65
2393,2,3,PA,protective_service,25725,1.3829779766965657,0,68,0.25,0.15,0.85
2394,1,0,DE,arts_media,162318,1.3518627141602337,1,65,0.6,0.35,0.65
2395,1,0,OK,office_admin,225243,1.6153323167236522,1,47,0.75,0.55,0.45
2396,1,0,AL,architecture_engineering,141915,0.8188953277422115,1,35,0.68,0.3,0.7
2397,1,0,AK,installation,102218,1.6633292899932712,1,42,0.25,0.2,0.8
2398,2,2,MS,life_physical_social,7092,0.9354581939987838,1,51,0.55,0.25,0.75
2399,4,0,UT,building_grounds,52228,1.7227635814342648,1,66,0.18,0.3,0.7
2400,4,0,TN,business_financial,32757,0.9028638838790357,1,32,0.78,0.4,0.6
2401,1,2,CT,food_prep,10593,1.1131258237874135,0,42,0.2,0.25,0.75
2402,3,1,AZ,food_prep,167824,1.3978818788891658,1,46,0.2,0.25,0.75
2403,3,1,AR,office_admin,125593,1.0052005066536367,1,36,0.75,0.55,0.45
2404,1,1,MA,office_admin,76040,1.4827981272246689,0,48,0.75,0.55,0.45
2405,3,0,NC,computer_math,16109,0.5360793640138581,1,42,0.85,0.25,0.75
2406,3,1,MD,food_prep,159010,1.2633695888798684,1,68,0.2,0.25,0.75
2407,2,1,CA,production,347265,0.8767790467245504,1,75,0.35,0.45,0.55
2408,1,2,MI,personal_care,68698,0.5311055786442012,0,37,0.22,0.15,0.85
2409,4,3,WV,business_financial,41086,1.2209993917495012,1,45,0.78,0.4,0.6
2410,2,0,NH,community_social,12506,1.441162029397674,1,64,0.35,0.15,0.85
2411,2,2,SD,business_financial,51019,1.4522313474444672,1,31,0.78,0.4,0.6
2412,3,2,IA,education,21339,0.580420189187862,0,36,0.45,0.2,0.8
2413,3,1,NY,food_prep,40840,1.8928421795135364,1,65,0.2,0.25,0.75
2414,3,0,RI,community_social,44108,1.4237571108387783,1,31,0.35,0.15,0.85
2415,4,2,MS,office_admin,64923,1.050677120219916,1,36,0.75,0.55,0.45
2416,3,2,AL,office_admin,65588,0.9556278805248439,1,41,0.75,0.55,0.45
2417,1,0,NM,production,21044,1.678839837666601,0,28,0.35,0.45,0.55
2418,3,0,WI,transportation,43006,0.512997574172914,1,35,0.3,0.4,0.6
2419,2,1,FL,personal_care,29597,1.814761237706989,0,71,0.22,0.15,0.85
2420,2,1,DE,sales,216798,1.8323181124869734,1,31,0.55,0.4,0.6
2421,1,3,IN,construction,21780,1.1694372014608234,0,48,0.2,0.25,0.75
2422,1,0,AZ,installation,217300,1.270078762434423,1,70,0.25,0.2,0.8
2423,2,0,NE,building_grounds,49300,0.9069924524519593,0,47,0.18,0.3,0.7
2424,4,3,NH,management,41765,0.5017786702373996,1,39,0.72,0.35,0.65
2425,2,1,ND,healthcare_practitioners,52567,1.0018411907367408,1,52,0.4,0.1,0.9
2426,3,0,MI,management,138070,1.4235560111701488,1,39,0.72,0.35,0.65
2427,2,0,TX,office_admin,72243,1.77377209009137,1,28,0.75,0.55,0.45
2428,4,0,ND,healthcare_support,274410,0.5295818003360182,1,64,0.3,0.2,0.8
2429,2,2,IN,management,52028,0.7717710258439183,0,75,0.72,0.35,0.65
2430,2,0,CT,construction,24933,1.8114315500715747,1,56,0.2,0.25,0.75
2431,1,0,WA,healthcare_support,52524,0.6002094165887684,1,75,0.3,0.2,0.8
2432,3,0,OR,community_social,21137,1.8967908371705562,0,52,0.35,0.15,0.85
2433,2,0,GA,business_financial,52820,0.855164977372624,1,23,0.78,0.4,0.6
2434,3,1,MI,office_admin,23339,1.5630067973397672,0,60,0.75,0.55,0.45
2435,3,0,NH,farming,162032,0.8247357844375074,1,49,0.15,0.2,0.8
2436,2,0,AL,personal_care,15315,0.7605066783726215,0,48,0.22,0.15,0.85
2437,3,0,MA,transportation,129376,0.9076629631454125,1,46,0.3,0.4,0.6
2438,3,0,OK,food_prep,22771,0.7307341736741364,1,41,0.2,0.25,0.75
2439,1,0,IL,management,35436,0.8270016657188535,0,75,0.72,0.35,0.65
2440,1,2,DE,education,146233,1.137887934804894,1,30,0.45,0.2,0.8
2441,1,1,FL,education,98254,1.1582888846751302,1,40,0.45,0.2,0.8
2442,4,3,VT,management,76365,1.3932794858701527,1,52,0.72,0.35,0.65
2443,2,3,NM,education,185379,1.3223357492825016,0,63,0.45,0.2,0.8
2444,1,1,NV,construction,42041,0.6760039404034615,0,71,0.2,0.25,0.75
2445,2,0,SC,production,61600,1.4958601606776938,0,28,0.35,0.45,0.55
2446,3,0,IA,management,23963,0.8871614960953593,0,37,0.72,0.35,0.65
2447,3,3,NY,office_admin,137621,1.4824607140617445,0,66,0.75,0.55,0.45
2448,2,3,MN,installation,31878,0.5026590739144012,0,28,0.25,0.2,0.8
2449,1,0,MS,sales,99894,1.2931619852315634,0,63,0.55,0.4,0.6
2450,3,0,MT,management,212875,0.7944332452025265,0,30,0.72,0.35,0.65
2451,2,0,AR,building_grounds,117014,0.706784320762381,1,24,0.18,0.3,0.7
2452,1,3,WV,management,106673,1.0071453027194366,1,64,0.72,0.35,0.65
2453,2,0,OK,personal_care,21265,0.8991231623804197,1,29,0.22,0.15,0.85
2454,1,3,MI,sales,44488,0.78915552678518,1,33,0.55,0.4,0.6
2455,1,0,KY,office_admin,18833,1.3342208584072068,0,43,0.75,0.55,0.45
2456,1,3,ME,office_admin,182463,0.711189585737884,1,55,0.75,0.55,0.45
2457,2,3,MO,transportation,11290,1.6647292274283245,0,22,0.3,0.4,0.6
2458,2,0,VT,food_prep,424642,0.7808665855554864,0,26,0.2,0.25,0.75
2459,2,0,NJ,transportation,131685,0.7195214531384408,0,29,0.3,0.4,0.6
2460,2,1,AR,transportation,23093,1.208083447883837,1,71,0.3,0.4,0.6
2461,2,0,KY,production,77877,0.9991503923665732,1,73,0.35,0.45,0.55
2462,2,1,UT,production,63627,0.9246411813655868,1,51,0.35,0.45,0.55
2463,3,1,NY,computer_math,35304,0.8231149730272591,1,55,0.85,0.25,0.75
2464,3,1,CO,healthcare_practitioners,105238,1.8648984918836504,1,65,0.4,0.1,0.9
2465,2,0,NC,education,63322,1.0231988737359643,1,35,0.45,0.2,0.8
2466,1,0,AK,personal_care,252341,1.8327349270693958,1,63,0.22,0.15,0.85
2467,1,1,UT,healthcare_practitioners,213049,1.4707497347844765,1,48,0.4,0.1,0.9
2468,1,0,CT,healthcare_practitioners,85990,0.7178429756313562,1,35,0.4,0.1,0.9
2469,1,1,IN,life_physical_social,10031,0.6320220876950771,0,60,0.55,0.25,0.75
2470,1,0,KS,building_grounds,58774,1.2487585748312995,1,49,0.18,0.3,0.7
2471,3,1,FL,office_admin,39972,0.5351484572747722,1,68,0.75,0.55,0.45
2472,1,0,VA,office_admin,80671,1.875472023151815,1,34,0.75,0.55,0.45
2473,2,0,SC,healthcare_practitioners,31746,0.9777776869013906,1,66,0.4,0.1,0.9
2474,1,2,NH,construction,500000,1.48864640283864,1,23,0.2,0.25,0.75
2475,1,0,OR,production,11712,0.9726874674670398,1,44,0.35,0.45,0.55
2476,2,1,LA,office_admin,96911,1.3746003664564341,1,44,0.75,0.55,0.45
2477,2,0,NM,food_prep,97941,1.8190925823291764,1,38,0.2,0.25,0.75
2478,1,1,NH,healthcare_practitioners,121347,0.6045378348790109,0,48,0.4,0.1,0.9
2479,2,1,WA,life_physical_social,25605,1.9930816047126427,1,73,0.55,0.25,0.75
2480,2,3,KS,transportation,25345,1.3327241966035217,1,64,0.3,0.4,0.6
2481,1,3,NE,office_admin,301742,1.4209127804497257,1,49,0.75,0.55,0.45
2482,1,0,AZ,office_admin,63971,1.397428808384575,0,26,0.75,0.55,0.45
2483,1,0,DE,transportation,87248,1.5192843379918486,0,38,0.3,0.4,0.6
2484,3,0,AL,construction,119281,0.7774311996763572,0,72,0.2,0.25,0.75
2485,4,0,VA,transportation,270354,1.4167632372118533,1,22,0.3,0.4,0.6
2486,1,0,WI,transportation,43684,1.3175159157253802,0,30,0.3,0.4,0.6
2487,3,1,OH,arts_media,398768,0.9654512744164094,1,64,0.6,0.35,0.65
2488,4,1,MD,education,25369,0.6502663567662239,1,29,0.45,0.2,0.8
2489,4,0,MO,sales,500000,1.2489419806515798,1,45,0.55,0.4,0.6
2490,3,2,MI,installation,21471,1.3009629760636017,1,34,0.25,0.2,0.8
2491,3,0,NH,transportation,140643,0.7663900989573449,1,56,0.3,0.4,0.6
2492,1,0,PA,transportation,51938,1.7537467305082828,1,50,0.3,0.4,0.6
2493,2,0,DE,office_admin,29129,0.6653278188314289,1,60,0.75,0.55,0.45
2494,2,3,AR,sales,74233,0.5444059714209288,0,56,0.55,0.4,0.6
2495,4,1,SD,education,25413,0.7576260525966063,1,62,0.45,0.2,0.8
2496,1,3,CT,arts_media,24916,1.641766655142419,1,59,0.6,0.35,0.65
2497,3,1,GA,management,7823,0.8713926838245243,1,73,0.72,0.35,0.65
2498,3,1,DE,office_admin,55297,1.7110770172439516,1,55,0.75,0.55,0.45
2499,3,0,NV,healthcare_practitioners,56522,1.313151547103189,0,53,0.4,0.1,0.9
2500,2,1,MS,installation,31300,1.814040957367979,0,49,0.25,0.2,0.8
2501,2,0,NV,community_social,36469,0.6217723210575059,1,45,0.35,0.15,0.85
2502,1,0,KS,production,87471,0.9101302531780675,1,70,0.35,0.45,0.55
2503,1,0,UT,legal,81856,0.8215242243604735,1,44,0.8,0.45,0.55
2504,1,0,TX,life_physical_social,150776,1.2442161047365516,1,53,0.55,0.25,0.75
2505,2,0,NH,arts_media,109828,1.9438768058316782,1,62,0.6,0.35,0.65
2506,1,1,WI,business_financial,48530,1.2240413433173671,1,57,0.78,0.4,0.6
2507,4,3,DE,sales,39436,0.7882233920972794,1,70,0.55,0.4,0.6
2508,1,2,VT,sales,111921,0.6600862952182069,1,70,0.55,0.4,0.6
2509,2,0,DE,installation,75293,1.5488701040158048,1,30,0.25,0.2,0.8
2510,3,2,KY,sales,31990,0.9673115414334461,1,67,0.55,0.4,0.6
2511,4,0,IA,transportation,96949,1.937147959251888,0,55,0.3,0.4,0.6
2512,4,0,MD,legal,38924,0.9023658109363168,1,42,0.8,0.45,0.55
2513,3,2,FL,arts_media,57862,1.5785933405859396,0,65,0.6,0.35,0.65
2514,1,3,AK,sales,75934,1.3940959530882537,1,62,0.55,0.4,0.6
2515,2,2,TX,sales,58330,1.120669737108983,0,45,0.55,0.4,0.6
2516,1,1,SD,construction,102133,1.02531928953249,1,27,0.2,0.25,0.75
2517,3,1,AL,transportation,14151,0.7139910702826455,0,63,0.3,0.4,0.6
2518,1,0,KY,office_admin,80031,1.6059739665361121,1,44,0.75,0.55,0.45
2519,4,2,WA,building_grounds,273201,0.5433692906517535,1,62,0.18,0.3,0.7
2520,1,1,MD,management,61024,1.8628549283603206,1,42,0.72,0.35,0.65
2521,2,0,CO,sales,134918,0.7346563137834892,0,49,0.55,0.4,0.6
2522,1,0,KY,community_social,7766,1.274829831905663,0,31,0.35,0.15,0.85
2523,1,0,MO,food_prep,30708,1.8350240195868537,1,38,0.2,0.25,0.75
2524,2,3,ID,transportation,423594,0.5995241834316403,0,59,0.3,0.4,0.6
2525,1,0,WV,construction,198288,0.6692266579484567,0,75,0.2,0.25,0.75
2526,2,1,MS,sales,53865,0.7426031703362241,0,73,0.55,0.4,0.6
2527,1,0,PA,office_admin,85594,1.9213251029141247,1,22,0.75,0.55,0.45
2528,3,1,NE,farming,30016,0.6238860620651394,0,55,0.15,0.2,0.8
2529,2,0,AK,sales,55818,1.1995901851914823,1,65,0.55,0.4,0.6
2530,2,0,NV,production,101411,1.340293386252597,1,59,0.35,0.45,0.55
2531,4,0,MD,food_prep,120416,0.789591355365701,1,23,0.2,0.25,0.75
2532,3,1,GA,construction,92481,1.200339758885093,1,40,0.2,0.25,0.75
2533,3,1,VT,business_financial,69208,0.5868225012673065,0,72,0.78,0.4,0.6
2534,1,3,MO,food_prep,90081,0.5461272863904014,1,53,0.2,0.25,0.75
2535,3,3,NC,community_social,40324,1.8638281748862937,1,63,0.35,0.15,0.85
2536,1,3,NC,healthcare_practitioners,51556,0.7205761780496687,1,48,0.4,0.1,0.9
2537,3,0,MO,healthcare_practitioners,115116,1.7330922996625304,1,63,0.4,0.1,0.9
2538,1,0,MT,business_financial,88445,0.564156390610151,1,60,0.78,0.4,0.6
2539,2,0,CA,food_prep,19713,0.6751308307284489,0,33,0.2,0.25,0.75
2540,2,1,KS,installation,500000,0.8791125769494101,1,40,0.25,0.2,0.8
2541,1,0,MI,office_admin,134113,0.502609268645756,1,26,0.75,0.55,0.45
2542,3,1,FL,office_admin,148584,1.5665080265607685,0,46,0.75,0.55,0.45
2543,3,1,VA,management,99790,1.3076368897454813,1,56,0.72,0.35,0.65
2544,4,0,TX,office_admin,68655,1.2628823834238574,0,50,0.75,0.55,0.45
2545,2,0,OR,production,38954,1.4419699917780235,1,22,0.35,0.45,0.55
2546,2,3,MA,management,191800,0.8754271295620129,1,73,0.72,0.35,0.65
2547,2,1,NJ,sales,15536,0.5621989225037396,1,24,0.55,0.4,0.6
2548,3,1,ND,office_admin,27730,1.2876578506547958,1,44,0.75,0.55,0.45
2549,1,3,OH,installation,65068,1.7580818124115467,0,56,0.25,0.2,0.8
2550,2,0,OH,office_admin,50874,1.5327391697792336,1,36,0.75,0.55,0.45
2551,2,1,IN,sales,45079,1.1664716352242976,1,43,0.55,0.4,0.6
2552,4,3,OH,healthcare_support,70008,1.6851296565728262,1,36,0.3,0.2,0.8
2553,3,1,DE,production,76300,1.977648375206627,0,40,0.35,0.45,0.55
2554,2,1,NY,healthcare_practitioners,175341,1.6985994200222194,0,23,0.4,0.1,0.9
2555,2,1,MS,transportation,27029,1.1425124406814575,1,25,0.3,0.4,0.6
2556,1,0,KY,architecture_engineering,46701,1.8943364357110113,0,35,0.68,0.3,0.7
2557,3,1,SC,business_financial,23703,1.8261445799143985,1,75,0.78,0.4,0.6
2558,2,1,WV,management,29713,1.421026173629798,0,43,0.72,0.35,0.65
2559,2,0,KS,production,11707,0.633878406137228,0,24,0.35,0.45,0.55
2560,1,0,MA,food_prep,122447,1.845627278322354,1,43,0.2,0.25,0.75
2561,4,2,NC,construction,55545,1.4798818958224729,1,66,0.2,0.25,0.75
2562,2,0,NV,business_financial,37072,1.0542246070690453,1,47,0.78,0.4,0.6
2563,4,0,KY,community_social,23949,1.0354909074958414,0,25,0.35,0.15,0.85
2564,1,1,NM,transportation,30966,1.2017870027339086,0,72,0.3,0.4,0.6
2565,2,0,VT,sales,79424,1.9910065158037469,1,28,0.55,0.4,0.6
2566,4,1,MN,office_admin,121582,1.7940214759437367,1,26,0.75,0.55,0.45
2567,2,2,UT,community_social,47138,0.6034284103661776,1,59,0.35,0.15,0.85
2568,1,0,VA,healthcare_practitioners,9206,1.6659815986640751,1,42,0.4,0.1,0.9
2569,1,2,TX,computer_math,40575,0.5446455066557974,0,55,0.85,0.25,0.75
2570,2,0,NY,healthcare_practitioners,67766,1.1304859386291355,1,40,0.4,0.1,0.9
2571,1,2,MN,office_admin,27904,0.8630385966971517,0,53,0.75,0.55,0.45
2572,2,3,WI,food_prep,141764,1.4318243908928707,0,43,0.2,0.25,0.75
2573,4,3,KY,healthcare_practitioners,92257,1.1032215850427747,1,72,0.4,0.1,0.9
2574,2,1,OH,community_social,97771,1.4447155864909291,1,55,0.35,0.15,0.85
2575,1,2,FL,transportation,19417,1.5497829323867336,0,75,0.3,0.4,0.6
2576,1,1,ND,management,165966,1.5534301436273381,0,35,0.72,0.35,0.65
2577,3,1,MN,business_financial,123237,1.2534349786583334,1,68,0.78,0.4,0.6
2578,2,1,AL,office_admin,34436,1.0217779438244179,0,61,0.75,0.55,0.45
2579,2,0,WV,food_prep,68096,1.4919026566203684,1,67,0.2,0.25,0.75
2580,4,0,ID,office_admin,162606,1.5495418625650927,1,33,0.75,0.55,0.45
2581,1,1,CA,installation,58821,1.6991894061211497,0,39,0.25,0.2,0.8
2582,1,3,MD,arts_media,8923,1.5865051101427525,0,30,0.6,0.35,0.65
2583,2,3,FL,production,30205,0.8237895182101056,1,38,0.35,0.45,0.55
2584,1,1,ND,management,27095,1.20950180105865,0,73,0.72,0.35,0.65
2585,2,3,MN,construction,90013,1.4631141126155853,0,67,0.2,0.25,0.75
2586,2,0,MA,food_prep,73820,0.7509141252376139,1,49,0.2,0.25,0.75
2587,2,0,AR,healthcare_practitioners,226065,1.3131896302802488,1,34,0.4,0.1,0.9
2588,4,1,MN,food_prep,48917,1.8774843567516655,1,44,0.2,0.25,0.75
2589,1,1,AR,office_admin,73556,1.1825267286039889,1,56,0.75,0.55,0.45
2590,1,0,NV,sales,23396,0.9781537720700726,1,23,0.55,0.4,0.6
2591,1,0,TX,production,39200,1.7842751337448135,1,54,0.35,0.45,0.55
2592,1,0,MS,education,26763,1.530361445620656,0,53,0.45,0.2,0.8
2593,1,1,IA,food_prep,45630,0.8003226396394894,1,27,0.2,0.25,0.75
2594,4,3,NV,management,157499,1.4754880749387667,1,71,0.72,0.35,0.65
2595,1,1,NC,sales,144536,1.5765623582992703,1,72,0.55,0.4,0.6
2596,2,1,LA,personal_care,28627,1.7826184303266928,1,48,0.22,0.15,0.85
2597,3,1,ND,food_prep,117570,1.3357309511629865,0,45,0.2,0.25,0.75
2598,2,0,MT,management,111877,1.7525569633580744,1,27,0.72,0.35,0.65
2599,3,1,MA,healthcare_practitioners,78116,0.7341656591743231,1,32,0.4,0.1,0.9
2600,2,0,WY,food_prep,10149,1.9903336222050712,1,63,0.2,0.25,0.75
2601,3,3,CO,education,23240,0.7884369486710057,0,49,0.45,0.2,0.8
2602,2,2,NV,installation,57198,1.0490625009406358,1,68,0.25,0.2,0.8
2603,2,0,IN,management,19634,1.2978904197225347,0,62,0.72,0.35,0.65
2604,1,0,IN,business_financial,287578,1.109514712006785,1,26,0.78,0.4,0.6
2605,3,0,IA,business_financial,27687,1.8862836643820629,1,67,0.78,0.4,0.6
2606,2,1,WV,sales,30904,1.982350941048935,1,71,0.55,0.4,0.6
2607,1,0,CT,office_admin,149567,0.5317899184301496,0,34,0.75,0.55,0.45
2608,2,0,KS,computer_math,18078,1.2716461737873033,0,38,0.85,0.25,0.75
2609,1,1,UT,transportation,31354,1.171018916880712,1,63,0.3,0.4,0.6
2610,2,0,AL,personal_care,45103,1.0558931963751093,1,25,0.22,0.15,0.85
2611,2,1,DE,healthcare_practitioners,132810,1.4129468917381018,0,63,0.4,0.1,0.9
2612,2,0,MO,education,25555,0.5234350042883307,0,25,0.45,0.2,0.8
2613,2,0,AL,construction,56464,0.6614474132657051,0,33,0.2,0.25,0.75
2614,3,0,ND,management,44653,1.5806663245894015,1,72,0.72,0.35,0.65
2615,1,2,PA,building_grounds,287338,1.2926107699749991,1,32,0.18,0.3,0.7
2616,3,0,LA,office_admin,65450,1.7456707954406738,1,58,0.75,0.55,0.45
2617,1,2,AL,protective_service,26301,1.4031508249463513,1,32,0.25,0.15,0.85
2618,1,0,AK,construction,107355,1.9568958554882556,1,69,0.2,0.25,0.75
2619,3,1,GA,sales,94191,1.6968927559209988,1,58,0.55,0.4,0.6
2620,2,0,KS,healthcare_support,41728,1.8830696777440608,1,39,0.3,0.2,0.8
2621,1,1,WV,transportation,32489,1.4913157026749104,1,25,0.3,0.4,0.6
2622,2,3,KS,architecture_engineering,110931,1.9314302122220397,1,55,0.68,0.3,0.7
2623,1,0,NH,construction,51362,1.08175695349928,1,58,0.2,0.25,0.75
2624,1,1,FL,sales,18936,1.5649179917527363,1,38,0.55,0.4,0.6
2625,1,3,IN,business_financial,43332,1.7490746510447934,1,66,0.78,0.4,0.6
2626,2,3,SC,transportation,22406,1.1350840243976563,1,69,0.3,0.4,0.6
2627,2,0,AL,computer_math,56451,0.9676653953501955,1,47,0.85,0.25,0.75
2628,2,1,WA,education,174935,1.696962897782214,1,34,0.45,0.2,0.8
2629,4,0,MA,business_financial,23360,1.215873068664223,1,54,0.78,0.4,0.6
2630,1,2,OR,business_financial,6459,0.6347024041460827,1,57,0.78,0.4,0.6
2631,1,0,SD,protective_service,84787,1.5995015028165653,1,46,0.25,0.15,0.85
2632,2,0,IN,sales,15428,0.6246718749171123,1,58,0.55,0.4,0.6
2633,2,1,OH,education,50764,0.6486031734384596,1,39,0.45,0.2,0.8
2634,4,1,WY,healthcare_practitioners,49111,1.4168735584244132,0,30,0.4,0.1,0.9
2635,2,0,WA,transportation,105619,0.6824265010654926,0,31,0.3,0.4,0.6
2636,2,1,UT,installation,15564,1.2072963760001585,1,56,0.25,0.2,0.8
2637,1,1,TX,office_admin,8359,1.6094806663459167,0,48,0.75,0.55,0.45
2638,3,0,KS,production,56830,1.1104556270875037,1,54,0.35,0.45,0.55
2639,4,0,WA,arts_media,45739,1.285346011747606,1,27,0.6,0.35,0.65
2640,3,0,ID,transportation,23642,1.7336385489907116,1,45,0.3,0.4,0.6
2641,1,2,NC,office_admin,74457,1.7550932909362018,0,65,0.75,0.55,0.45
2642,1,0,RI,personal_care,21551,1.6932986960746348,1,45,0.22,0.15,0.85
2643,2,1,KY,office_admin,70551,0.7878130497410893,1,42,0.75,0.55,0.45
2644,1,1,NV,business_financial,73447,1.94585535407532,1,35,0.78,0.4,0.6
2645,2,1,DE,production,49425,1.6171145290136337,1,57,0.35,0.45,0.55
2646,3,1,WV,office_admin,186545,0.7109634894877672,1,55,0.75,0.55,0.45
2647,1,3,NY,construction,74189,1.397553767892532,1,74,0.2,0.25,0.75
2648,2,0,NY,business_financial,9323,1.8371466269018129,1,36,0.78,0.4,0.6
2649,3,1,TN,office_admin,200002,1.0095419200370088,1,67,0.75,0.55,0.45
2650,3,0,WA,architecture_engineering,273490,1.8133862758986652,1,47,0.68,0.3,0.7
2651,1,1,NV,business_financial,60750,1.2799808519193903,1,51,0.78,0.4,0.6
2652,1,0,KY,community_social,104511,1.1387002463452518,1,67,0.35,0.15,0.85
2653,2,2,OH,architecture_engineering,13577,1.3870520007330924,1,75,0.68,0.3,0.7
2654,2,3,AR,installation,13620,1.410977388266474,0,26,0.25,0.2,0.8
2655,1,0,ID,protective_service,30507,1.5011761313071474,1,51,0.25,0.15,0.85
2656,1,0,IL,transportation,24710,1.8132732546655461,1,56,0.3,0.4,0.6
2657,1,3,NV,production,25390,1.0040717974770814,0,57,0.35,0.45,0.55
2658,1,0,RI,education,92899,1.1138485230039805,1,43,0.45,0.2,0.8
2659,2,0,NM,personal_care,266534,0.8179855577182025,1,68,0.22,0.15,0.85
2660,1,0,WY,architecture_engineering,37938,1.9144321184139699,1,75,0.68,0.3,0.7
2661,1,3,MI,education,119641,1.2676066143903881,1,26,0.45,0.2,0.8
2662,2,1,MI,construction,113517,1.591343224979937,1,32,0.2,0.25,0.75
2663,2,0,MN,office_admin,290998,1.6683186597656459,1,47,0.75,0.55,0.45
2664,1,3,CA,transportation,252794,1.4689269890077412,1,39,0.3,0.4,0.6
2665,3,3,ME,office_admin,456051,1.6451704314677045,1,33,0.75,0.55,0.45
2666,2,3,RI,installation,42637,0.6390282963402569,1,75,0.25,0.2,0.8
2667,1,0,NY,education,133956,1.1085705265868455,1,44,0.45,0.2,0.8
2668,2,1,AR,office_admin,208095,1.7240725961746648,1,43,0.75,0.55,0.45
2669,2,2,AR,personal_care,52050,1.990756593295373,1,41,0.22,0.15,0.85
2670,3,3,RI,personal_care,44114,1.7018202354665846,1,43,0.22,0.15,0.85
2671,1,0,MO,life_physical_social,34760,0.8373611395945773,1,42,0.55,0.25,0.75
2672,3,1,AZ,business_financial,16670,1.0500685821752995,0,30,0.78,0.4,0.6
2673,1,0,GA,community_social,33023,0.7212869697250426,0,30,0.35,0.15,0.85
2674,3,3,MO,healthcare_practitioners,103954,0.9493222924647853,1,70,0.4,0.1,0.9
2675,4,1,CO,transportation,70903,1.4293453368591145,1,53,0.3,0.4,0.6
2676,1,0,MS,management,94064,0.6910718230064958,1,69,0.72,0.35,0.65
2677,4,1,CA,office_admin,129420,1.7147146717179567,1,72,0.75,0.55,0.45
2678,1,0,VT,construction,206645,1.8518421640619636,1,22,0.2,0.25,0.75
2679,1,1,UT,production,102443,1.3696880550123751,1,38,0.35,0.45,0.55
2680,2,2,MD,business_financial,47253,0.9649070276645944,1,63,0.78,0.4,0.6
2681,2,2,PA,healthcare_support,109552,1.3296202681958675,1,66,0.3,0.2,0.8
2682,1,0,IA,food_prep,29100,1.1483879910083488,1,54,0.2,0.25,0.75
2683,2,2,NJ,education,144287,0.7986163080204278,1,34,0.45,0.2,0.8
2684,2,0,NH,production,88772,1.2227424441371113,1,57,0.35,0.45,0.55
2685,3,0,KY,office_admin,500000,1.1935814258176833,1,68,0.75,0.55,0.45
2686,2,0,MT,sales,28948,1.6584660434164107,1,70,0.55,0.4,0.6
2687,2,1,CT,life_physical_social,95121,1.0707889726618305,0,71,0.55,0.25,0.75
2688,2,0,GA,management,20044,1.339120338554494,0,52,0.72,0.35,0.65
2689,3,3,NE,business_financial,18746,0.7373329896945506,1,24,0.78,0.4,0.6
2690,1,0,AR,education,416009,1.7812518427381292,1,55,0.45,0.2,0.8
2691,4,3,ND,business_financial,15114,1.1939627915853634,1,39,0.78,0.4,0.6
2692,3,0,CA,transportation,59416,1.833003129111603,1,33,0.3,0.4,0.6
2693,1,0,IA,sales,10519,1.9246740608941764,0,73,0.55,0.4,0.6
2694,2,0,NV,life_physical_social,21128,1.4827300522010773,0,30,0.55,0.25,0.75
2695,2,0,MN,personal_care,40300,1.11894011113327,0,48,0.22,0.15,0.85
2696,2,0,UT,building_grounds,304755,0.8274867781437933,1,28,0.18,0.3,0.7
2697,3,3,MD,computer_math,83107,1.882018372300081,0,63,0.85,0.25,0.75
2698,3,3,UT,installation,182688,0.709995737648569,0,42,0.25,0.2,0.8
2699,4,0,KS,computer_math,20460,0.8845834765816107,1,29,0.85,0.25,0.75
2700,2,1,OR,education,46941,1.5729690035805106,1,32,0.45,0.2,0.8
2701,3,0,KY,arts_media,113595,1.2103884185198694,1,71,0.6,0.35,0.65
2702,2,0,ME,office_admin,349094,0.8223734739003703,0,67,0.75,0.55,0.45
2703,2,3,PA,sales,78967,1.2459440850652754,1,35,0.55,0.4,0.6
2704,2,3,PA,transportation,500000,1.632221436710097,1,64,0.3,0.4,0.6
2705,2,2,OK,transportation,59358,1.3961493506794795,1,45,0.3,0.4,0.6
2706,1,1,DE,life_physical_social,331090,1.8513834399636835,0,40,0.55,0.25,0.75
2707,1,3,ID,education,206396,1.684422055957839,1,26,0.45,0.2,0.8
2708,2,3,NH,business_financial,23445,1.56363860424608,1,22,0.78,0.4,0.6
2709,3,0,DE,sales,17073,0.7594960185233504,1,46,0.55,0.4,0.6
2710,2,0,KS,sales,80094,0.9715871313819662,1,66,0.55,0.4,0.6
2711,3,0,VT,healthcare_practitioners,50384,1.1521945677231997,1,48,0.4,0.1,0.9
2712,3,1,ME,healthcare_practitioners,82792,0.5204613236710429,1,72,0.4,0.1,0.9
2713,1,0,OR,healthcare_support,174634,1.0895141104701906,1,39,0.3,0.2,0.8
2714,1,1,IA,office_admin,11854,1.1895066330907866,0,64,0.75,0.55,0.45
2715,1,2,HI,production,98466,1.0976718756137416,0,29,0.35,0.45,0.55
2716,1,0,NY,protective_service,361184,0.8787516923621297,1,26,0.25,0.15,0.85
2717,2,0,NV,building_grounds,28395,1.6456741688307375,1,49,0.18,0.3,0.7
2718,3,3,OR,sales,27948,1.2959455248201266,0,45,0.55,0.4,0.6
2719,3,3,NY,transportation,81051,0.9463142645545304,1,26,0.3,0.4,0.6
2720,1,0,ME,transportation,144424,0.922879611258395,1,69,0.3,0.4,0.6
2721,3,1,NM,construction,24561,0.5290136854164302,1,46,0.2,0.25,0.75
2722,1,1,ME,business_financial,48483,0.5925531187094748,1,44,0.78,0.4,0.6
2723,2,1,CT,sales,489715,1.5478829875355586,0,69,0.55,0.4,0.6
2724,3,0,SD,office_admin,166053,1.78191128897015,1,72,0.75,0.55,0.45
2725,3,2,UT,transportation,23689,1.6190893022576347,0,36,0.3,0.4,0.6
2726,2,1,WV,construction,49197,1.615447059390135,1,66,0.2,0.25,0.75
2727,2,0,ND,construction,64086,1.8410949632525444,1,39,0.2,0.25,0.75
2728,3,3,VT,education,67409,0.8323749388800934,1,34,0.45,0.2,0.8
2729,2,1,NM,architecture_engineering,7999,1.3207132590468973,1,61,0.68,0.3,0.7
2730,1,0,AR,healthcare_practitioners,80576,1.422540156636387,0,46,0.4,0.1,0.9
2731,1,0,NY,installation,58217,1.0451193739427254,0,47,0.25,0.2,0.8
2732,2,1,MS,office_admin,77569,0.9708716248860583,1,55,0.75,0.55,0.45
2733,3,1,IN,education,69891,1.8153879449237138,0,75,0.45,0.2,0.8
2734,1,0,MD,construction,21289,1.3770378162153065,1,70,0.2,0.25,0.75
2735,3,0,OH,office_admin,409158,1.8889799137832597,1,26,0.75,0.55,0.45
2736,2,0,GA,computer_math,266059,1.8489827996818349,1,36,0.85,0.25,0.75
2737,3,1,NM,transportation,335999,0.7692389636067674,1,74,0.3,0.4,0.6
2738,2,0,MA,management,140542,1.7809599936008453,0,25,0.72,0.35,0.65
2739,4,1,MO,personal_care,32791,1.8006882126210257,0,43,0.22,0.15,0.85
2740,3,0,DE,food_prep,104716,0.6692962822271511,1,58,0.2,0.25,0.75
2741,4,1,MD,education,40843,1.2353048578370363,1,35,0.45,0.2,0.8
2742,2,0,AR,installation,65637,0.9562319625401869,1,30,0.25,0.2,0.8
2743,2,2,WA,building_grounds,41817,0.8428756258217618,1,68,0.18,0.3,0.7
2744,2,0,NJ,office_admin,45358,1.8659676085226238,1,64,0.75,0.55,0.45
2745,3,2,MO,education,53086,1.9195762481540442,1,42,0.45,0.2,0.8
2746,3,0,MA,healthcare_support,67849,1.9970740850549191,1,60,0.3,0.2,0.8
2747,1,1,ME,personal_care,175237,1.731176738278009,1,44,0.22,0.15,0.85
2748,2,1,MO,computer_math,7424,1.3381586583564058,0,62,0.85,0.25,0.75
2749,2,3,WY,business_financial,79220,0.8438996589975432,0,39,0.78,0.4,0.6
2750,1,0,RI,office_admin,36419,1.655077182338573,0,28,0.75,0.55,0.45
2751,2,0,MD,office_admin,61542,1.34736692532897,1,24,0.75,0.55,0.45
2752,3,3,AR,transportation,32803,1.9914522158214822,0,39,0.3,0.4,0.6
2753,1,0,IN,protective_service,18179,0.7946260824101046,1,68,0.25,0.15,0.85
2754,2,1,KS,life_physical_social,42248,1.3394004058791324,1,54,0.55,0.25,0.75
2755,2,0,WI,office_admin,67817,0.5054315745364875,1,22,0.75,0.55,0.45
2756,1,1,OH,farming,110095,1.569026738870889,0,58,0.15,0.2,0.8
2757,2,0,TN,office_admin,119357,1.7229399398202077,1,68,0.75,0.55,0.45
2758,4,3,IN,transportation,109939,1.4241056928876787,1,49,0.3,0.4,0.6
2759,3,0,MD,legal,109991,1.103157984209247,1,69,0.8,0.45,0.55
2760,2,0,MN,sales,44884,1.2760576682630926,1,34,0.55,0.4,0.6
2761,1,1,HI,installation,500000,1.9745780872181058,1,24,0.25,0.2,0.8
2762,2,0,VA,office_admin,19598,1.8669720510952175,1,67,0.75,0.55,0.45
2763,1,0,OR,architecture_engineering,132403,1.311481450451538,1,72,0.68,0.3,0.7
2764,1,0,MD,office_admin,5000,0.5995429313043132,0,51,0.75,0.55,0.45
2765,2,0,WI,production,30743,1.4087294386699796,1,22,0.35,0.45,0.55
2766,2,1,ND,healthcare_practitioners,36475,0.5153655683388934,0,55,0.4,0.1,0.9
2767,2,0,SC,personal_care,61559,1.0855121208587661,1,62,0.22,0.15,0.85
2768,3,0,PA,business_financial,51040,1.1748461504466832,0,28,0.78,0.4,0.6
2769,2,0,CT,computer_math,29606,1.0488415571162477,1,37,0.85,0.25,0.75
2770,3,2,FL,transportation,50823,1.3371401076437905,1,46,0.3,0.4,0.6
2771,4,2,LA,personal_care,8932,1.3273425073130056,1,73,0.22,0.15,0.85
2772,1,1,TN,community_social,331113,1.2979964930564165,1,58,0.35,0.15,0.85
2773,2,0,AZ,sales,388687,1.461106330039911,1,62,0.55,0.4,0.6
2774,1,1,WA,personal_care,56598,0.5366346350638196,1,64,0.22,0.15,0.85
2775,2,1,NH,business_financial,68772,0.555086002452299,1,59,0.78,0.4,0.6
2776,3,0,WV,computer_math,37909,1.8060635983711109,1,62,0.85,0.25,0.75
2777,3,3,CT,community_social,14561,1.6828808764694259,0,27,0.35,0.15,0.85
2778,4,2,NH,construction,35378,0.5123705480946228,0,46,0.2,0.25,0.75
2779,1,1,MI,architecture_engineering,137614,1.7820609338814393,1,47,0.68,0.3,0.7
2780,3,1,IL,education,246061,1.357947816606611,0,67,0.45,0.2,0.8
2781,1,1,MN,production,48109,1.6330061805201694,1,58,0.35,0.45,0.55
2782,1,2,LA,computer_math,38042,1.9864298454485834,1,29,0.85,0.25,0.75
2783,2,1,OH,production,156701,0.8539614991750568,1,63,0.35,0.45,0.55
2784,1,1,WV,office_admin,11773,1.9083310432033613,0,40,0.75,0.55,0.45
2785,2,2,NM,transportation,67257,1.8086078782798722,1,54,0.3,0.4,0.6
2786,2,1,GA,building_grounds,15243,1.903675192501396,1,50,0.18,0.3,0.7
2787,2,3,TX,education,18539,0.6816985924961045,0,60,0.45,0.2,0.8
2788,2,2,UT,management,24641,1.8225777263287455,1,47,0.72,0.35,0.65
2789,3,1,WA,sales,181531,1.4234148389659822,1,31,0.55,0.4,0.6
2790,2,0,GA,office_admin,55465,0.6013949976768345,1,40,0.75,0.55,0.45
2791,1,2,FL,food_prep,93489,0.7985772280953825,1,27,0.2,0.25,0.75
2792,3,1,GA,healthcare_support,6034,1.2485858398722485,0,36,0.3,0.2,0.8
2793,1,0,CO,transportation,36722,0.76306741195730865,1,40,0.3,0.4,0.6
2794,3,0,CT,office_admin,73055,1.2328222191426903,1,52,0.75,0.55,0.45
2795,2,0,NH,healthcare_support,55325,1.2773618208011612,0,53,0.3,0.2,0.8
2796,1,0,KY,healthcare_practitioners,10441,0.5405192644102499,0,26,0.4,0.1,0.9
2797,2,2,CO,education,14337,0.9464804043527693,0,44,0.45,0.2,0.8
2798,1,1,SD,construction,38485,1.9512268080143258,1,65,0.2,0.25,0.75
2799,2,1,MA,installation,45669,0.5421502179233357,1,46,0.25,0.2,0.8
2800,3,0,HI,computer_math,12441,1.7397763030603528,0,64,0.85,0.25,0.75
2801,1,0,NH,healthcare_practitioners,7908,0.8943010856164619,0,49,0.4,0.1,0.9
2802,2,0,ID,management,116436,0.9112348979106173,1,53,0.72,0.35,0.65
2803,4,2,MT,management,17313,0.5873842665459961,1,46,0.72,0.35,0.65
2804,2,0,MO,business_financial,110116,1.938019355526194,1,41,0.78,0.4,0.6
2805,3,1,OR,office_admin,25160,0.8749952586367726,1,64,0.75,0.55,0.45
2806,3,1,ME,production,12380,0.6844067155616358,0,70,0.35,0.45,0.55
2807,3,2,IA,food_prep,149243,1.0185994486091658,1,32,0.2,0.25,0.75
2808,1,0,DE,community_social,18113,0.8062033399473876,1,22,0.35,0.15,0.85
2809,1,2,MN,sales,31847,1.7384053593268618,1,34,0.55,0.4,0.6
2810,1,2,KY,installation,288558,1.194151506642811,1,52,0.25,0.2,0.8
2811,2,1,AR,food_prep,213738,1.817493089241907,1,23,0.2,0.25,0.75
2812,1,2,NM,office_admin,45724,1.0226159214507788,1,70,0.75,0.55,0.45
2813,3,2,WY,transportation,28197,1.7555890864459798,1,50,0.3,0.4,0.6
2814,3,0,NV,education,78040,0.777183415950276,1,52,0.45,0.2,0.8
2815,3,1,AL,healthcare_practitioners,21032,1.7073221083264798,0,31,0.4,0.1,0.9
2816,1,0,AZ,sales,8983,1.516007111989893,0,62,0.55,0.4,0.6
2817,4,0,HI,transportation,23970,1.4153024356346577,0,48,0.3,0.4,0.6
2818,1,2,MT,office_admin,52622,0.8104435205459595,1,60,0.75,0.55,0.45
2819,2,2,FL,construction,43249,1.3452209482202306,1,38,0.2,0.25,0.75
2820,4,0,ME,education,91936,1.221686905133538,0,71,0.45,0.2,0.8
2821,4,2,RI,computer_math,78007,1.670975680463016,1,73,0.85,0.25,0.75
2822,2,0,ID,office_admin,28945,1.0639022494433448,0,22,0.75,0.55,0.45
2823,2,1,MS,construction,43581,1.325522861792706,0,22,0.2,0.25,0.75
2824,2,1,TX,transportation,106420,1.2692187508800998,1,45,0.3,0.4,0.6
2825,2,0,FL,production,189894,0.9725886560045183,1,68,0.35,0.45,0.55
2826,1,1,CT,sales,15488,0.7933211880736053,1,37,0.55,0.4,0.6
2827,2,2,NM,management,38164,1.8549883351661265,0,53,0.72,0.35,0.65
2828,2,0,FL,education,20694,0.6853975284611806,1,58,0.45,0.2,0.8
2829,2,2,ND,food_prep,36930,0.7197006983915344,0,53,0.2,0.25,0.75
2830,1,0,CT,office_admin,70526,0.855742095853202,1,53,0.75,0.55,0.45
2831,1,1,OK,healthcare_support,32217,0.6732324864715338,0,25,0.3,0.2,0.8
2832,1,1,PA,life_physical_social,36903,0.9644601210020483,0,57,0.55,0.25,0.75
2833,4,1,SC,management,55051,0.7190921439323574,1,43,0.72,0.35,0.65
2834,2,0,NJ,business_financial,48299,1.4823891294654459,1,75,0.78,0.4,0.6
2835,3,1,RI,computer_math,41016,1.2642315387493,1,27,0.85,0.25,0.75
2836,2,3,VA,education,122172,0.9060895192669705,1,72,0.45,0.2,0.8
2837,3,1,MN,management,204052,1.737649949034676,1,50,0.72,0.35,0.65
2838,2,0,NM,transportation,150468,0.5798384536756203,1,37,0.3,0.4,0.6
2839,1,0,MT,healthcare_practitioners,174240,0.5019979872740805,1,36,0.4,0.1,0.9
2840,1,2,IL,personal_care,51192,1.2392340830992907,1,59,0.22,0.15,0.85
2841,1,1,IA,food_prep,42463,1.467404790688306,1,32,0.2,0.25,0.75
2842,1,1,WA,office_admin,76030,1.1249469203175977,1,40,0.75,0.55,0.45
2843,3,0,DE,business_financial,120665,1.1131104688392952,1,34,0.78,0.4,0.6
2844,3,1,GA,production,84868,0.7948258797405288,1,74,0.35,0.45,0.55
2845,2,0,VT,healthcare_support,65063,0.8278493233956397,1,66,0.3,0.2,0.8
2846,3,1,NJ,food_prep,32866,0.5180971233639866,1,64,0.2,0.25,0.75
2847,3,1,ND,computer_math,226398,1.7044745229650289,0,54,0.85,0.25,0.75
2848,3,1,MA,arts_media,7379,1.5788403406040743,1,50,0.6,0.35,0.65
2849,2,0,KS,installation,15213,1.6554304477758706,0,30,0.25,0.2,0.8
2850,1,0,OH,sales,30461,0.989556337473914,1,69,0.55,0.4,0.6
2851,4,0,MT,food_prep,49158,0.8881915349047631,1,47,0.2,0.25,0.75
2852,2,0,ME,computer_math,21472,1.6979248765856028,1,49,0.85,0.25,0.75
2853,4,1,DE,healthcare_practitioners,93294,0.6764917992986739,0,64,0.4,0.1,0.9
2854,4,0,LA,production,62559,0.6934295510873199,1,66,0.35,0.45,0.55
2855,4,1,TN,healthcare_support,8063,0.699211636907421,1,45,0.3,0.2,0.8
2856,3,1,MT,personal_care,29922,0.7412281977012753,1,72,0.22,0.15,0.85
2857,4,0,NE,office_admin,32023,1.54324107139837,1,62,0.75,0.55,0.45
2858,1,1,NJ,food_prep,23297,0.7205352457240224,0,53,0.2,0.25,0.75
2859,2,0,VT,community_social,27459,1.3948617220157757,0,73,0.35,0.15,0.85
2860,2,1,CA,building_grounds,47029,0.819678190164268,1,34,0.18,0.3,0.7
2861,4,0,MA,farming,168695,1.1548473101574928,1,32,0.15,0.2,0.8
2862,1,0,VA,sales,96730,0.7716451816959307,1,58,0.55,0.4,0.6
2863,2,0,CT,transportation,27421,1.7672002183971927,1,63,0.3,0.4,0.6
2864,2,2,MA,food_prep,237001,0.616582628688775,1,70,0.2,0.25,0.75
2865,3,2,ND,transportation,39734,0.614251064369455,1,37,0.3,0.4,0.6
2866,2,2,TX,transportation,370731,1.0655103266471997,0,38,0.3,0.4,0.6
2867,4,1,WI,protective_service,116194,1.959598666173406,0,35,0.25,0.15,0.85
2868,2,0,GA,farming,98552,1.9329023625468835,1,31,0.15,0.2,0.8
2869,1,3,WV,management,49390,0.65371201292146,0,41,0.72,0.35,0.65
2870,1,0,SC,sales,56161,1.2374347116565332,1,46,0.55,0.4,0.6
2871,4,2,KY,business_financial,38962,1.4905841986183077,1,57,0.78,0.4,0.6
2872,3,1,AR,office_admin,80777,1.8200219380669296,0,52,0.75,0.55,0.45
2873,2,1,MS,building_grounds,16471,1.4979215553030372,0,23,0.18,0.3,0.7
2874,3,2,NV,personal_care,33514,1.2866776632145047,0,22,0.22,0.15,0.85
2875,2,0,KY,production,293248,0.9139133092248812,0,46,0.35,0.45,0.55
2876,2,1,MA,healthcare_practitioners,91356,0.9596561096841469,0,26,0.4,0.1,0.9
2877,1,0,HI,sales,127857,1.9478494975483045,0,65,0.55,0.4,0.6
2878,4,1,GA,installation,43330,1.2798120833467692,1,38,0.25,0.2,0.8
2879,1,0,VA,management,28650,1.8112446916056797,0,34,0.72,0.35,0.65
2880,3,2,FL,healthcare_practitioners,65637,1.172310397727415,0,41,0.4,0.1,0.9
2881,1,0,WA,architecture_engineering,21863,0.8201365922577679,0,23,0.68,0.3,0.7
2882,2,2,NE,food_prep,60057,0.9104932758491486,0,30,0.2,0.25,0.75
2883,2,0,NJ,construction,23381,1.130040179239586,1,69,0.2,0.25,0.75
2884,3,3,VT,sales,31594,1.5148663244908676,1,67,0.55,0.4,0.6
2885,1,0,VA,business_financial,275815,1.695805057650432,1,26,0.78,0.4,0.6
2886,4,0,PA,food_prep,468757,1.6516838463721797,0,51,0.2,0.25,0.75
2887,1,0,TN,sales,18249,1.1391255692578852,0,49,0.55,0.4,0.6
2888,4,1,AK,office_admin,117313,1.204545761574991,1,44,0.75,0.55,0.45
2889,3,0,NJ,office_admin,88659,1.7579283827217296,1,72,0.75,0.55,0.45
2890,2,0,PA,management,66102,0.7225943199591711,1,68,0.72,0.35,0.65
2891,1,0,CT,sales,66204,1.5498864422552288,1,33,0.55,0.4,0.6
2892,3,0,SC,architecture_engineering,68311,0.7970397890312597,0,74,0.68,0.3,0.7
2893,1,0,ND,personal_care,68518,0.506531567662023,1,43,0.22,0.15,0.85
2894,2,1,MD,computer_math,60312,0.7061595267150551,1,60,0.85,0.25,0.75
2895,3,0,NV,architecture_engineering,58637,1.921647371724248,0,41,0.68,0.3,0.7
2896,1,1,FL,sales,10307,0.7900224883342162,1,41,0.55,0.4,0.6
2897,1,2,IL,food_prep,81857,1.1057966649532318,1,62,0.2,0.25,0.75
2898,1,0,MI,office_admin,30178,1.6592326578684151,1,24,0.75,0.55,0.45
2899,3,1,ID,architecture_engineering,26695,1.3993704402819276,1,67,0.68,0.3,0.7
2900,3,3,OR,office_admin,55962,1.1931299443822354,1,60,0.75,0.55,0.45
2901,3,1,WY,production,134222,1.583874721545726,1,31,0.35,0.45,0.55
2902,1,1,OH,food_prep,39230,1.7888844854896888,1,56,0.2,0.25,0.75
2903,3,0,AK,sales,36953,1.1274471938377246,1,45,0.55,0.4,0.6
2904,2,2,IN,food_prep,42090,1.9386855809716508,1,22,0.2,0.25,0.75
2905,2,0,MA,production,51949,1.405627426924184,1,24,0.35,0.45,0.55
2906,2,1,WA,personal_care,228379,1.8609680854715407,1,74,0.22,0.15,0.85
2907,2,0,NC,healthcare_support,19980,1.8226924410555512,0,38,0.3,0.2,0.8
2908,1,0,ND,protective_service,17530,1.0934579226886854,1,71,0.25,0.15,0.85
2909,2,0,NV,farming,45270,1.4115221773972735,0,28,0.15,0.2,0.8
2910,1,0,SC,healthcare_support,42288,1.255009185289964,1,35,0.3,0.2,0.8
2911,3,0,MD,community_social,148682,0.6323831863701344,1,25,0.35,0.15,0.85
2912,2,1,NM,business_financial,14798,1.9345922803040594,0,26,0.78,0.4,0.6
2913,1,0,VA,computer_math,96124,1.4233690049732104,1,23,0.85,0.25,0.75
2914,2,2,NV,management,22752,0.5789459217339754,0,56,0.72,0.35,0.65
2915,1,1,MA,community_social,24390,1.8741541424533352,0,67,0.35,0.15,0.85
2916,3,2,GA,healthcare_practitioners,76868,1.591928984853439,1,59,0.4,0.1,0.9
2917,3,0,NJ,legal,136219,1.0471148847136647,1,25,0.8,0.45,0.55
2918,4,1,MO,sales,88204,0.7617312674410641,1,28,0.55,0.4,0.6
2919,4,0,WY,architecture_engineering,34658,1.3855781537713483,1,66,0.68,0.3,0.7
2920,4,0,WA,healthcare_support,97568,1.7732102263253182,1,49,0.3,0.2,0.8
2921,2,1,MA,production,209950,0.7026141325477511,0,25,0.35,0.45,0.55
2922,2,0,TX,food_prep,76244,0.6364534713793546,1,28,0.2,0.25,0.75
2923,2,0,WI,sales,37652,1.7979304931359366,1,37,0.55,0.4,0.6
2924,2,2,SD,office_admin,18768,1.1013071174966171,0,47,0.75,0.55,0.45
2925,4,0,VT,transportation,20734,1.4721664810786024,0,28,0.3,0.4,0.6
2926,2,1,ND,office_admin,274221,1.6724827599246055,1,49,0.75,0.55,0.45
2927,4,0,LA,sales,20523,1.459658250794746,1,26,0.55,0.4,0.6
2928,1,0,ND,management,50987,1.0628948969533667,1,67,0.72,0.35,0.65
2929,4,2,NC,food_prep,66414,1.2861553417751566,0,43,0.2,0.25,0.75
2930,2,1,SC,management,23610,1.577038912801072,0,53,0.72,0.35,0.65
2931,1,0,ND,business_financial,282892,1.1651877263793722,1,22,0.78,0.4,0.6
2932,2,0,IN,healthcare_practitioners,42027,1.5158470867900178,0,59,0.4,0.1,0.9
2933,1,1,AZ,construction,67386,0.9491057987324893,1,55,0.2,0.25,0.75
2934,3,1,WA,transportation,141768,1.7788530209800228,0,57,0.3,0.4,0.6
2935,2,1,NY,installation,24998,1.6758287940174341,0,44,0.25,0.2,0.8
2936,4,0,CA,architecture_engineering,28633,0.8559420985402539,1,26,0.68,0.3,0.7
2937,2,1,MA,food_prep,31152,0.6805707424646243,1,56,0.2,0.25,0.75
2938,2,3,ME,healthcare_practitioners,26559,1.4644412476336583,1,27,0.4,0.1,0.9
2939,3,0,KY,office_admin,19884,0.5924986429745331,1,54,0.75,0.55,0.45
2940,1,0,KY,business_financial,9310,1.1658041203627363,0,44,0.78,0.4,0.6
2941,2,2,VT,community_social,148342,1.066618214477785,1,72,0.35,0.15,0.85
2942,3,0,MS,management,176291,1.5888176884036511,1,34,0.72,0.35,0.65
2943,2,2,NJ,office_admin,72182,0.6391046065837145,1,49,0.75,0.55,0.45
2944,4,1,MO,office_admin,222891,0.7302607742603868,1,72,0.75,0.55,0.45
2945,3,1,MO,building_grounds,171290,1.8218840962508693,1,47,0.18,0.3,0.7
2946,2,0,CT,construction,40463,1.802355474093929,1,39,0.2,0.25,0.75
2947,2,1,AK,education,22965,1.868917295592837,0,71,0.45,0.2,0.8
2948,3,2,ND,management,92663,1.7370873061008751,1,64,0.72,0.35,0.65
2949,3,1,KS,computer_math,136399,1.8562036559451371,1,33,0.85,0.25,0.75
2950,3,0,MS,office_admin,122123,1.5788497279863805,1,41,0.75,0.55,0.45
2951,3,2,OR,construction,211114,0.5629618471721187,1,57,0.2,0.25,0.75
2952,2,1,NY,production,100169,1.8570923653896898,1,23,0.35,0.45,0.55
2953,3,1,GA,food_prep,106633,0.8243318842723966,0,29,0.2,0.25,0.75
2954,1,0,OR,transportation,117075,1.4638529686490074,1,65,0.3,0.4,0.6
2955,3,0,OK,installation,62763,1.604645355604589,1,26,0.25,0.2,0.8
2956,3,2,IL,office_admin,39823,1.4172314426396042,1,42,0.75,0.55,0.45
2957,1,0,DE,arts_media,270374,0.7117489143274724,1,45,0.6,0.35,0.65
2958,2,0,RI,legal,24855,1.920203925576061,1,43,0.8,0.45,0.55
2959,2,1,NE,business_financial,12623,0.563886821619235,0,22,0.78,0.4,0.6
2960,1,0,ME,sales,23745,1.965940925758332,1,28,0.55,0.4,0.6
2961,2,2,WI,education,11812,1.1524328292580321,1,44,0.45,0.2,0.8
2962,2,1,TX,healthcare_practitioners,19417,1.338000347954221,0,25,0.4,0.1,0.9
2963,3,0,CT,education,28195,1.976720412960276,1,51,0.45,0.2,0.8
2964,3,2,ND,arts_media,87693,1.7921577562810853,1,71,0.6,0.35,0.65
2965,1,0,GA,food_prep,63389,1.3640075159491971,1,56,0.2,0.25,0.75
2966,1,0,AR,sales,317654,1.0552006468642503,1,55,0.55,0.4,0.6
2967,1,0,FL,sales,33491,0.6194481838028878,1,56,0.55,0.4,0.6
2968,3,1,AR,installation,28226,0.8570335305994377,1,66,0.25,0.2,0.8
2969,2,3,KY,food_prep,17566,1.6613583420403302,1,25,0.2,0.25,0.75
2970,2,3,CO,sales,82137,1.2330376082099974,1,27,0.55,0.4,0.6
2971,1,0,SD,sales,72810,1.948998944251798,0,29,0.55,0.4,0.6
2972,3,1,ND,business_financial,83978,1.0938256395747885,1,30,0.78,0.4,0.6
2973,1,3,NV,healthcare_support,20561,1.4181137741543353,1,52,0.3,0.2,0.8
2974,3,2,AL,transportation,53531,1.0313600391382352,1,72,0.3,0.4,0.6
2975,3,2,KY,computer_math,21519,1.5321391882607713,1,40,0.85,0.25,0.75
2976,2,0,AZ,office_admin,27571,1.762126692919992,1,65,0.75,0.55,0.45
2977,3,1,NH,management,46830,0.9976229057647288,0,55,0.72,0.35,0.65
2978,1,2,IL,community_social,65518,1.4631317079765722,1,33,0.35,0.15,0.85
2979,1,0,TX,construction,36161,1.599221941200085,1,31,0.2,0.25,0.75
2980,3,3,WY,construction,18305,1.8041932573541999,0,30,0.2,0.25,0.75
2981,1,3,TN,sales,19750,0.6058698740089312,1,31,0.55,0.4,0.6
2982,2,0,CO,food_prep,13021,0.7543810955248773,0,60,0.2,0.25,0.75
2983,1,2,WY,production,40363,1.7055298188934103,1,40,0.35,0.45,0.55
2984,2,1,NY,healthcare_practitioners,47239,1.6965864616213366,1,65,0.4,0.1,0.9
2985,2,0,CO,office_admin,304643,1.5531916739419103,0,54,0.75,0.55,0.45
2986,3,1,WI,production,107147,1.7966801726724952,1,44,0.35,0.45,0.55
2987,2,1,UT,transportation,68023,1.3130319558549672,1,25,0.3,0.4,0.6
2988,2,2,AL,computer_math,53046,0.5435476952698082,1,52,0.85,0.25,0.75
2989,1,1,GA,food_prep,156767,1.304134699050337,1,75,0.2,0.25,0.75
2990,1,1,MD,transportation,54989,1.4545405320823193,1,37,0.3,0.4,0.6
2991,3,1,NY,construction,37390,1.0282028695801273,1,66,0.2,0.25,0.75
2992,1,1,MA,transportation,72309,1.7494605409447104,0,70,0.3,0.4,0.6
2993,1,0,MD,computer_math,19077,1.5263899368001148,1,64,0.85,0.25,0.75
2994,4,2,IL,sales,57624,0.7845214107073843,0,61,0.55,0.4,0.6
2995,2,2,FL,education,110718,0.6397779723629355,1,23,0.45,0.2,0.8
2996,1,1,TX,management,144810,1.857089116354473,1,44,0.72,0.35,0.65
2997,4,0,MN,office_admin,84650,1.891447798581794,1,58,0.75,0.55,0.45
2998,2,0,KS,business_financial,66746,1.3336635435698554,1,43,0.78,0.4,0.6
2999,2,0,DE,food_prep,58198,1.2801029483089224,0,67,0.2,0.25,0.75
3000,2,0,HI,office_admin,39551,1.8896506528835744,1,34,0.75,0.55,0.45
3001,3,0,AZ,production,123910,1.686202816781588,0,53,0.35,0.45,0.55
3002,2,0,MS,education,120072,1.4524437106447294,0,57,0.45,0.2,0.8
3003,1,1,NE,food_prep,61517,0.5412294403649867,1,31,0.2,0.25,0.75
3004,2,0,OH,management,32930,1.3054231938440353,1,34,0.72,0.35,0.65
3005,2,3,VT,construction,175910,1.4448684968519956,0,55,0.2,0.25,0.75
3006,4,0,NJ,computer_math,31539,1.4398535172222182,1,63,0.85,0.25,0.75
3007,1,0,HI,management,28722,1.1719930173130706,0,39,0.72,0.35,0.65
3008,1,2,AK,healthcare_practitioners,137369,1.667180688935332,1,51,0.4,0.1,0.9
3009,3,0,IA,farming,34028,0.5266007911413908,1,28,0.15,0.2,0.8
3010,2,2,MN,farming,5200,1.65354435890913,1,59,0.15,0.2,0.8
3011,2,0,AL,construction,19441,0.5406511637847871,1,37,0.2,0.25,0.75
3012,4,0,RI,healthcare_support,11257,0.8289149507181719,1,65,0.3,0.2,0.8
3013,2,3,ME,sales,34977,1.3030593204312027,0,39,0.55,0.4,0.6
3014,2,3,GA,transportation,154243,1.6801319520454854,1,55,0.3,0.4,0.6
3015,2,3,WI,office_admin,32266,0.61586824641563,0,48,0.75,0.55,0.45
3016,3,0,MO,office_admin,80938,1.8482859781943262,1,37,0.75,0.55,0.45
3017,2,2,VA,installation,60247,0.9567958439001814,1,30,0.25,0.2,0.8
3018,2,1,AR,business_financial,251136,0.657761022914201,0,25,0.78,0.4,0.6
3019,4,1,FL,sales,52716,1.314695438486524,1,66,0.55,0.4,0.6
3020,2,0,WY,food_prep,45737,0.5118282476905733,1,24,0.2,0.25,0.75
3021,2,1,CA,office_admin,55450,0.7699349189642817,1,45,0.75,0.55,0.45
3022,4,2,MI,management,19735,0.9892485120799392,0,32,0.72,0.35,0.65
3023,2,0,RI,healthcare_practitioners,81421,1.953316422412172,0,66,0.4,0.1,0.9
3024,2,2,IN,building_grounds,96069,1.4887919283937663,0,46,0.18,0.3,0.7
3025,4,0,MD,construction,63957,1.099224504083395,1,31,0.2,0.25,0.75
3026,2,1,MO,business_financial,19001,1.4169829461025074,0,74,0.78,0.4,0.6
3027,1,0,MS,management,46354,0.7506318597588688,1,52,0.72,0.35,0.65
3028,1,1,MI,construction,137013,1.2781292860163376,1,73,0.2,0.25,0.75
3029,4,2,ND,computer_math,237583,1.678906309651211,1,23,0.85,0.25,0.75
3030,2,1,ME,food_prep,21533,1.6228038544068113,1,42,0.2,0.25,0.75
3031,2,0,VT,office_admin,23505,1.6856077411212027,0,42,0.75,0.55,0.45
3032,3,0,CT,production,71007,0.8052314055385068,1,40,0.35,0.45,0.55
3033,1,2,VA,healthcare_support,87672,1.9973053246503696,0,43,0.3,0.2,0.8
3034,4,0,VA,production,33028,1.2459140946157277,0,74,0.35,0.45,0.55
3035,2,0,KS,sales,125298,1.1566031142137945,1,35,0.55,0.4,0.6
3036,4,0,GA,office_admin,83251,1.9447314725257456,1,43,0.75,0.55,0.45
3037,2,0,WI,sales,81172,0.9822171165142208,1,40,0.55,0.4,0.6
3038,1,0,PA,healthcare_support,78515,0.8598135511856526,1,34,0.3,0.2,0.8
3039,2,1,SC,education,246314,0.9034905477892607,1,66,0.45,0.2,0.8
3040,2,1,OH,installation,161021,1.7208648257656023,1,54,0.25,0.2,0.8
3041,1,0,ID,production,89594,1.955162247060798,1,41,0.35,0.45,0.55
3042,1,1,TX,transportation,53096,1.6700592852430418,1,66,0.3,0.4,0.6
3043,1,3,NE,office_admin,12667,1.3157442475203425,1,23,0.75,0.55,0.45
3044,3,1,WA,production,67467,1.4751746658002958,1,31,0.35,0.45,0.55
3045,3,2,UT,building_grounds,28220,0.8321138377068564,0,68,0.18,0.3,0.7
3046,4,1,MA,installation,49125,1.7198829423869029,1,47,0.25,0.2,0.8
3047,2,1,NJ,community_social,100253,1.7699019422288984,0,38,0.35,0.15,0.85
3048,2,0,RI,sales,31414,0.8813894091872498,1,50,0.55,0.4,0.6
3049,3,1,KY,transportation,50053,1.2708038958953694,1,25,0.3,0.4,0.6
3050,1,3,UT,management,171686,0.7010931405238807,1,43,0.72,0.35,0.65
3051,2,2,SC,computer_math,15178,0.7751383132999763,0,71,0.85,0.25,0.75
3052,3,0,MD,installation,25080,1.7866653287783265,1,67,0.25,0.2,0.8
3053,1,1,KY,education,211951,0.6854834646219388,0,46,0.45,0.2,0.8
3054,3,1,NV,office_admin,80182,1.6499026741366833,0,44,0.75,0.55,0.45
3055,2,2,VT,business_financial,51332,1.4975684239761904,1,22,0.78,0.4,0.6
3056,1,0,UT,installation,109005,1.400823998497799,1,36,0.25,0.2,0.8
3057,2,1,VT,production,59100,1.9175602844916284,1,70,0.35,0.45,0.55
3058,1,1,IN,arts_media,57572,1.6008322472916916,1,38,0.6,0.35,0.65
3059,3,1,WV,personal_care,29266,0.6551194748608395,1,52,0.22,0.15,0.85
3060,3,0,SD,business_financial,77465,1.1967665081610903,1,22,0.78,0.4,0.6
3061,1,3,NC,transportation,81604,0.9106142759555951,1,56,0.3,0.4,0.6
3062,4,0,IN,transportation,289897,1.0354630394140258,1,50,0.3,0.4,0.6
3063,3,1,NM,healthcare_practitioners,92286,1.93107369041536,1,23,0.4,0.1,0.9
3064,2,2,PA,sales,57110,1.3539499924518168,1,64,0.55,0.4,0.6
3065,3,0,WA,management,70578,1.2531203052494675,1,28,0.72,0.35,0.65
3066,1,1,TX,management,115460,1.8802842703880742,1,73,0.72,0.35,0.65
3067,2,1,NC,office_admin,252264,1.524310417007655,1,45,0.75,0.55,0.45
3068,3,3,IA,installation,125564,1.8375614769756794,1,71,0.25,0.2,0.8
3069,2,3,CO,construction,80133,1.3381399660138413,1,38,0.2,0.25,0.75
3070,2,2,NE,office_admin,36246,1.6588470578426495,1,42,0.75,0.55,0.45
3071,2,1,GA,protective_service,207352,1.3225400497904047,1,65,0.25,0.15,0.85
3072,1,0,WY,office_admin,122888,1.7625181316398084,1,68,0.75,0.55,0.45
3073,1,0,OK,office_admin,185068,1.3530073133297265,0,34,0.75,0.55,0.45
3074,1,0,RI,education,15362,1.5877723383018747,1,44,0.45,0.2,0.8
3075,3,2,NM,food_prep,199423,1.8043089199345559,1,53,0.2,0.25,0.75
3076,2,1,WI,construction,79071,1.9549211915582418,1,38,0.2,0.25,0.75
3077,1,3,TN,transportation,12856,0.9370051842415705,1,32,0.3,0.4,0.6
3078,3,2,ME,healthcare_practitioners,38615,0.6194575390545651,1,73,0.4,0.1,0.9
3079,2,1,AL,protective_service,39929,0.5501185094472021,1,64,0.25,0.15,0.85
3080,1,0,NM,personal_care,98961,0.8371639605611563,1,24,0.22,0.15,0.85
3081,3,1,TN,office_admin,259920,1.429681716952473,1,65,0.75,0.55,0.45
3082,2,1,TX,healthcare_support,149289,0.579098881687969,0,47,0.3,0.2,0.8
3083,1,1,MA,sales,39416,0.6620154544943944,0,73,0.55,0.4,0.6
3084,2,0,AZ,sales,24054,1.7507306248880923,1,44,0.55,0.4,0.6
3085,1,0,OR,personal_care,122053,1.4324334653792903,1,35,0.22,0.15,0.85
3086,3,1,DE,healthcare_practitioners,46266,1.617250595591031,1,56,0.4,0.1,0.9
3087,1,1,OR,computer_math,62308,1.1250325756845996,1,67,0.85,0.25,0.75
3088,2,1,NC,office_admin,32299,0.9663181968498975,1,54,0.75,0.55,0.45
3089,2,3,CA,computer_math,43124,0.6430961125297472,1,34,0.85,0.25,0.75
3090,2,0,VA,office_admin,45961,0.6687670429237187,0,71,0.75,0.55,0.45
3091,4,1,IN,building_grounds,62998,1.8831128200981766,0,24,0.18,0.3,0.7
3092,2,3,VT,management,280156,1.036614281241782,1,37,0.72,0.35,0.65
3093,3,0,OR,education,15881,0.9138142836745828,0,53,0.45,0.2,0.8
3094,2,0,KY,business_financial,312597,1.4897003786172718,1,24,0.78,0.4,0.6
3095,1,0,OH,education,10084,0.94611090735998,0,23,0.45,0.2,0.8
3096,2,0,NM,office_admin,27391,1.5785133405588567,1,43,0.75,0.55,0.45
3097,3,0,FL,healthcare_practitioners,109513,1.2282624365761876,1,44,0.4,0.1,0.9
3098,1,0,PA,business_financial,40800,0.8588003086624667,1,35,0.78,0.4,0.6
3099,3,0,MN,community_social,7820,1.629227845929563,0,34,0.35,0.15,0.85
3100,4,2,TX,community_social,80214,1.6542933001182973,1,40,0.35,0.15,0.85
3101,1,3,AK,food_prep,12356,0.5090268441708758,1,55,0.2,0.25,0.75
3102,2,3,TX,management,40980,1.6374310570536181,0,57,0.72,0.35,0.65
3103,2,0,NH,healthcare_practitioners,30382,1.1315486762905493,1,24,0.4,0.1,0.9
3104,2,1,OR,protective_service,13239,1.1153064736863598,0,55,0.25,0.15,0.85
3105,1,0,IN,legal,29393,0.9282085032900795,1,34,0.8,0.45,0.55
3106,2,1,WI,transportation,89318,1.6659715292043984,1,58,0.3,0.4,0.6
3107,3,1,MI,healthcare_practitioners,122135,1.8621682189404964,0,36,0.4,0.1,0.9
3108,2,3,MI,food_prep,81098,1.661022252868861,1,50,0.2,0.25,0.75
3109,1,3,WA,healthcare_practitioners,266574,1.8681307503720745,1,22,0.4,0.1,0.9
3110,2,0,WA,healthcare_support,40890,1.1853053529048339,1,24,0.3,0.2,0.8
3111,4,0,DE,protective_service,56232,0.5370621568290517,0,22,0.25,0.15,0.85
3112,2,0,KY,management,69991,1.6537967823678628,1,68,0.72,0.35,0.65
3113,3,2,FL,office_admin,11531,0.7659341807011515,1,64,0.75,0.55,0.45
3114,3,1,NY,construction,140851,0.9596862468170002,1,50,0.2,0.25,0.75
3115,2,1,NV,office_admin,70274,1.0329898981144652,1,35,0.75,0.55,0.45
3116,2,3,NM,installation,209171,0.7018585434416309,1,44,0.25,0.2,0.8
3117,1,0,MI,healthcare_support,8838,0.6837939890101552,1,34,0.3,0.2,0.8
3118,3,0,AZ,office_admin,128283,0.6038708941778168,0,61,0.75,0.55,0.45
3119,3,0,IA,management,33259,1.816847009700723,0,41,0.72,0.35,0.65
3120,4,0,SC,arts_media,21732,0.8017155900597572,0,53,0.6,0.35,0.65
3121,3,1,VA,sales,46512,0.792435792973265,0,38,0.55,0.4,0.6
3122,1,0,SD,sales,93572,1.9147429522126913,1,53,0.55,0.4,0.6
3123,4,3,IL,sales,29367,1.029067246359773,0,62,0.55,0.4,0.6
3124,3,0,AR,business_financial,29877,1.6368978031678125,1,38,0.78,0.4,0.6
3125,1,3,LA,office_admin,92855,1.118621289380826,1,73,0.75,0.55,0.45
3126,3,2,VA,education,67770,1.151470915065147,1,58,0.45,0.2,0.8
3127,1,0,OH,sales,17940,1.7698683196213096,1,27,0.55,0.4,0.6
3128,1,1,WV,business_financial,58869,1.4254929415183142,0,47,0.78,0.4,0.6
3129,2,0,FL,building_grounds,29503,1.6390205823117867,1,37,0.18,0.3,0.7
3130,2,1,SD,office_admin,105479,1.560017966083251,1,63,0.75,0.55,0.45
3131,3,2,IA,production,11634,1.9817852383712307,1,64,0.35,0.45,0.55
3132,2,2,MS,management,155884,1.9085588982561603,1,71,0.72,0.35,0.65
3133,3,0,AK,installation,172716,1.9067029545549303,1,73,0.25,0.2,0.8
3134,1,1,NC,sales,55880,1.541557377553545,1,53,0.55,0.4,0.6
3135,2,0,NM,construction,40510,1.2951671585906297,0,42,0.2,0.25,0.75
3136,1,0,NC,life_physical_social,68474,1.0981788298813626,1,48,0.55,0.25,0.75
3137,1,0,AR,installation,113125,0.7995007849531248,1,48,0.25,0.2,0.8
3138,4,1,MS,life_physical_social,367536,0.8277535549132153,1,33,0.55,0.25,0.75
3139,2,0,VA,management,22834,0.5752464105607942,1,43,0.72,0.35,0.65
3140,2,2,WY,food_prep,117690,0.8348995248088613,1,56,0.2,0.25,0.75
3141,2,0,MD,education,97698,0.9593513698782772,1,42,0.45,0.2,0.8
3142,2,2,KS,protective_service,24493,0.5145616306690499,1,40,0.25,0.15,0.85
3143,1,0,ME,sales,86189,0.8082759788958356,1,29,0.55,0.4,0.6
3144,2,0,SC,installation,100280,0.605605992837809,1,29,0.25,0.2,0.8
3145,2,0,NJ,personal_care,35392,0.5697653541574255,1,56,0.22,0.15,0.85
3146,2,0,NY,healthcare_support,52477,0.9046328607946634,1,38,0.3,0.2,0.8
3147,3,2,NC,transportation,28897,1.5382359474897385,0,28,0.3,0.4,0.6
3148,1,1,KS,food_prep,41447,1.3661063165636733,1,28,0.2,0.25,0.75
3149,3,1,VA,production,195336,1.7368546223733574,0,65,0.35,0.45,0.55
3150,1,1,NE,office_admin,42843,1.943422232172452,0,38,0.75,0.55,0.45
3151,2,1,OK,production,105148,0.965789404232055,1,29,0.35,0.45,0.55
3152,2,0,NJ,healthcare_practitioners,174852,1.3109166917856783,1,35,0.4,0.1,0.9
3153,1,1,AR,arts_media,37783,0.5012455473188311,0,40,0.6,0.35,0.65
3154,2,3,KY,healthcare_support,13630,1.1878378768451512,0,71,0.3,0.2,0.8
3155,2,2,NC,computer_math,28126,0.529443871579133,0,37,0.85,0.25,0.75
3156,3,1,SC,arts_media,53712,1.1147969384910539,1,22,0.6,0.35,0.65
3157,1,0,SC,office_admin,51949,1.526505497400649,1,74,0.75,0.55,0.45
3158,4,0,MI,production,29493,1.8049138576025143,1,43,0.35,0.45,0.55
3159,2,0,OH,sales,104779,0.9622943399008363,0,69,0.55,0.4,0.6
3160,1,0,AZ,legal,55351,1.368549864157103,1,57,0.8,0.45,0.55
3161,1,0,SD,office_admin,19221,1.6107668163022026,1,52,0.75,0.55,0.45
3162,2,0,AL,arts_media,51899,1.8046328218188137,1,54,0.6,0.35,0.65
3163,1,3,GA,protective_service,17900,0.6779040532419458,1,64,0.25,0.15,0.85
3164,2,1,SD,healthcare_practitioners,53370,1.6864398315083236,1,42,0.4,0.1,0.9
3165,1,0,FL,production,33835,0.7604353983188048,0,43,0.35,0.45,0.55
3166,3,1,MT,office_admin,41843,0.715952998958528,0,47,0.75,0.55,0.45
3167,1,1,IA,office_admin,44069,1.4089452150510624,0,75,0.75,0.55,0.45
3168,4,0,NY,sales,72186,1.227259561768733,0,52,0.55,0.4,0.6
3169,2,0,SD,building_grounds,41727,1.2112777932779863,1,29,0.18,0.3,0.7
3170,2,2,MA,office_admin,132503,1.4416026587132365,1,39,0.75,0.55,0.45
3171,2,2,CT,business_financial,101201,1.7709892336279154,1,65,0.78,0.4,0.6
3172,1,0,NY,architecture_engineering,154400,1.163609224022366,0,40,0.68,0.3,0.7
3173,3,1,CT,transportation,158514,1.1086542918346822,1,40,0.3,0.4,0.6
3174,2,1,IL,healthcare_practitioners,156100,0.8621339958626777,1,37,0.4,0.1,0.9
3175,2,0,CT,food_prep,77569,0.6482561078155413,1,73,0.2,0.25,0.75
3176,4,2,CA,healthcare_support,63728,1.6097569115227088,0,49,0.3,0.2,0.8
3177,2,3,NJ,sales,58502,1.2150402347324416,1,38,0.55,0.4,0.6
3178,3,1,AZ,office_admin,84560,1.6153572640614584,1,40,0.75,0.55,0.45
3179,1,1,WY,sales,12180,0.6677908704150468,0,34,0.55,0.4,0.6
3180,2,3,NH,architecture_engineering,78751,1.21229561092332,0,66,0.68,0.3,0.7
3181,4,3,ND,sales,121338,1.506011110614054,1,75,0.55,0.4,0.6
3182,4,0,MI,office_admin,125210,1.6990994365187362,1,70,0.75,0.55,0.45
3183,4,1,NY,transportation,55966,0.7578884239774197,1,63,0.3,0.4,0.6
3184,2,0,KY,education,30111,0.644433822715655,1,48,0.45,0.2,0.8
3185,4,1,MI,computer_math,17365,0.6851818833965808,1,57,0.85,0.25,0.75
3186,1,1,VT,transportation,30277,1.2242396647343412,1,71,0.3,0.4,0.6
3187,3,1,IA,office_admin,201475,0.9480262651341036,1,43,0.75,0.55,0.45
3188,3,2,AR,transportation,41166,1.7063108090078458,1,74,0.3,0.4,0.6
3189,3,1,CT,food_prep,57091,1.7102672293549404,1,56,0.2,0.25,0.75
3190,2,1,HI,transportation,56703,1.6805711271008477,0,39,0.3,0.4,0.6
3191,1,2,NE,healthcare_support,47673,0.8904613878112286,1,46,0.3,0.2,0.8
3192,3,0,NH,office_admin,30473,0.7143387855030596,0,70,0.75,0.55,0.45
3193,1,1,WA,sales,261145,1.7925724464002997,1,58,0.55,0.4,0.6
3194,1,0,KS,food_prep,54204,1.734205324202776,1,47,0.2,0.25,0.75
3195,1,2,SD,office_admin,158637,1.526928830659017,1,71,0.75,0.55,0.45
3196,1,1,NM,arts_media,50719,0.8772387232165784,0,43,0.6,0.35,0.65
3197,2,2,OR,construction,74835,0.7248629791429266,0,57,0.2,0.25,0.75
3198,1,0,MO,building_grounds,23771,0.7010457251453772,1,24,0.18,0.3,0.7
3199,2,3,CA,office_admin,28702,0.6375298631610349,1,59,0.75,0.55,0.45
3200,3,1,VT,management,50910,0.7292132948059589,1,56,0.72,0.35,0.65
3201,3,1,GA,transportation,69206,1.0844426609110087,1,24,0.3,0.4,0.6
3202,1,2,HI,food_prep,8587,1.6644803610397503,1,49,0.2,0.25,0.75
3203,2,3,NV,construction,83132,0.9659842880209908,1,45,0.2,0.25,0.75
3204,3,0,MS,business_financial,120816,1.6816857166122645,1,71,0.78,0.4,0.6
3205,2,1,ND,healthcare_practitioners,71062,1.7730076119769365,1,38,0.4,0.1,0.9
3206,4,0,MN,office_admin,69772,0.5099697998957708,1,57,0.75,0.55,0.45
3207,4,3,MT,office_admin,62817,1.9955346811329946,1,34,0.75,0.55,0.45
3208,2,2,AZ,office_admin,37281,0.6870244254823774,1,73,0.75,0.55,0.45
3209,1,1,SD,construction,13512,1.8080285885371268,1,28,0.2,0.25,0.75
3210,1,0,AL,production,32231,0.6319541858974844,1,29,0.35,0.45,0.55
3211,1,0,NC,education,276923,1.7210234791273251,1,62,0.45,0.2,0.8
3212,2,0,CO,education,22474,1.6180597345810384,1,54,0.45,0.2,0.8
3213,1,1,MT,transportation,75753,0.9182803893927485,1,74,0.3,0.4,0.6
3214,1,0,KS,office_admin,494135,1.808389171725139,1,39,0.75,0.55,0.45
3215,3,2,MD,healthcare_practitioners,92266,0.7833766886033118,1,48,0.4,0.1,0.9
3216,3,0,ND,sales,80768,0.8139518219977617,0,48,0.55,0.4,0.6
3217,3,2,NE,office_admin,203341,0.5442810835083947,1,66,0.75,0.55,0.45
3218,1,0,CT,food_prep,41790,0.5410142433829606,1,58,0.2,0.25,0.75
3219,2,0,IN,life_physical_social,214481,0.6985752751352265,1,69,0.55,0.25,0.75
3220,4,0,NC,office_admin,7422,0.9892120941076428,1,61,0.75,0.55,0.45
3221,2,0,MI,food_prep,45481,0.686785931698978,1,29,0.2,0.25,0.75
3222,3,0,MS,community_social,56948,1.4873219458386302,1,38,0.35,0.15,0.85
3223,2,0,WI,business_financial,76913,1.12335971230641,1,35,0.78,0.4,0.6
3224,3,0,NC,food_prep,25589,1.358961806166917,1,49,0.2,0.25,0.75
3225,2,2,PA,healthcare_practitioners,19236,0.9862226872937754,1,41,0.4,0.1,0.9
3226,4,0,KS,food_prep,25517,0.9376621064729989,1,67,0.2,0.25,0.75
3227,2,0,NE,construction,140774,1.1813148587243631,1,57,0.2,0.25,0.75
3228,2,3,AZ,healthcare_practitioners,22530,1.3882330199703574,1,29,0.4,0.1,0.9
3229,2,0,ME,architecture_engineering,294755,1.876239308156073,1,47,0.68,0.3,0.7
3230,1,2,GA,office_admin,9999,0.683163613313809,1,37,0.75,0.55,0.45
3231,4,0,ME,education,22377,1.8444851846434176,0,62,0.45,0.2,0.8
3232,2,1,MA,transportation,111000,1.8901649193139747,1,72,0.3,0.4,0.6
3233,2,0,MT,business_financial,113403,1.2804137862985954,0,57,0.78,0.4,0.6
3234,2,0,WV,sales,85034,0.619653029483743,0,46,0.55,0.4,0.6
3235,3,1,MA,healthcare_support,19224,1.8640173247549683,0,54,0.3,0.2,0.8
3236,2,1,CO,sales,81090,1.269017391372472,1,38,0.55,0.4,0.6
3237,1,1,NV,healthcare_practitioners,127730,0.5071773154195398,1,31,0.4,0.1,0.9
3238,1,0,NV,computer_math,128009,0.5369864912936464,0,53,0.85,0.25,0.75
3239,1,1,HI,office_admin,500000,0.8175002235220745,1,24,0.75,0.55,0.45
3240,2,2,MT,education,166997,1.4978419314138591,1,63,0.45,0.2,0.8
3241,3,0,AZ,healthcare_support,147758,1.4452273153001443,0,58,0.3,0.2,0.8
3242,2,1,DE,healthcare_practitioners,67496,1.1110338715370744,0,68,0.4,0.1,0.9
3243,2,1,PA,business_financial,105644,1.2491641492815688,0,68,0.78,0.4,0.6
3244,3,0,ND,production,56229,1.480941656860523,1,60,0.35,0.45,0.55
3245,1,0,AK,installation,51454,1.5176216292893514,1,55,0.25,0.2,0.8
3246,2,0,OK,business_financial,20805,1.544745554914698,1,24,0.78,0.4,0.6
3247,1,1,MA,production,126412,0.7178946378408,1,31,0.35,0.45,0.55
3248,3,3,MS,business_financial,25558,0.6273449375294149,1,42,0.78,0.4,0.6
3249,2,1,MA,transportation,93310,0.9262326337629929,1,66,0.3,0.4,0.6
3250,3,0,SD,healthcare_practitioners,197764,0.6055046482942998,1,61,0.4,0.1,0.9
3251,3,0,AK,office_admin,94737,1.0823946015443653,1,44,0.75,0.55,0.45
3252,1,0,MO,construction,52938,1.24194416787941,1,57,0.2,0.25,0.75
3253,3,0,OH,arts_media,43228,1.8362650036578998,1,66,0.6,0.35,0.65
3254,3,0,WV,healthcare_practitioners,271324,1.978546409518458,1,57,0.4,0.1,0.9
3255,4,2,AL,healthcare_support,9727,0.5050726582994685,1,49,0.3,0.2,0.8
3256,3,1,OH,management,116839,0.6284812246449292,1,44,0.72,0.35,0.65
3257,4,1,MI,transportation,144173,1.2968665293883532,1,64,0.3,0.4,0.6
3258,2,0,NM,protective_service,102433,1.744358349358663,1,64,0.25,0.15,0.85
3259,4,0,OR,transportation,18595,1.4741459233919159,0,55,0.3,0.4,0.6
3260,1,1,PA,food_prep,51918,0.9735663522733375,1,75,0.2,0.25,0.75
3261,1,0,ME,business_financial,11028,1.1162007494131103,1,38,0.78,0.4,0.6
3262,2,1,AK,healthcare_practitioners,30579,1.1484414511360228,1,56,0.4,0.1,0.9
3263,2,0,WV,business_financial,241189,0.6396581949666142,0,22,0.78,0.4,0.6
3264,3,3,GA,community_social,210235,1.9147699520690367,1,71,0.35,0.15,0.85
3265,1,1,OK,office_admin,90979,1.173489149310626,1,71,0.75,0.55,0.45
3266,3,1,SC,food_prep,32484,1.872222361736931,1,71,0.2,0.25,0.75
3267,1,0,MN,computer_math,138702,1.008375113015063,0,63,0.85,0.25,0.75
3268,2,0,WA,management,48249,1.5143357178894803,1,36,0.72,0.35,0.65
3269,1,1,OH,computer_math,126374,1.8858874312136322,1,72,0.85,0.25,0.75
3270,2,0,CA,healthcare_practitioners,500000,0.6314737928332761,1,51,0.4,0.1,0.9
3271,2,0,RI,education,25276,1.0052671130979434,0,30,0.45,0.2,0.8
3272,1,0,ID,sales,74579,1.6256289685843512,1,29,0.55,0.4,0.6
3273,2,1,NH,building_grounds,167996,1.5936703863553703,1,52,0.18,0.3,0.7
3274,3,1,WY,sales,176722,1.8303624024847522,1,63,0.55,0.4,0.6
3275,2,1,ND,management,116689,0.8609610931016505,0,46,0.72,0.35,0.65
3276,2,1,OK,sales,60292,1.4277840243885294,1,56,0.55,0.4,0.6
3277,1,2,TN,construction,21477,1.1398387267254293,1,56,0.2,0.25,0.75
3278,4,1,AK,business_financial,19433,0.648740868200548,1,46,0.78,0.4,0.6
3279,3,0,IL,office_admin,69751,0.690854529500939,1,44,0.75,0.55,0.45
3280,1,1,WY,sales,105256,0.8483437224058434,0,47,0.55,0.4,0.6
3281,2,1,IN,building_grounds,166539,1.925842588301748,1,36,0.18,0.3,0.7
3282,1,2,OH,construction,27106,1.8069298149785027,1,66,0.2,0.25,0.75
3283,1,0,FL,sales,75893,0.5192135757533833,0,38,0.55,0.4,0.6
3284,2,1,MI,installation,107691,1.6700991125544533,1,26,0.25,0.2,0.8
3285,2,2,VT,management,204873,1.2281498337397352,1,63,0.72,0.35,0.65
3286,1,1,NC,construction,164643,0.8665098602650687,1,49,0.2,0.25,0.75
3287,1,2,NY,office_admin,25893,0.9287170092575252,1,41,0.75,0.55,0.45
3288,2,2,AZ,building_grounds,12528,0.5002624279586598,0,61,0.18,0.3,0.7
3289,2,2,IA,transportation,73649,0.8824521485948935,1,23,0.3,0.4,0.6
3290,3,0,WY,education,43890,1.2812510319054127,1,53,0.45,0.2,0.8
3291,4,2,FL,protective_service,85328,1.0298213068163022,1,22,0.25,0.15,0.85
3292,3,0,RI,legal,81506,0.7055083942832425,0,45,0.8,0.45,0.55
3293,2,2,ID,protective_service,22240,0.8936439517419785,0,42,0.25,0.15,0.85
3294,1,1,NC,building_grounds,85143,1.714261538698338,1,45,0.18,0.3,0.7
3295,2,3,TX,healthcare_practitioners,42740,0.8774500103900209,0,74,0.4,0.1,0.9
3296,1,1,TX,business_financial,17402,0.9531483602477238,1,54,0.78,0.4,0.6
3297,4,2,WI,office_admin,9450,1.121090430417098,0,25,0.75,0.55,0.45
3298,1,0,WI,food_prep,314425,1.6076595997437835,1,67,0.2,0.25,0.75
3299,2,2,RI,life_physical_social,10371,0.849744183360599,0,48,0.55,0.25,0.75
3300,3,0,OR,transportation,42088,1.135804632329382,0,32,0.3,0.4,0.6
3301,4,1,TX,management,45554,0.8302610312821344,1,26,0.72,0.35,0.65
3302,1,1,MD,arts_media,27187,1.6128667467273772,0,24,0.6,0.35,0.65
3303,2,1,IL,architecture_engineering,159992,0.5968704372644424,1,35,0.68,0.3,0.7
3304,3,1,SC,food_prep,12110,1.5210579972481355,1,69,0.2,0.25,0.75
3305,3,1,MS,office_admin,273968,1.6837117266841233,1,45,0.75,0.55,0.45
3306,3,1,ND,education,5000,0.8751550180604681,1,64,0.45,0.2,0.8
3307,3,2,MD,healthcare_practitioners,300600,1.098253056872636,1,54,0.4,0.1,0.9
3308,1,0,KY,computer_math,55126,0.6705112387426198,1,22,0.85,0.25,0.75
3309,2,0,MO,office_admin,8370,1.7577320534037426,1,36,0.75,0.55,0.45
3310,1,3,MD,office_admin,32033,1.5061804701108485,0,36,0.75,0.55,0.45
3311,1,0,RI,building_grounds,28824,0.7750651127425954,0,35,0.18,0.3,0.7
3312,3,0,TX,management,71207,1.1126016695052385,1,28,0.72,0.35,0.65
3313,1,0,VT,transportation,23477,1.3550266597885638,1,46,0.3,0.4,0.6
3314,1,1,NJ,transportation,29307,1.3297268283786252,0,62,0.3,0.4,0.6
3315,2,3,MT,office_admin,40910,0.6613699508598074,1,30,0.75,0.55,0.45
3316,3,2,RI,production,31765,1.7807278169784695,0,42,0.35,0.45,0.55
3317,1,2,NM,building_grounds,117193,1.9738501419778913,1,60,0.18,0.3,0.7
3318,1,3,MO,community_social,56855,0.5839833026984707,1,75,0.35,0.15,0.85
3319,1,0,NM,healthcare_support,23565,0.6493719444843009,1,52,0.3,0.2,0.8
3320,2,2,VA,education,27872,1.8285872840788215,1,37,0.45,0.2,0.8
3321,1,0,MS,food_prep,27939,1.6844426307361573,0,32,0.2,0.25,0.75
3322,1,1,DE,food_prep,137411,0.8431644780794159,0,49,0.2,0.25,0.75
3323,2,0,MT,transportation,49854,1.9845894910395145,1,66,0.3,0.4,0.6
3324,3,0,PA,installation,77603,1.4227886982262135,1,43,0.25,0.2,0.8
3325,3,3,MS,production,30879,0.6445857408689335,0,29,0.35,0.45,0.55
3326,3,0,LA,management,147230,0.976650457130745,0,37,0.72,0.35,0.65
3327,4,0,NJ,food_prep,33697,1.3748300484148785,1,34,0.2,0.25,0.75
3328,1,2,MO,healthcare_practitioners,55775,1.4243593827122822,1,50,0.4,0.1,0.9
3329,2,0,OK,sales,25259,1.403344739228487,1,47,0.55,0.4,0.6
3330,3,0,AL,food_prep,69220,1.3830928866518661,1,58,0.2,0.25,0.75
3331,3,3,NC,installation,64468,1.3927055877866223,1,56,0.25,0.2,0.8
3332,3,2,OK,transportation,40645,0.6005552462302148,1,52,0.3,0.4,0.6
3333,2,0,ME,building_grounds,98848,1.2836960016284138,1,42,0.18,0.3,0.7
3334,2,3,KS,transportation,56381,0.5345359689090401,1,35,0.3,0.4,0.6
3335,3,0,HI,office_admin,232073,1.7525382587919012,1,25,0.75,0.55,0.45
3336,3,1,DE,office_admin,13325,1.1068419731454924,1,28,0.75,0.55,0.45
3337,3,1,KY,food_prep,122231,1.5896387569373474,0,45,0.2,0.25,0.75
3338,1,1,HI,sales,103741,0.7692952571669593,1,58,0.55,0.4,0.6
3339,2,3,WA,arts_media,86069,0.530524080619216,1,62,0.6,0.35,0.65
3340,1,0,TX,food_prep,73033,0.6933260922087356,1,65,0.2,0.25,0.75
3341,4,1,MN,office_admin,61308,1.952201338717714,1,51,0.75,0.55,0.45
3342,1,2,NV,management,17037,0.7270034853136167,1,49,0.72,0.35,0.65
3343,3,1,NH,food_prep,90756,1.5038158192764968,1,24,0.2,0.25,0.75
3344,3,0,CT,office_admin,69296,1.5706067981664091,1,42,0.75,0.55,0.45
3345,2,0,IA,arts_media,29718,1.0013144939439371,1,64,0.6,0.35,0.65
3346,1,3,HI,community_social,13117,0.7194869724335149,0,51,0.35,0.15,0.85
3347,3,0,IL,construction,128193,0.9415901184547693,1,72,0.2,0.25,0.75
3348,3,1,HI,healthcare_practitioners,81832,1.1189944565994665,1,55,0.4,0.1,0.9
3349,4,2,OH,architecture_engineering,13582,1.1757692445535213,0,71,0.68,0.3,0.7
3350,4,0,TN,personal_care,67297,1.5086789750494063,1,59,0.22,0.15,0.85
3351,2,2,IN,sales,215522,0.5663336936850101,1,67,0.55,0.4,0.6
3352,1,0,LA,business_financial,112584,1.3260411235969514,1,40,0.78,0.4,0.6
3353,1,0,CO,management,33455,1.3627532731043175,1,37,0.72,0.35,0.65
3354,1,1,MI,office_admin,25219,1.7156478761462495,1,32,0.75,0.55,0.45
3355,2,1,VT,installation,20126,1.7276391288032755,1,23,0.25,0.2,0.8
3356,2,0,NV,office_admin,47868,1.295499755302444,1,34,0.75,0.55,0.45
3357,1,2,RI,transportation,500000,0.9237793366191909,1,35,0.3,0.4,0.6
3358,3,3,WY,arts_media,49767,1.8470010153250769,1,54,0.6,0.35,0.65
3359,1,0,MT,sales,29904,1.2249601217918098,0,26,0.55,0.4,0.6
3360,1,0,CA,transportation,89477,1.9171862239018083,1,56,0.3,0.4,0.6
3361,2,0,AK,food_prep,140294,0.9118059569736943,0,27,0.2,0.25,0.75
3362,1,0,TN,installation,223805,1.725740393740125,1,67,0.25,0.2,0.8
3363,3,1,NE,business_financial,124457,1.5598168625729159,1,74,0.78,0.4,0.6
3364,1,3,NH,transportation,144696,0.6858875991310924,1,40,0.3,0.4,0.6
3365,1,0,SD,food_prep,179445,0.9897801803890616,1,70,0.2,0.25,0.75
3366,2,1,AR,installation,175058,1.6198101302143186,1,29,0.25,0.2,0.8
3367,2,0,WV,installation,22313,1.8634608131833375,1,54,0.25,0.2,0.8
3368,1,0,WA,education,55382,1.641802694182843,0,66,0.45,0.2,0.8
3369,2,0,WY,food_prep,112899,1.6211477663600817,1,62,0.2,0.25,0.75
3370,2,1,SD,food_prep,346251,1.9280922942562029,1,59,0.2,0.25,0.75
3371,2,2,MN,arts_media,200115,1.869238999672234,0,40,0.6,0.35,0.65
3372,1,0,IN,healthcare_support,70038,1.044366600108333,1,39,0.3,0.2,0.8
3373,2,0,NM,arts_media,38672,1.5573102533817291,1,72,0.6,0.35,0.65
3374,1,0,NV,construction,51808,1.8513010060414672,1,25,0.2,0.25,0.75
3375,1,0,MD,office_admin,25931,1.2423802884295583,1,38,0.75,0.55,0.45
3376,1,2,TX,installation,23784,1.309763639816083,0,69,0.25,0.2,0.8
3377,3,1,KY,life_physical_social,47216,0.6573266374180093,1,63,0.55,0.25,0.75
3378,2,0,VT,installation,43693,0.9722682703286409,1,24,0.25,0.2,0.8
3379,4,1,MI,construction,120820,1.1174248642055318,1,25,0.2,0.25,0.75
3380,1,0,MT,community_social,31335,1.733939427533187,0,37,0.35,0.15,0.85
3381,1,1,MT,production,64695,1.1348578457254916,1,26,0.35,0.45,0.55
3382,2,1,HI,management,62116,1.9778278425801545,0,24,0.72,0.35,0.65
3383,1,2,VT,building_grounds,63535,1.695670789340511,1,52,0.18,0.3,0.7
3384,2,0,UT,architecture_engineering,50539,0.5274703723844141,0,60,0.68,0.3,0.7
3385,2,0,WA,office_admin,18811,1.383850552723743,1,24,0.75,0.55,0.45
3386,4,1,IN,sales,169464,1.2763179417233914,1,22,0.55,0.4,0.6
3387,2,1,NJ,office_admin,20838,1.893821046454832,0,57,0.75,0.55,0.45
3388,1,3,WI,construction,30532,1.1311245404649526,1,55,0.2,0.25,0.75
3389,1,3,PA,business_financial,62066,1.2572082862025127,1,40,0.78,0.4,0.6
3390,1,0,NY,architecture_engineering,54783,0.8488901439122856,1,25,0.68,0.3,0.7
3391,1,1,KY,business_financial,50448,1.2183984173461795,1,42,0.78,0.4,0.6
3392,3,1,VT,transportation,8018,1.455588974058628,0,56,0.3,0.4,0.6
3393,2,2,MI,management,207712,1.693167976452969,1,51,0.72,0.35,0.65
3394,3,1,OR,food_prep,18996,1.084430103073828,0,25,0.2,0.25,0.75
3395,4,2,ME,healthcare_support,32813,0.6525596545543522,1,46,0.3,0.2,0.8
3396,2,2,GA,office_admin,50633,1.9027525838464499,1,47,0.75,0.55,0.45
3397,1,2,PA,construction,30628,1.7247385121881962,0,63,0.2,0.25,0.75
3398,2,0,NE,production,156434,1.7983799583744258,1,27,0.35,0.45,0.55
3399,3,1,VA,food_prep,34055,0.6710061136400327,1,41,0.2,0.25,0.75
3400,1,0,DE,healthcare_practitioners,19089,1.7482255614595488,1,58,0.4,0.1,0.9
3401,4,1,CT,transportation,89180,1.9160864577861503,0,28,0.3,0.4,0.6
3402,2,1,OR,production,54759,1.1074865435948595,1,68,0.35,0.45,0.55
3403,1,0,NH,personal_care,59753,1.1181795292068273,0,54,0.22,0.15,0.85
3404,3,0,MN,protective_service,341803,1.3522636300185695,1,22,0.25,0.15,0.85
3405,2,0,MN,healthcare_support,91885,0.6216675472678617,1,48,0.3,0.2,0.8
3406,1,1,WA,office_admin,38508,1.5293494303477928,0,26,0.75,0.55,0.45
3407,2,0,FL,office_admin,19948,0.5065228574676439,1,28,0.75,0.55,0.45
3408,3,1,VA,transportation,18896,0.5956417571287602,0,47,0.3,0.4,0.6
3409,3,0,WI,sales,97334,1.784632213995792,1,68,0.55,0.4,0.6
3410,1,2,SC,personal_care,18916,1.1319790929555893,0,73,0.22,0.15,0.85
3411,2,3,UT,production,68670,1.7622866807505488,1,22,0.35,0.45,0.55
3412,3,1,NH,education,35420,1.6873321598395705,1,67,0.45,0.2,0.8
3413,1,1,LA,community_social,33170,1.9006238367874175,1,73,0.35,0.15,0.85
3414,1,0,FL,transportation,43698,1.115792929660529,0,48,0.3,0.4,0.6
3415,2,1,UT,architecture_engineering,74548,1.1752941006561741,1,52,0.68,0.3,0.7
3416,2,3,WV,healthcare_support,90917,1.912529026856646,1,49,0.3,0.2,0.8
3417,2,3,NV,education,71207,0.5061460235156119,1,33,0.45,0.2,0.8
3418,1,1,MA,installation,26224,1.144679814344272,1,25,0.25,0.2,0.8
3419,4,2,IL,computer_math,101688,0.6965461553772911,1,53,0.85,0.25,0.75
3420,1,1,VT,personal_care,7215,1.9703023697948083,1,69,0.22,0.15,0.85
3421,2,1,WA,education,40039,1.214906801120378,1,38,0.45,0.2,0.8
3422,3,3,NY,office_admin,24514,1.0147008068161085,1,28,0.75,0.55,0.45
3423,2,0,OR,office_admin,63543,1.3507058002287522,0,37,0.75,0.55,0.45
3424,2,0,NE,production,64253,0.5001118114450946,0,74,0.35,0.45,0.55
3425,4,0,GA,education,111063,1.7084010045509785,1,56,0.45,0.2,0.8
3426,1,2,WY,business_financial,131185,1.824321189429611,1,34,0.78,0.4,0.6
3427,3,0,NJ,production,44894,1.7256613803328946,1,65,0.35,0.45,0.55
3428,2,1,CT,office_admin,88133,1.0370538621209562,0,73,0.75,0.55,0.45
3429,1,0,WY,production,46677,1.1977226287126541,0,26,0.35,0.45,0.55
3430,3,1,WV,transportation,38000,1.5303089130902663,1,55,0.3,0.4,0.6
3431,1,0,NH,building_grounds,76893,1.0617236730176955,0,75,0.18,0.3,0.7
3432,3,0,WY,building_grounds,28626,0.7908016564324498,0,24,0.18,0.3,0.7
3433,4,1,ND,education,15506,0.6439580058213323,1,46,0.45,0.2,0.8
3434,2,2,OK,office_admin,48245,1.6041516925906762,0,50,0.75,0.55,0.45
3435,4,0,ID,healthcare_support,14936,1.0869113699300215,1,58,0.3,0.2,0.8
3436,3,1,FL,sales,116757,1.090487931855023,1,65,0.55,0.4,0.6
3437,1,1,CT,production,5000,1.654721898958087,1,35,0.35,0.45,0.55
3438,1,0,AK,construction,21683,1.8147222517291084,1,54,0.2,0.25,0.75
3439,4,0,RI,education,9431,0.8555204870644957,0,55,0.45,0.2,0.8
3440,4,0,SC,community_social,5606,1.0899317094590515,1,73,0.35,0.15,0.85
3441,2,0,ME,business_financial,75167,0.9831100284354761,1,38,0.78,0.4,0.6
3442,2,1,IA,arts_media,23461,1.9896056291181594,1,75,0.6,0.35,0.65
3443,2,3,PA,business_financial,67773,0.698142800712958,0,25,0.78,0.4,0.6
3444,2,0,WI,healthcare_practitioners,41481,1.8313596369698644,0,38,0.4,0.1,0.9
3445,1,2,WV,office_admin,81807,0.6731064743362367,1,60,0.75,0.55,0.45
3446,2,2,OK,office_admin,17996,1.5517925589811057,1,31,0.75,0.55,0.45
3447,4,1,CA,food_prep,93134,1.8394407293526456,1,42,0.2,0.25,0.75
3448,4,0,OH,office_admin,37234,1.1517182709649205,1,66,0.75,0.55,0.45
3449,1,1,OH,installation,392986,0.8940474848495796,0,64,0.25,0.2,0.8
3450,3,0,NM,building_grounds,100261,1.3660888804588467,1,52,0.18,0.3,0.7
3451,4,1,LA,education,75387,1.8001663472969085,1,41,0.45,0.2,0.8
3452,2,1,NE,sales,246894,1.2195241411682218,0,30,0.55,0.4,0.6
3453,1,2,MO,office_admin,37692,1.9291663226904348,1,49,0.75,0.55,0.45
3454,1,2,HI,computer_math,122484,1.156384563073516,1,64,0.85,0.25,0.75
3455,2,0,AZ,healthcare_support,260048,1.7130821252940223,0,38,0.3,0.2,0.8
3456,3,3,WA,sales,46605,0.9927284882869571,1,53,0.55,0.4,0.6
3457,2,3,ID,installation,91606,1.2864740643417463,1,75,0.25,0.2,0.8
3458,2,1,KY,healthcare_practitioners,13630,1.4702334133908153,0,60,0.4,0.1,0.9
3459,1,0,VA,office_admin,141216,1.3609072252875194,0,24,0.75,0.55,0.45
3460,1,0,AL,management,80926,1.7905001811450347,1,70,0.72,0.35,0.65
3461,4,1,VA,transportation,85751,1.3356592771597207,1,59,0.3,0.4,0.6
3462,2,3,MO,office_admin,186739,1.5778693645261228,1,26,0.75,0.55,0.45
3463,1,1,NC,business_financial,68710,1.4856571214040741,1,69,0.78,0.4,0.6
3464,3,0,UT,computer_math,79031,0.6779049022588879,1,27,0.85,0.25,0.75
3465,3,0,WV,construction,24801,0.9775422102538869,1,26,0.2,0.25,0.75
3466,3,1,KS,business_financial,500000,1.8243035259656608,1,74,0.78,0.4,0.6
3467,3,3,MD,management,123916,1.1849396392935887,0,62,0.72,0.35,0.65
3468,2,2,WV,computer_math,72762,1.7838016756577417,0,23,0.85,0.25,0.75
3469,3,0,RI,healthcare_practitioners,102231,1.4562044868944213,1,74,0.4,0.1,0.9
3470,1,1,OH,personal_care,48145,1.6241451740497723,1,64,0.22,0.15,0.85
3471,2,3,GA,management,62775,1.2134078199742362,1,24,0.72,0.35,0.65
3472,1,1,NV,healthcare_practitioners,55493,1.7170082904631272,1,27,0.4,0.1,0.9
3473,1,1,WA,production,39977,1.798333780374378,0,74,0.35,0.45,0.55
3474,1,2,NY,healthcare_practitioners,181557,1.6797022202517837,1,22,0.4,0.1,0.9
3475,1,0,VT,healthcare_support,166416,0.6537108782213181,1,39,0.3,0.2,0.8
3476,4,1,AK,business_financial,20181,0.715520832920447,1,51,0.78,0.4,0.6
3477,3,1,AK,business_financial,49228,1.7317967892158777,1,30,0.78,0.4,0.6
3478,3,0,WI,arts_media,51264,1.1473217846360058,1,26,0.6,0.35,0.65
3479,1,1,CA,business_financial,59397,1.1930100328754634,0,26,0.78,0.4,0.6
3480,2,1,GA,computer_math,174171,0.8860999657772481,1,49,0.85,0.25,0.75
3481,3,0,ND,production,409051,1.3154025096446276,1,54,0.35,0.45,0.55
3482,1,0,IN,construction,25008,1.1047260311897844,1,38,0.2,0.25,0.75
3483,1,0,RI,building_grounds,26926,1.7886902932077646,1,57,0.18,0.3,0.7
3484,3,0,IA,farming,71853,0.5722856272477657,1,73,0.15,0.2,0.8
3485,3,0,NC,construction,31360,1.939831348718144,1,51,0.2,0.25,0.75
3486,1,0,WI,installation,62316,1.3521341572050005,0,56,0.25,0.2,0.8
3487,2,2,NV,healthcare_practitioners,54540,1.9742577036377043,0,73,0.4,0.1,0.9
3488,4,1,HI,transportation,22267,1.168925950420089,0,46,0.3,0.4,0.6
3489,2,2,PA,community_social,102378,0.656726990477182,1,70,0.35,0.15,0.85
3490,1,1,UT,sales,99249,1.3867882047779858,1,67,0.55,0.4,0.6
3491,1,1,CT,arts_media,48462,1.7031908432254568,1,45,0.6,0.35,0.65
3492,1,2,TX,transportation,77121,0.8448425137903541,1,26,0.3,0.4,0.6
3493,2,0,NE,building_grounds,48161,1.034392652567476,1,36,0.18,0.3,0.7
3494,3,0,OH,sales,48071,0.5350081553915516,1,32,0.55,0.4,0.6
3495,1,1,CT,production,157977,0.7510866901138797,1,71,0.35,0.45,0.55
3496,4,1,CA,office_admin,31537,1.3512075842591003,1,38,0.75,0.55,0.45
3497,4,1,MD,healthcare_practitioners,49484,1.1902004185831174,1,42,0.4,0.1,0.9
3498,3,1,AK,sales,39352,1.9072644844418392,1,48,0.55,0.4,0.6
3499,1,1,ME,food_prep,105683,1.8142307348316535,0,70,0.2,0.25,0.75
3500,1,1,ND,education,40572,0.6893475872930139,0,22,0.45,0.2,0.8
3501,1,3,AZ,business_financial,112221,1.3455459526740015,1,69,0.78,0.4,0.6
3502,1,0,MN,education,64011,0.5536296642385423,1,67,0.45,0.2,0.8
3503,3,1,SD,healthcare_practitioners,259917,1.1222441410645843,1,32,0.4,0.1,0.9
3504,1,0,RI,production,51850,1.2878412187565118,1,41,0.35,0.45,0.55
3505,3,1,CA,arts_media,14947,1.173003867152147,0,52,0.6,0.35,0.65
3506,3,0,NJ,sales,18137,0.7347691118484363,1,25,0.55,0.4,0.6
3507,4,2,MN,healthcare_practitioners,18877,1.6909988534171134,1,43,0.4,0.1,0.9
3508,4,3,IL,management,137780,0.709199495962821,1,33,0.72,0.35,0.65
3509,1,0,VT,production,207260,0.8903031951049343,1,38,0.35,0.45,0.55
3510,1,2,WY,transportation,62999,1.2496129383798689,1,45,0.3,0.4,0.6
3511,1,0,SC,building_grounds,145988,0.6879216093802825,1,73,0.18,0.3,0.7
3512,1,2,CT,sales,61506,0.9051922543440014,1,37,0.55,0.4,0.6
3513,1,0,MS,computer_math,77468,0.6345245963893831,1,66,0.85,0.25,0.75
3514,4,1,AK,food_prep,103217,1.8731218042084947,1,74,0.2,0.25,0.75
3515,1,3,VA,arts_media,13312,0.6870470157591626,1,57,0.6,0.35,0.65
3516,2,0,VT,education,27536,1.4844625545665622,0,71,0.45,0.2,0.8
3517,1,0,WI,healthcare_practitioners,8765,1.861655339715071,0,46,0.4,0.1,0.9
3518,4,1,NY,food_prep,111824,0.6880585756152868,0,38,0.2,0.25,0.75
3519,1,0,NV,farming,33601,1.0365121166687459,1,38,0.15,0.2,0.8
3520,2,0,DE,education,142938,0.8108073143521324,1,42,0.45,0.2,0.8
3521,2,0,IN,transportation,47814,0.6042729765176773,1,23,0.3,0.4,0.6
3522,1,1,CT,transportation,63840,0.7259729757206514,1,71,0.3,0.4,0.6
3523,2,2,MD,sales,156722,1.0673480634577572,1,66,0.55,0.4,0.6
3524,4,1,HI,construction,21099,0.7514951860066503,1,52,0.2,0.25,0.75
3525,1,1,TN,management,81637,1.9777184566482902,1,23,0.72,0.35,0.65
3526,4,3,AR,healthcare_practitioners,36427,1.7196032966021448,1,38,0.4,0.1,0.9
3527,2,0,ME,computer_math,51924,1.5883526157122105,1,75,0.85,0.25,0.75
3528,2,2,FL,management,45069,1.7871308010071516,0,70,0.72,0.35,0.65
3529,2,2,FL,office_admin,88205,1.0507407255936414,1,23,0.75,0.55,0.45
3530,2,3,FL,healthcare_practitioners,65383,1.788950752816163,1,45,0.4,0.1,0.9
3531,2,1,WV,food_prep,40837,1.9159705664496869,1,59,0.2,0.25,0.75
3532,2,1,IN,farming,17776,1.9196005706908181,1,51,0.15,0.2,0.8
3533,3,1,CO,management,16270,1.4987354084150866,1,59,0.72,0.35,0.65
3534,3,0,ME,healthcare_support,94468,0.6520357611589134,0,30,0.3,0.2,0.8
3535,3,0,ND,office_admin,40998,1.8928737426176667,1,45,0.75,0.55,0.45
3536,1,1,ID,education,83228,0.7526303188642487,1,53,0.45,0.2,0.8
3537,3,1,AR,office_admin,36646,1.6534497579559684,1,52,0.75,0.55,0.45
3538,2,3,AK,personal_care,26464,1.6954667622921988,0,70,0.22,0.15,0.85
3539,1,0,FL,management,49860,1.832858479116112,1,72,0.72,0.35,0.65
3540,2,0,NH,transportation,75493,1.4195359798613936,0,34,0.3,0.4,0.6
3541,1,2,MN,office_admin,46529,1.0990657344227657,0,66,0.75,0.55,0.45
3542,2,3,NV,sales,66931,0.5460934563307092,0,57,0.55,0.4,0.6
3543,1,1,CT,office_admin,92560,1.5091395023046061,1,53,0.75,0.55,0.45
3544,2,2,OK,education,53869,1.2796796192415059,1,28,0.45,0.2,0.8
3545,3,1,SC,installation,39739,1.4227854132186621,0,25,0.25,0.2,0.8
3546,3,0,MD,business_financial,53495,0.9880637374008074,1,60,0.78,0.4,0.6
3547,3,1,NJ,transportation,29376,0.7776417803252116,1,47,0.3,0.4,0.6
3548,1,3,HI,transportation,22978,1.8675513328053057,1,71,0.3,0.4,0.6
3549,3,0,ME,education,15744,1.0626420474145561,1,49,0.45,0.2,0.8
3550,2,2,AL,healthcare_support,24679,1.3828400053316727,1,65,0.3,0.2,0.8
3551,2,0,TN,food_prep,8081,1.4130823471350595,0,47,0.2,0.25,0.75
3552,3,1,NV,healthcare_practitioners,23623,1.276878299890086,0,22,0.4,0.1,0.9
3553,3,1,AL,management,171512,0.7162483747815713,1,38,0.72,0.35,0.65
3554,2,1,CO,computer_math,305544,0.6463018513750285,0,73,0.85,0.25,0.75
3555,4,2,NC,education,77352,1.497413539676927,1,44,0.45,0.2,0.8
3556,2,0,MT,food_prep,141208,0.8592181751737371,1,58,0.2,0.25,0.75
3557,1,1,NM,sales,30562,1.92222995380871,1,69,0.55,0.4,0.6
3558,1,0,ID,food_prep,53281,1.1883549124468118,0,48,0.2,0.25,0.75
3559,2,0,AR,production,53937,1.0525274679530412,1,30,0.35,0.45,0.55
3560,2,0,WV,business_financial,137254,0.9255723734386265,0,23,0.78,0.4,0.6
3561,1,0,KS,office_admin,18936,1.8027212750166655,1,46,0.75,0.55,0.45
3562,3,0,MD,office_admin,145529,1.7606295313453302,0,58,0.75,0.55,0.45
3563,2,0,NV,office_admin,37088,0.6208349850494415,0,29,0.75,0.55,0.45
3564,2,3,IL,education,25211,1.665015596547164,1,71,0.45,0.2,0.8
3565,1,0,FL,business_financial,183945,1.401918715564534,1,73,0.78,0.4,0.6
3566,3,0,AZ,installation,10324,1.050824521225877,0,27,0.25,0.2,0.8
3567,2,0,KS,healthcare_practitioners,41231,1.6829388939077035,1,55,0.4,0.1,0.9
3568,3,1,WA,production,132208,1.7167574344202876,1,25,0.35,0.45,0.55
3569,3,2,NE,management,12448,1.8144553558668122,0,35,0.72,0.35,0.65
3570,4,1,SD,building_grounds,298599,0.6556437178514898,1,73,0.18,0.3,0.7
3571,1,2,MI,office_admin,69887,1.1100243844557554,1,71,0.75,0.55,0.45
3572,2,1,NE,sales,16769,1.989891815930605,0,49,0.55,0.4,0.6
3573,2,2,AL,community_social,15236,1.290998314623721,0,55,0.35,0.15,0.85
3574,1,3,WV,personal_care,15138,0.5442227947060019,1,65,0.22,0.15,0.85
3575,1,3,MS,management,285619,0.6980900513008237,0,58,0.72,0.35,0.65
3576,1,1,NE,healthcare_practitioners,145345,1.250791063066572,1,65,0.4,0.1,0.9
3577,1,0,NV,sales,35036,1.5848962928866968,0,68,0.55,0.4,0.6
3578,3,2,HI,sales,5611,1.007644351804629,1,24,0.55,0.4,0.6
3579,2,1,NH,office_admin,209055,1.9071245981613174,0,41,0.75,0.55,0.45
3580,2,0,WV,community_social,99161,1.692492820438929,0,51,0.35,0.15,0.85
3581,2,1,MI,food_prep,35197,0.8007885571569204,1,25,0.2,0.25,0.75
3582,2,1,OK,office_admin,48243,1.6505394640844315,1,66,0.75,0.55,0.45
3583,1,1,ID,transportation,17716,1.5350658813258633,1,72,0.3,0.4,0.6
3584,3,0,PA,healthcare_practitioners,43611,0.739559885696508,1,32,0.4,0.1,0.9
3585,4,0,NC,protective_service,42797,1.1045962971402332,0,37,0.25,0.15,0.85
3586,2,1,WY,transportation,55676,1.9200944509357214,0,43,0.3,0.4,0.6
3587,1,0,SD,transportation,127117,1.2873628621455282,1,40,0.3,0.4,0.6
3588,3,2,OH,business_financial,21685,1.6631660712882876,0,70,0.78,0.4,0.6
3589,1,2,MO,transportation,148082,1.397229797206819,0,38,0.3,0.4,0.6
3590,1,3,MA,construction,39159,1.7055350495502353,1,49,0.2,0.25,0.75
3591,1,0,MA,construction,58150,1.6578157090116292,1,68,0.2,0.25,0.75
3592,1,0,RI,office_admin,39323,0.7667073316406459,1,30,0.75,0.55,0.45
3593,1,3,WY,business_financial,43749,1.1523686720756814,1,41,0.78,0.4,0.6
3594,2,0,UT,computer_math,81949,0.7164095074404031,1,38,0.85,0.25,0.75
3595,1,2,WY,business_financial,34608,1.7575385344680399,1,36,0.78,0.4,0.6
3596,1,1,MT,healthcare_support,14399,1.9393120936583728,1,71,0.3,0.2,0.8
3597,3,0,MI,food_prep,91946,1.9549226115923375,0,66,0.2,0.25,0.75
3598,3,0,MI,transportation,48343,0.8826217619935051,0,68,0.3,0.4,0.6
3599,2,0,KY,installation,51074,0.7312972618965432,0,34,0.25,0.2,0.8
3600,1,2,NV,business_financial,253447,1.6982234679162502,1,72,0.78,0.4,0.6
3601,3,3,MT,sales,113301,1.4518940072739497,1,43,0.55,0.4,0.6
3602,2,1,OR,sales,152833,0.9950854358030483,1,56,0.55,0.4,0.6
3603,1,1,CT,transportation,80720,1.92948472534772,1,58,0.3,0.4,0.6
3604,1,2,AR,office_admin,8451,1.312194083002396,1,56,0.75,0.55,0.45
3605,1,1,NE,business_financial,30778,1.6208911529975012,0,34,0.78,0.4,0.6
3606,1,0,VT,production,179360,1.3657023664563894,1,70,0.35,0.45,0.55
3607,3,1,NY,management,242260,1.3302385826827958,1,72,0.72,0.35,0.65
3608,3,0,TN,personal_care,200634,0.8506152719492093,0,27,0.22,0.15,0.85
3609,3,1,OR,management,33137,1.1956492172321305,1,43,0.72,0.35,0.65
3610,2,1,CA,office_admin,53782,1.1546834240434691,0,23,0.75,0.55,0.45
3611,1,0,AR,personal_care,91059,0.7973425028612837,0,75,0.22,0.15,0.85
3612,4,0,NV,healthcare_support,133026,1.0044691499788314,0,60,0.3,0.2,0.8
3613,2,0,MS,arts_media,53736,1.2955987920286134,1,55,0.6,0.35,0.65
3614,3,0,AR,office_admin,20714,0.8145155489910394,0,67,0.75,0.55,0.45
3615,2,3,WI,office_admin,107111,1.6674007568508387,1,55,0.75,0.55,0.45
3616,2,0,MA,management,47940,0.9594581287819892,1,57,0.72,0.35,0.65
3617,3,2,NE,sales,37821,1.6703766003483906,1,25,0.55,0.4,0.6
3618,3,2,MN,food_prep,30173,1.209867313853465,1,54,0.2,0.25,0.75
3619,2,0,FL,construction,73874,0.958518827566877,1,26,0.2,0.25,0.75
3620,4,0,OR,installation,68803,0.7086779257515445,1,54,0.25,0.2,0.8
3621,1,1,WA,healthcare_support,13678,1.2126253361348063,1,43,0.3,0.2,0.8
3622,2,1,NY,building_grounds,204888,1.3404942463384941,1,22,0.18,0.3,0.7
3623,3,0,MS,transportation,62200,1.62398178037256,1,28,0.3,0.4,0.6
3624,3,1,UT,personal_care,38909,1.4596092596184462,0,32,0.22,0.15,0.85
3625,3,0,NM,office_admin,159170,0.713514402275905,0,56,0.75,0.55,0.45
3626,4,2,NH,office_admin,30283,0.7188341503497213,0,44,0.75,0.55,0.45
3627,1,2,NM,food_prep,148584,1.4831665059318766,1,37,0.2,0.25,0.75
3628,2,0,AL,personal_care,168134,1.1848957038018852,1,50,0.22,0.15,0.85
3629,1,3,KY,installation,52357,1.9212329222355038,1,43,0.25,0.2,0.8
3630,1,2,PA,food_prep,52958,1.2088608959456906,1,38,0.2,0.25,0.75
3631,3,1,CO,office_admin,179307,1.2350475295679644,1,43,0.75,0.55,0.45
3632,2,3,MO,construction,163264,1.7708717815112323,1,70,0.2,0.25,0.75
3633,1,0,FL,construction,123853,1.8449922150466591,1,67,0.2,0.25,0.75
3634,2,0,OK,installation,52273,1.517929265042767,1,32,0.25,0.2,0.8
3635,2,0,OK,building_grounds,63660,0.7152763935737312,1,32,0.18,0.3,0.7
3636,2,3,NV,business_financial,167441,1.0680774266365916,0,60,0.78,0.4,0.6
3637,1,1,AL,transportation,14215,1.5944219765951857,0,36,0.3,0.4,0.6
3638,2,2,AZ,sales,62878,0.5848288184497505,1,23,0.55,0.4,0.6
3639,3,0,IN,transportation,7611,1.873948396416381,1,60,0.3,0.4,0.6
3640,2,0,HI,food_prep,34017,1.8303335250820965,1,28,0.2,0.25,0.75
3641,3,0,WI,food_prep,46009,0.9228246874408796,0,66,0.2,0.25,0.75
3642,2,1,CT,protective_service,133861,1.456760280416347,0,54,0.25,0.15,0.85
3643,3,0,IL,arts_media,389228,1.4636620180681348,1,61,0.6,0.35,0.65
3644,1,0,SD,personal_care,300254,0.9569804947823286,1,27,0.22,0.15,0.85
3645,2,1,VT,sales,40640,1.9181735349120572,0,52,0.55,0.4,0.6
3646,3,0,CO,installation,276911,1.8569598090834916,0,75,0.25,0.2,0.8
3647,3,0,IL,food_prep,177787,1.5827521629398689,1,25,0.2,0.25,0.75
3648,1,0,MA,protective_service,102347,1.6574348150752485,1,58,0.25,0.15,0.85
3649,1,2,NC,production,68168,0.9623640888603404,0,53,0.35,0.45,0.55
3650,1,1,IA,community_social,173412,0.5943966027116403,1,23,0.35,0.15,0.85
3651,2,0,CA,sales,42758,1.3070855407277122,1,40,0.55,0.4,0.6
3652,2,3,PA,office_admin,39510,1.8520939913578331,1,66,0.75,0.55,0.45
3653,1,0,NE,business_financial,141930,0.7115545411361381,1,74,0.78,0.4,0.6
3654,4,1,WV,legal,26268,0.6969338945345953,0,34,0.8,0.45,0.55
3655,1,2,PA,sales,31062,0.7273037505801767,1,39,0.55,0.4,0.6
3656,3,2,PA,construction,123752,1.232987327617593,0,49,0.2,0.25,0.75
3657,4,1,NM,business_financial,80052,1.0285626100376248,1,67,0.78,0.4,0.6
3658,3,1,MD,installation,74742,0.95778455468826,1,39,0.25,0.2,0.8
3659,2,2,ME,installation,109993,1.0881398104829714,1,52,0.25,0.2,0.8
3660,3,1,IA,construction,240711,0.8168918611481786,1,50,0.2,0.25,0.75
3661,2,0,DE,office_admin,21706,1.1987884659320116,1,71,0.75,0.55,0.45
3662,3,1,FL,office_admin,140437,0.5784100628225133,1,62,0.75,0.55,0.45
3663,3,0,ID,sales,32067,0.7844671165803447,1,53,0.55,0.4,0.6
3664,3,2,IL,building_grounds,306431,0.6520408804062754,1,65,0.18,0.3,0.7
3665,3,1,MN,sales,20350,1.3072774898028001,0,69,0.55,0.4,0.6
3666,2,0,AR,management,173893,1.0022821968887001,1,55,0.72,0.35,0.65
3667,2,1,CO,transportation,113089,0.6607188383350149,1,35,0.3,0.4,0.6
3668,1,3,WV,sales,90654,1.5041668949415907,1,74,0.55,0.4,0.6
3669,3,1,GA,education,19433,0.9323303631972522,0,26,0.45,0.2,0.8
3670,1,0,DE,food_prep,116816,0.945648196269758,1,60,0.2,0.25,0.75
3671,1,1,PA,healthcare_practitioners,95945,1.9160851795459166,1,60,0.4,0.1,0.9
3672,3,1,ME,personal_care,162366,1.3959551377920434,1,24,0.22,0.15,0.85
3673,2,1,GA,construction,45858,1.5170476327184588,1,70,0.2,0.25,0.75
3674,2,0,ND,management,80753,0.9410460375947878,0,74,0.72,0.35,0.65
3675,1,0,MI,office_admin,117551,1.2751912717940286,1,50,0.75,0.55,0.45
3676,2,1,TX,food_prep,482099,1.2486546179279685,0,65,0.2,0.25,0.75
3677,4,1,WV,office_admin,22551,1.9619179415749386,0,40,0.75,0.55,0.45
3678,1,0,CT,community_social,66485,1.8507110873470083,1,46,0.35,0.15,0.85
3679,2,0,WI,arts_media,19018,1.182873967802152,0,57,0.6,0.35,0.65
3680,1,1,ME,production,70402,0.5137039262335747,1,42,0.35,0.45,0.55
3681,2,3,DE,food_prep,14470,1.789383718976751,1,38,0.2,0.25,0.75
3682,3,0,MA,community_social,28035,1.1298067764146253,1,38,0.35,0.15,0.85
3683,1,0,MD,transportation,24346,1.8623171478975564,0,41,0.3,0.4,0.6
3684,3,0,NY,office_admin,69898,0.930388098815456,1,62,0.75,0.55,0.45
3685,4,0,NH,healthcare_practitioners,14624,1.462485023890622,1,25,0.4,0.1,0.9
3686,2,1,RI,education,55135,1.9137193562928587,1,72,0.45,0.2,0.8
3687,2,0,NJ,transportation,231383,1.6580522239673883,1,69,0.3,0.4,0.6
3688,1,0,NH,office_admin,39293,1.746848758426495,0,40,0.75,0.55,0.45
3689,1,2,FL,building_grounds,62455,1.7389145155902952,1,43,0.18,0.3,0.7
3690,3,2,MA,arts_media,289235,1.2811298753367737,1,65,0.6,0.35,0.65
3691,3,1,AR,transportation,158932,1.9115953027503565,1,43,0.3,0.4,0.6
3692,3,0,LA,protective_service,364229,1.768367495154962,0,37,0.25,0.15,0.85
3693,3,0,VA,food_prep,28153,1.6466166705358773,1,34,0.2,0.25,0.75
3694,1,2,AK,building_grounds,72263,1.9090535178547725,1,69,0.18,0.3,0.7
3695,2,0,OH,healthcare_practitioners,20142,1.7173420938197523,1,23,0.4,0.1,0.9
3696,2,0,UT,office_admin,30414,0.7190973319811746,1,60,0.75,0.55,0.45
3697,2,2,MO,business_financial,25308,1.578094313852489,0,54,0.78,0.4,0.6
3698,2,2,ND,personal_care,13136,1.3711896733148023,1,72,0.22,0.15,0.85
3699,3,1,ME,food_prep,118204,1.908193570212461,1,60,0.2,0.25,0.75
3700,2,1,PA,life_physical_social,84248,1.4941174334380776,1,75,0.55,0.25,0.75
3701,3,2,PA,office_admin,184691,1.2604233240708709,1,58,0.75,0.55,0.45
3702,2,0,PA,transportation,88358,1.1493493205634877,1,73,0.3,0.4,0.6
3703,3,0,KY,food_prep,35070,0.9392938028322533,1,43,0.2,0.25,0.75
3704,2,0,MS,education,25688,0.8409388264408335,0,49,0.45,0.2,0.8
3705,3,1,NJ,education,29816,1.3210985105251893,1,75,0.45,0.2,0.8
3706,2,0,DE,healthcare_support,64669,1.7823697231942788,0,68,0.3,0.2,0.8
3707,3,0,MA,transportation,91940,1.498252356192097,1,41,0.3,0.4,0.6
3708,2,1,MD,sales,51693,0.8725940193980932,1,60,0.55,0.4,0.6
3709,2,2,WA,personal_care,96140,1.112989001441747,1,69,0.22,0.15,0.85
3710,3,0,SD,business_financial,57351,0.6628468942362815,1,42,0.78,0.4,0.6
3711,1,1,IA,management,214961,1.1412215284071863,0,37,0.72,0.35,0.65
3712,3,2,NJ,sales,24488,0.6158192527946085,1,68,0.55,0.4,0.6
3713,2,0,ME,food_prep,117587,1.231696869363077,1,55,0.2,0.25,0.75
3714,1,0,HI,business_financial,207214,1.2271814312553033,0,48,0.78,0.4,0.6
3715,2,2,AZ,architecture_engineering,33989,1.8218391458503902,1,28,0.68,0.3,0.7
3716,2,1,NM,construction,301040,1.7385485826525837,1,70,0.2,0.25,0.75
3717,1,1,KY,office_admin,59710,0.9076764049241319,1,65,0.75,0.55,0.45
3718,3,2,UT,food_prep,354540,1.9031129571376368,0,42,0.2,0.25,0.75
3719,4,1,PA,office_admin,15512,0.9090680973604321,0,71,0.75,0.55,0.45
3720,2,0,NY,transportation,230111,1.5300812881905586,0,40,0.3,0.4,0.6
3721,4,0,DE,production,57564,1.1886687116930261,0,26,0.35,0.45,0.55
3722,2,2,SD,farming,90754,1.6383874615421519,1,37,0.15,0.2,0.8
3723,2,2,NC,arts_media,15763,1.825763925211504,0,25,0.6,0.35,0.65
3724,3,2,NE,office_admin,69539,1.3479158205445856,1,36,0.75,0.55,0.45
3725,1,0,LA,construction,37344,1.1551859170431271,0,23,0.2,0.25,0.75
3726,4,0,IL,installation,291972,0.8288830551318824,1,24,0.25,0.2,0.8
3727,1,0,OK,production,209069,0.6423416780307889,0,23,0.35,0.45,0.55
3728,1,1,VT,production,68274,1.724000415764749,1,49,0.35,0.45,0.55
3729,1,1,NH,transportation,15064,0.6496991781750694,0,25,0.3,0.4,0.6
3730,1,1,KY,protective_service,40347,0.8279906901298091,1,39,0.25,0.15,0.85
3731,3,1,TX,transportation,73088,0.9657010502414778,1,47,0.3,0.4,0.6
3732,2,2,NH,arts_media,108009,1.2799836511258036,1,56,0.6,0.35,0.65
3733,1,0,IN,healthcare_practitioners,93940,0.6089074006304145,1,71,0.4,0.1,0.9
3734,3,3,IA,education,30510,1.8142850282602012,1,34,0.45,0.2,0.8
3735,2,0,AL,sales,27177,1.0387789915548638,1,75,0.55,0.4,0.6
3736,4,0,MD,office_admin,16202,1.747105001239106,1,27,0.75,0.55,0.45
3737,3,0,MO,sales,156994,1.5000803214497864,1,43,0.55,0.4,0.6
3738,3,3,CO,personal_care,57345,0.6607099046232179,1,74,0.22,0.15,0.85
3739,4,0,AR,business_financial,5446,0.9235922343796119,0,46,0.78,0.4,0.6
3740,2,0,CT,installation,199001,1.5285769258625805,1,30,0.25,0.2,0.8
3741,3,0,AK,computer_math,15956,1.3833782841684297,1,46,0.85,0.25,0.75
3742,1,1,FL,healthcare_support,33944,0.807794617372565,1,43,0.3,0.2,0.8
3743,1,1,IA,sales,38630,1.548746670014225,1,51,0.55,0.4,0.6
3744,2,1,FL,installation,24859,0.541615276131779,0,68,0.25,0.2,0.8
3745,2,1,ID,business_financial,18887,1.6961103426292539,0,56,0.78,0.4,0.6
3746,1,1,ND,sales,107962,1.2888388346182182,1,52,0.55,0.4,0.6
3747,2,0,CO,personal_care,84715,1.312661325209774,0,65,0.22,0.15,0.85
3748,3,0,RI,sales,61728,1.3134991785045713,1,63,0.55,0.4,0.6
3749,2,1,MN,management,109958,0.5358861765125766,1,32,0.72,0.35,0.65
3750,1,2,NC,education,61960,1.1576588372699916,1,35,0.45,0.2,0.8
3751,3,3,MO,transportation,12875,1.1085371285444126,0,62,0.3,0.4,0.6
3752,2,1,NV,healthcare_practitioners,6726,1.0446108595933765,0,55,0.4,0.1,0.9
3753,3,1,MD,business_financial,94899,0.6796430390095338,1,23,0.78,0.4,0.6
3754,3,1,UT,office_admin,29269,1.4437737899133936,1,49,0.75,0.55,0.45
3755,1,3,WV,office_admin,74554,0.5837984370300546,0,27,0.75,0.55,0.45
3756,4,2,CO,healthcare_support,39519,0.8459739030804485,1,72,0.3,0.2,0.8
3757,1,0,KY,food_prep,100746,1.5783044310519472,0,46,0.2,0.25,0.75
3758,3,1,SD,sales,416098,0.6817883364856243,1,33,0.55,0.4,0.6
3759,3,0,IA,food_prep,36140,1.2933438837062567,0,54,0.2,0.25,0.75
3760,2,1,TN,transportation,22912,1.9618519536452368,1,44,0.3,0.4,0.6
3761,3,0,NV,construction,84118,0.7772579852025956,1,51,0.2,0.25,0.75
3762,1,2,KY,installation,21949,1.2913188714301214,1,50,0.25,0.2,0.8
3763,3,0,FL,healthcare_practitioners,39889,0.7098583984188735,0,41,0.4,0.1,0.9
3764,1,0,NM,transportation,103666,1.3881087285699323,1,33,0.3,0.4,0.6
3765,3,1,MT,protective_service,56597,1.445027033914812,1,44,0.25,0.15,0.85
3766,2,1,CA,computer_math,61168,0.8765427489997819,0,62,0.85,0.25,0.75
3767,1,0,CT,business_financial,7370,1.2435804512351751,1,72,0.78,0.4,0.6
3768,2,1,MA,food_prep,141522,1.0853557934751734,1,45,0.2,0.25,0.75
3769,2,2,SD,healthcare_practitioners,81170,1.2678410205990076,1,38,0.4,0.1,0.9
3770,2,0,KS,computer_math,46789,0.5997863243101165,1,49,0.85,0.25,0.75
3771,2,0,AR,installation,79048,1.6320118762087077,1,58,0.25,0.2,0.8
3772,2,0,NE,healthcare_practitioners,171702,1.2601041143061593,1,27,0.4,0.1,0.9
3773,4,2,ME,life_physical_social,142884,0.9630875284783542,1,67,0.55,0.25,0.75
3774,4,0,NE,arts_media,20665,1.04800152243115,1,50,0.6,0.35,0.65
3775,2,0,OR,building_grounds,131523,1.1595010908786207,1,75,0.18,0.3,0.7
3776,2,1,WA,production,281855,1.4015043904073536,1,40,0.35,0.45,0.55
3777,1,2,IL,installation,178480,1.3967749909497797,0,66,0.25,0.2,0.8
3778,2,0,NC,sales,15782,0.9767069040099159,0,42,0.55,0.4,0.6
3779,2,3,MS,office_admin,176185,1.3839062958722934,1,51,0.75,0.55,0.45
3780,3,0,VA,transportation,500000,1.6192172621376812,0,35,0.3,0.4,0.6
3781,1,1,NH,construction,52715,1.2613536681747064,1,35,0.2,0.25,0.75
3782,4,0,WV,legal,16355,0.7235516464570537,1,66,0.8,0.45,0.55
3783,1,0,ID,sales,52424,0.69671802141238,1,58,0.55,0.4,0.6
3784,2,1,HI,education,38656,0.7361963540315628,1,34,0.45,0.2,0.8
3785,3,2,GA,installation,15601,1.112794745247811,0,51,0.25,0.2,0.8
3786,2,2,PA,production,36514,1.1087313047610223,1,62,0.35,0.45,0.55
3787,2,1,AL,production,40454,1.3441020343452692,1,50,0.35,0.45,0.55
3788,2,0,WA,management,54384,1.7198970023309812,1,67,0.72,0.35,0.65
3789,1,0,IN,production,137033,1.352886555250734,1,64,0.35,0.45,0.55
3790,4,0,MS,building_grounds,61303,0.7456070013577119,0,63,0.18,0.3,0.7
3791,2,0,NH,office_admin,171810,1.3565687815425918,1,44,0.75,0.55,0.45
3792,2,2,ME,healthcare_support,32020,1.0278244888177142,0,69,0.3,0.2,0.8
3793,3,1,CT,business_financial,73719,1.0834701984422281,1,58,0.78,0.4,0.6
3794,2,0,IN,office_admin,64104,1.5188884708331898,1,65,0.75,0.55,0.45
3795,4,0,RI,life_physical_social,182477,1.0289756814017892,1,33,0.55,0.25,0.75
3796,1,1,OK,education,64172,0.729568000882864,1,69,0.45,0.2,0.8
3797,2,1,MN,life_physical_social,6145,1.8111792320851237,1,69,0.55,0.25,0.75
3798,3,1,TX,installation,79013,0.7439409444341436,0,73,0.25,0.2,0.8
3799,1,1,WV,transportation,27239,1.5420738400425762,0,29,0.3,0.4,0.6
3800,4,0,AL,food_prep,59477,1.4288958468241617,1,68,0.2,0.25,0.75
3801,1,0,AK,business_financial,15399,1.9739427630556747,1,67,0.78,0.4,0.6
3802,2,2,GA,sales,36019,1.1760890064761043,0,42,0.55,0.4,0.6
3803,2,2,NJ,healthcare_support,43091,1.5745878396555781,1,74,0.3,0.2,0.8
3804,3,1,WA,computer_math,116355,1.8850283095380291,0,38,0.85,0.25,0.75
3805,2,1,MA,construction,34490,1.6345578922191635,0,46,0.2,0.25,0.75
3806,3,2,IN,office_admin,15170,1.3402335537830368,0,48,0.75,0.55,0.45
3807,2,0,IL,business_financial,81425,1.9692201997386292,1,43,0.78,0.4,0.6
3808,2,1,MN,business_financial,18634,1.6367799550062045,1,32,0.78,0.4,0.6
3809,3,0,OK,transportation,15552,0.6064949181163684,1,26,0.3,0.4,0.6
3810,1,1,HI,healthcare_support,24221,1.603131471434608,1,32,0.3,0.2,0.8
3811,1,1,CT,production,70165,1.9833049008157104,0,74,0.35,0.45,0.55
3812,2,0,MO,transportation,24763,1.3977143585216254,1,24,0.3,0.4,0.6
3813,1,1,UT,business_financial,139024,0.8086199589306489,1,61,0.78,0.4,0.6
3814,2,1,TX,education,50865,1.102545574074611,1,45,0.45,0.2,0.8
3815,3,1,PA,management,102397,1.8170208035735413,0,55,0.72,0.35,0.65
3816,2,1,PA,computer_math,37316,1.923407938098535,1,41,0.85,0.25,0.75
3817,3,0,AR,education,97161,0.8017396503128111,1,43,0.45,0.2,0.8
3818,4,0,SD,personal_care,68759,1.1269142811652273,1,41,0.22,0.15,0.85
3819,2,1,LA,sales,52734,0.895000574993901,1,67,0.55,0.4,0.6
3820,3,0,NH,sales,128410,1.9790867028059438,1,34,0.55,0.4,0.6
3821,1,0,NH,food_prep,42292,0.610506295110099,1,41,0.2,0.25,0.75
3822,1,2,AR,education,201025,0.8260241594398394,1,31,0.45,0.2,0.8
3823,1,0,NC,healthcare_practitioners,139775,1.8746585430344567,1,63,0.4,0.1,0.9
3824,2,0,SD,food_prep,25255,0.5712932598544285,0,62,0.2,0.25,0.75
3825,4,3,LA,office_admin,17604,0.5839765919372439,0,37,0.75,0.55,0.45
3826,2,0,NY,arts_media,33797,0.8105562176788226,1,56,0.6,0.35,0.65
3827,1,0,IN,building_grounds,45062,1.226720483158715,1,26,0.18,0.3,0.7
3828,3,0,LA,business_financial,26908,1.5793817518278956,1,73,0.78,0.4,0.6
3829,4,0,LA,education,9782,0.7681966851232573,1,68,0.45,0.2,0.8
3830,4,0,MO,transportation,42635,1.7581164572620764,0,65,0.3,0.4,0.6
3831,1,0,VA,production,273067,1.2084037706954405,1,42,0.35,0.45,0.55
3832,2,0,WY,installation,48610,0.7790128861088306,0,69,0.25,0.2,0.8
3833,3,2,MN,installation,86684,0.8084138524718583,1,65,0.25,0.2,0.8
3834,3,0,ME,production,7314,1.4683799695922062,1,65,0.35,0.45,0.55
3835,2,0,IA,construction,412910,1.8792070215567946,1,26,0.2,0.25,0.75
3836,4,3,TN,production,57042,0.525785069912672,1,64,0.35,0.45,0.55
3837,1,0,MN,healthcare_practitioners,25102,0.7268329925136641,0,48,0.4,0.1,0.9
3838,4,1,NY,healthcare_practitioners,64318,0.5841997646493837,1,35,0.4,0.1,0.9
3839,3,2,LA,healthcare_practitioners,56058,1.9550042558694258,0,74,0.4,0.1,0.9
3840,2,3,CT,production,19207,0.8717623086413369,1,33,0.35,0.45,0.55
3841,2,1,MO,management,420249,0.6828989501809701,1,50,0.72,0.35,0.65
3842,1,1,CA,office_admin,83649,0.5474080593558028,1,69,0.75,0.55,0.45
3843,1,0,VA,business_financial,110392,1.972192564047873,1,39,0.78,0.4,0.6
3844,3,3,NJ,community_social,65756,1.4601834102068096,1,70,0.35,0.15,0.85
3845,3,1,NC,management,10733,1.5183251859853044,1,22,0.72,0.35,0.65
3846,2,0,MS,office_admin,51953,0.9589902823790908,1,66,0.75,0.55,0.45
3847,1,1,MS,office_admin,131543,1.3819122983841226,1,28,0.75,0.55,0.45
3848,1,2,ND,personal_care,118017,1.7739478991134092,0,48,0.22,0.15,0.85
3849,2,2,MS,management,250705,1.1772303964244202,1,53,0.72,0.35,0.65
3850,1,3,OH,personal_care,27606,1.2853429146343842,1,59,0.22,0.15,0.85
3851,2,3,NH,building_grounds,24873,1.6084026435855776,1,53,0.18,0.3,0.7
3852,1,3,MO,architecture_engineering,500000,1.1598444310948253,1,45,0.68,0.3,0.7
3853,1,0,TN,healthcare_practitioners,99950,1.9162469265284017,1,31,0.4,0.1,0.9
3854,2,0,NH,education,85443,1.6595182457240298,1,63,0.45,0.2,0.8
3855,3,0,IL,office_admin,51468,1.0102957098279148,0,36,0.75,0.55,0.45
3856,2,0,TN,architecture_engineering,23787,1.3216308354167268,1,31,0.68,0.3,0.7
3857,1,0,CO,food_prep,57715,1.6245158235542476,1,46,0.2,0.25,0.75
3858,2,3,ME,architecture_engineering,145868,1.3204791311873123,1,73,0.68,0.3,0.7
3859,1,3,NC,healthcare_support,37308,0.9807838089764118,0,36,0.3,0.2,0.8
3860,1,0,MO,sales,36240,0.5795041938545182,1,50,0.55,0.4,0.6
3861,3,0,ID,business_financial,66741,1.1664873575791717,0,23,0.78,0.4,0.6
3862,2,0,KY,office_admin,265505,1.8539356963010505,0,66,0.75,0.55,0.45
3863,3,2,AK,healthcare_practitioners,194648,0.5448339842259884,1,28,0.4,0.1,0.9
3864,1,3,NV,life_physical_social,429127,1.7523275580024347,1,23,0.55,0.25,0.75
3865,2,2,NC,production,58729,1.3429706820752472,1,53,0.35,0.45,0.55
3866,3,2,FL,healthcare_practitioners,49677,1.2191452058032155,1,50,0.4,0.1,0.9
3867,4,0,SD,food_prep,176619,0.6631130741443485,1,53,0.2,0.25,0.75
3868,1,0,WY,office_admin,43299,1.9004556256113574,1,32,0.75,0.55,0.45
3869,3,0,FL,building_grounds,332013,1.410537543706596,0,57,0.18,0.3,0.7
3870,2,0,SC,architecture_engineering,14711,1.5635772382374853,0,53,0.68,0.3,0.7
3871,2,0,NE,office_admin,433214,1.4683956063818187,0,45,0.75,0.55,0.45
3872,2,2,VT,healthcare_support,41531,0.6981120908167213,1,42,0.3,0.2,0.8
3873,3,3,NE,production,53014,0.926266202237457,1,69,0.35,0.45,0.55
3874,3,2,TX,management,20853,1.8187922409269959,1,22,0.72,0.35,0.65
3875,1,1,PA,installation,36919,1.8751464878441766,1,59,0.25,0.2,0.8
3876,3,1,WV,healthcare_support,76272,0.7297025206498802,0,52,0.3,0.2,0.8
3877,2,1,SD,building_grounds,5137,1.8704324538121,0,34,0.18,0.3,0.7
3878,3,0,NE,education,125310,0.5439861487830058,1,63,0.45,0.2,0.8
3879,2,0,NH,construction,83118,1.9234607870457694,1,47,0.2,0.25,0.75
3880,4,2,DE,installation,82155,0.6640598914818838,1,30,0.25,0.2,0.8
3881,1,0,NV,healthcare_support,6003,1.9189796916907653,1,54,0.3,0.2,0.8
3882,1,0,DE,business_financial,37990,1.004809241858311,1,69,0.78,0.4,0.6
3883,1,0,NE,computer_math,108202,1.4831832424970344,1,74,0.85,0.25,0.75
3884,2,2,PA,office_admin,12680,0.8575439413543791,1,66,0.75,0.55,0.45
3885,3,0,ME,management,73885,1.5786108755273744,1,39,0.72,0.35,0.65
3886,4,1,MN,personal_care,33613,1.0686410939088091,1,63,0.22,0.15,0.85
3887,2,2,NM,office_admin,110721,1.9015980943804607,0,35,0.75,0.55,0.45
3888,1,3,VA,business_financial,28527,1.5310630517778918,0,51,0.78,0.4,0.6
3889,1,0,TN,sales,40530,0.6759907577652484,0,67,0.55,0.4,0.6
3890,4,1,CA,healthcare_practitioners,33321,1.0393160913372412,0,59,0.4,0.1,0.9
3891,3,0,WV,healthcare_support,49812,0.8107805907493457,1,25,0.3,0.2,0.8
3892,2,1,NM,office_admin,195295,1.346588457468897,0,75,0.75,0.55,0.45
3893,3,0,IN,management,32139,1.0500950413988903,1,37,0.72,0.35,0.65
3894,4,0,CA,office_admin,9618,1.9788464641897008,1,48,0.75,0.55,0.45
3895,1,1,AL,education,31719,1.5783271250547841,1,23,0.45,0.2,0.8
3896,2,1,NC,food_prep,5459,1.997888531186618,1,25,0.2,0.25,0.75
3897,4,0,HI,installation,41842,0.5151467692339793,0,35,0.25,0.2,0.8
3898,3,0,NY,sales,67267,0.6703118192963302,1,36,0.55,0.4,0.6
3899,4,0,KS,farming,13371,1.7227948448853567,1,22,0.15,0.2,0.8
3900,1,1,VA,production,109869,0.5626725719776005,1,30,0.35,0.45,0.55
3901,3,2,WV,installation,39171,1.7305802321061492,0,51,0.25,0.2,0.8
3902,3,0,MI,business_financial,37756,1.5006155101582408,1,26,0.78,0.4,0.6
3903,2,2,UT,management,38752,0.7692727521061897,1,56,0.72,0.35,0.65
3904,3,0,OK,construction,407754,0.9908521070610732,1,74,0.2,0.25,0.75
3905,1,3,OR,installation,12373,1.4692570952465758,1,56,0.25,0.2,0.8
3906,3,2,AL,production,210958,0.6904681751038879,0,60,0.35,0.45,0.55
3907,1,0,GA,computer_math,41058,0.984389744931832,1,36,0.85,0.25,0.75
3908,1,1,NJ,production,23635,1.2495896653272212,0,22,0.35,0.45,0.55
3909,2,0,WI,healthcare_practitioners,98077,1.7296654783422127,1,56,0.4,0.1,0.9
3910,2,0,KS,arts_media,62059,0.9384210238931701,1,30,0.6,0.35,0.65
3911,4,1,IL,farming,24489,0.5887349735712633,0,56,0.15,0.2,0.8
3912,2,1,ME,office_admin,43318,1.6524749593809247,0,46,0.75,0.55,0.45
3913,3,0,AK,healthcare_practitioners,308273,1.9549200931796804,1,24,0.4,0.1,0.9
3914,1,0,MD,construction,16140,1.621971019427292,0,44,0.2,0.25,0.75
3915,4,1,RI,sales,16028,1.6520950276171789,0,22,0.55,0.4,0.6
3916,3,0,RI,sales,114648,1.3344577215611935,0,60,0.55,0.4,0.6
3917,4,0,UT,farming,37908,1.8365997384535149,1,22,0.15,0.2,0.8
3918,3,1,TX,construction,95429,1.416877850308083,1,30,0.2,0.25,0.75
3919,1,2,KY,management,44492,1.5893240720033646,1,38,0.72,0.35,0.65
3920,3,1,ME,office_admin,110705,0.7272227398352697,1,36,0.75,0.55,0.45
3921,1,3,MO,business_financial,74945,1.309261451358907,1,75,0.78,0.4,0.6
3922,1,0,MI,office_admin,74786,1.2739677870413288,1,36,0.75,0.55,0.45
3923,2,0,DE,business_financial,52608,1.6970359338447452,1,66,0.78,0.4,0.6
3924,2,0,VA,sales,24704,1.6880648139631376,0,67,0.55,0.4,0.6
3925,3,1,MD,personal_care,112104,1.8010364813962951,1,47,0.22,0.15,0.85
3926,2,2,ND,installation,25621,0.6927938993321732,1,70,0.25,0.2,0.8
3927,4,1,RI,transportation,33258,0.6231981365708634,0,53,0.3,0.4,0.6
3928,3,1,NC,construction,58712,1.9546647688839585,1,37,0.2,0.25,0.75
3929,1,0,SD,office_admin,44763,1.7700745235197246,1,34,0.75,0.55,0.45
3930,4,2,HI,computer_math,128933,0.7405604572268203,1,22,0.85,0.25,0.75
3931,2,1,ME,construction,36317,1.1267979902913794,1,67,0.2,0.25,0.75
3932,3,0,ND,transportation,109962,1.7052372209727764,1,47,0.3,0.4,0.6
3933,3,3,CO,personal_care,15778,0.9692478445358574,1,69,0.22,0.15,0.85
3934,2,0,IL,production,133956,1.8666242307517678,0,22,0.35,0.45,0.55
3935,2,2,NC,sales,50029,1.077440607943572,1,33,0.55,0.4,0.6
3936,3,0,DE,management,7465,1.1372779672965407,0,46,0.72,0.35,0.65
3937,3,2,MO,protective_service,174210,1.5788004123605788,1,58,0.25,0.15,0.85
3938,3,1,NJ,sales,65373,1.4302599449874833,1,61,0.55,0.4,0.6
3939,2,1,AK,business_financial,31298,1.573908526566811,1,26,0.78,0.4,0.6
3940,1,2,UT,installation,8125,1.7433963555376977,0,74,0.25,0.2,0.8
3941,2,1,MA,education,80625,0.6511610285378993,1,55,0.45,0.2,0.8
3942,1,2,PA,sales,33496,1.420287427259609,0,26,0.55,0.4,0.6
3943,1,1,WV,production,64287,1.716809141682461,1,44,0.35,0.45,0.55
3944,1,0,TN,business_financial,20622,1.3452822199324146,0,45,0.78,0.4,0.6
3945,2,0,KY,community_social,189127,0.6137119421036914,1,39,0.35,0.15,0.85
3946,3,0,VT,education,13918,1.5728082006098703,1,44,0.45,0.2,0.8
3947,2,1,WV,transportation,21594,1.0718592040939257,1,46,0.3,0.4,0.6
3948,1,0,MD,sales,27386,1.2515342319384217,1,31,0.55,0.4,0.6
3949,2,1,IL,office_admin,47680,1.4077956709079444,1,28,0.75,0.55,0.45
3950,3,0,NC,personal_care,36832,1.3237506309524179,1,70,0.22,0.15,0.85
3951,2,0,SD,construction,53026,0.6852170175407082,1,49,0.2,0.25,0.75
3952,2,1,UT,food_prep,87958,0.7970391177805141,1,34,0.2,0.25,0.75
3953,3,3,TX,construction,62262,0.8712443412514403,1,45,0.2,0.25,0.75
3954,1,2,NV,healthcare_support,107454,1.5744749651057646,1,75,0.3,0.2,0.8
3955,3,2,CO,food_prep,31260,1.8778808158822358,1,32,0.2,0.25,0.75
3956,2,1,HI,transportation,90783,1.1899119218578562,1,63,0.3,0.4,0.6
3957,3,1,SC,computer_math,175361,0.6724214475834742,0,33,0.85,0.25,0.75
3958,3,0,NC,education,92206,0.8154876950429752,1,42,0.45,0.2,0.8
3959,2,3,AR,food_prep,38490,0.9664133195765316,1,42,0.2,0.25,0.75
3960,1,1,NC,food_prep,33853,0.8776377730537206,1,45,0.2,0.25,0.75
3961,2,1,MD,community_social,66185,1.7062397598056123,1,75,0.35,0.15,0.85
3962,2,0,LA,installation,59261,1.1816598190926015,1,60,0.25,0.2,0.8
3963,1,0,CA,protective_service,71434,1.1063041361048818,1,48,0.25,0.15,0.85
3964,2,0,GA,education,18375,1.809659092919901,1,55,0.45,0.2,0.8
3965,2,0,MD,food_prep,238815,0.8685343699762598,1,48,0.2,0.25,0.75
3966,2,2,IA,installation,105848,1.2072651534108445,0,73,0.25,0.2,0.8
3967,4,2,KY,installation,113725,1.2236642257776111,0,56,0.25,0.2,0.8
3968,2,3,WY,sales,262582,0.951901261578314,1,52,0.55,0.4,0.6
3969,1,0,IA,sales,299163,1.1081755314953625,0,44,0.55,0.4,0.6
3970,1,0,MN,management,96135,0.9381567637901753,1,35,0.72,0.35,0.65
3971,1,2,TX,office_admin,22556,0.9915323313325644,0,52,0.75,0.55,0.45
3972,1,0,NV,business_financial,23168,1.5505486747715622,1,66,0.78,0.4,0.6
3973,2,2,SC,construction,183423,1.595724786631763,1,48,0.2,0.25,0.75
3974,1,0,TN,healthcare_practitioners,144837,1.9404672851087525,1,54,0.4,0.1,0.9
3975,1,3,PA,life_physical_social,15117,0.749748999834992,0,31,0.55,0.25,0.75
3976,1,0,NH,architecture_engineering,27056,1.178180931136012,1,43,0.68,0.3,0.7
3977,3,0,CO,healthcare_practitioners,29478,1.5921848539728671,1,71,0.4,0.1,0.9
3978,3,0,IN,office_admin,125931,1.2886560088954866,0,53,0.75,0.55,0.45
3979,1,0,OH,protective_service,98095,0.6775033029261976,0,43,0.25,0.15,0.85
3980,2,2,KY,education,115027,0.7386491182260215,1,68,0.45,0.2,0.8
3981,3,3,CT,personal_care,85311,1.7664402790833265,1,33,0.22,0.15,0.85
3982,2,2,KS,office_admin,90873,1.2671593099366874,1,28,0.75,0.55,0.45
3983,1,1,VA,education,22657,0.9404542972333729,0,34,0.45,0.2,0.8
3984,1,3,GA,healthcare_support,68032,0.9480539096985012,1,63,0.3,0.2,0.8
3985,2,3,MT,sales,37238,0.7393627618439496,1,29,0.55,0.4,0.6
3986,2,0,MO,office_admin,168789,1.2786137774819508,0,27,0.75,0.55,0.45
3987,2,0,OR,production,313552,0.9164143559755757,0,60,0.35,0.45,0.55
3988,2,0,MO,education,25460,1.0735105623025447,0,24,0.45,0.2,0.8
3989,3,0,CT,production,18168,1.702248918125406,1,51,0.35,0.45,0.55
3990,3,0,RI,building_grounds,20283,0.504304718459025,0,35,0.18,0.3,0.7
3991,2,0,ID,production,28022,1.8050140527775511,1,49,0.35,0.45,0.55
3992,2,0,MT,protective_service,5931,1.6581184710375965,0,27,0.25,0.15,0.85
3993,3,2,HI,food_prep,35490,1.9985757201211527,1,46,0.2,0.25,0.75
3994,1,3,MD,office_admin,32180,1.9322756490437314,0,43,0.75,0.55,0.45
3995,2,1,AR,management,65128,1.786120490403846,0,37,0.72,0.35,0.65
3996,2,1,AR,construction,31896,1.657712028711103,1,67,0.2,0.25,0.75
3997,4,2,NC,installation,86599,1.379249240620993,0,58,0.25,0.2,0.8
3998,3,1,MI,building_grounds,6234,1.9030304498737678,1,59,0.18,0.3,0.7
3999,2,0,IA,building_grounds,51620,0.5437384977703914,1,74,0.18,0.3,0.7
4000,3,0,HI,business_financial,40462,1.3926465613767505,1,51,0.78,0.4,0.6
4001,2,0,VA,personal_care,29123,1.4004934082040563,1,23,0.22,0.15,0.85
4002,3,0,AL,computer_math,241223,0.9966689753346145,1,50,0.85,0.25,0.75
4003,1,0,TN,construction,42438,1.2409532421734184,1,46,0.2,0.25,0.75
4004,1,0,OR,construction,8342,1.0040055203717202,0,23,0.2,0.25,0.75
4005,1,0,MS,sales,24805,0.5394662494072691,0,56,0.55,0.4,0.6
4006,1,1,SC,healthcare_practitioners,64543,1.261612121714279,1,55,0.4,0.1,0.9
4007,2,0,MO,personal_care,26528,1.9162742794724181,1,38,0.22,0.15,0.85
4008,1,1,AZ,education,270752,1.9775665898341686,1,34,0.45,0.2,0.8
4009,1,3,PA,office_admin,101041,1.0018236180767417,1,41,0.75,0.55,0.45
4010,2,0,ND,food_prep,46981,1.1219794388161972,1,27,0.2,0.25,0.75
4011,3,0,AZ,healthcare_practitioners,21555,1.4606926750857383,0,65,0.4,0.1,0.9
4012,2,0,MS,building_grounds,16456,1.396103089558892,1,54,0.18,0.3,0.7
4013,4,0,ID,installation,42308,0.6070370987290516,1,23,0.25,0.2,0.8
4014,2,1,WA,production,41273,1.3920018456410617,1,38,0.35,0.45,0.55
4015,2,3,WA,sales,77233,0.8704791370546445,1,68,0.55,0.4,0.6
4016,2,2,SD,installation,29753,0.5927506934385747,1,35,0.25,0.2,0.8
4017,2,0,MA,personal_care,30180,1.336785283521749,1,36,0.22,0.15,0.85
4018,3,3,IA,management,140009,1.5646999295568094,1,22,0.72,0.35,0.65
4019,1,1,NM,transportation,169741,0.8752935101510957,0,36,0.3,0.4,0.6
4020,4,2,NM,personal_care,46980,1.933924977085553,1,67,0.22,0.15,0.85
4021,2,0,MN,education,250470,1.0296993972733617,1,34,0.45,0.2,0.8
4022,3,1,WV,community_social,115925,0.8022441193461418,0,36,0.35,0.15,0.85
4023,3,2,SC,healthcare_practitioners,21522,1.515876414021477,1,44,0.4,0.1,0.9
4024,1,1,LA,office_admin,11455,1.1273816536413506,1,55,0.75,0.55,0.45
4025,2,1,OH,office_admin,42497,0.8935706694610417,1,27,0.75,0.55,0.45
4026,1,3,UT,installation,39856,1.1026566796936095,1,59,0.25,0.2,0.8
4027,2,0,VT,management,65962,0.815346933202818,1,64,0.72,0.35,0.65
4028,4,0,KY,business_financial,154498,1.5871403571218252,1,48,0.78,0.4,0.6
4029,2,0,MO,sales,78650,1.64248376886826,1,55,0.55,0.4,0.6
4030,3,0,MD,food_prep,46219,1.2068114881403744,0,43,0.2,0.25,0.75
4031,2,2,KS,healthcare_practitioners,13236,1.452530754962936,1,31,0.4,0.1,0.9
4032,2,1,VT,sales,38106,1.8009031099500135,0,73,0.55,0.4,0.6
4033,1,2,NC,production,52276,1.844282751204446,1,45,0.35,0.45,0.55
4034,3,0,CA,sales,27887,1.71188391931355,0,56,0.55,0.4,0.6
4035,1,0,WA,office_admin,115751,1.6097255240892991,1,42,0.75,0.55,0.45
4036,4,1,AK,healthcare_support,244534,1.3734724877867848,1,57,0.3,0.2,0.8
4037,1,2,HI,healthcare_practitioners,11098,1.326199029223062,1,71,0.4,0.1,0.9
4038,4,2,VT,office_admin,61390,0.6615585387917235,1,56,0.75,0.55,0.45
4039,4,1,WY,transportation,96676,1.6329624301288277,1,67,0.3,0.4,0.6
4040,2,1,WV,sales,38936,1.664718235610053,1,32,0.55,0.4,0.6
4041,1,1,AK,management,25398,1.188506995444186,1,56,0.72,0.35,0.65
4042,2,0,MD,production,35486,0.5463368297787383,0,75,0.35,0.45,0.55
4043,2,2,AK,business_financial,27228,0.6278345960890874,1,31,0.78,0.4,0.6
4044,1,0,SD,protective_service,26514,1.3862056687939912,0,29,0.25,0.15,0.85
4045,4,0,ME,installation,40909,0.7889735867502168,1,25,0.25,0.2,0.8
4046,2,0,IA,office_admin,56813,1.2281984617002308,1,72,0.75,0.55,0.45
4047,2,0,SD,healthcare_practitioners,11866,1.3069190062815323,1,67,0.4,0.1,0.9
4048,2,2,NY,business_financial,69276,1.7613833899376914,1,63,0.78,0.4,0.6
4049,3,1,DE,food_prep,113285,1.2805927797453478,1,63,0.2,0.25,0.75
4050,1,2,FL,arts_media,57966,1.3743584280600771,1,40,0.6,0.35,0.65
4051,2,2,WA,healthcare_practitioners,25910,1.9482367645250633,0,45,0.4,0.1,0.9
4052,1,0,KS,production,40020,1.032879296457395,1,41,0.35,0.45,0.55
4053,4,2,WY,office_admin,25487,1.4594387640245259,0,27,0.75,0.55,0.45
4054,1,0,KY,education,134032,0.7079524755245075,1,59,0.45,0.2,0.8
4055,1,1,MO,business_financial,30760,1.8795112032676116,1,44,0.78,0.4,0.6
4056,2,0,KS,sales,49207,0.8484930540435016,0,61,0.55,0.4,0.6
4057,1,1,AZ,computer_math,33468,1.9838345868047327,0,71,0.85,0.25,0.75
4058,3,2,IL,food_prep,66516,1.61462241911795,1,37,0.2,0.25,0.75
4059,4,2,PA,building_grounds,13554,1.9178496242966503,1,54,0.18,0.3,0.7
4060,3,1,CA,transportation,41680,1.9187325701350346,0,75,0.3,0.4,0.6
4061,3,1,CA,transportation,338852,0.6741618760861456,1,38,0.3,0.4,0.6
4062,2,0,WI,sales,187589,1.423194696661085,1,70,0.55,0.4,0.6
4063,3,2,GA,healthcare_practitioners,64292,1.4171651843935251,1,27,0.4,0.1,0.9
4064,3,2,AR,building_grounds,65124,0.7629647860303521,1,72,0.18,0.3,0.7
4065,3,3,TN,production,50798,1.6334718542639166,0,53,0.35,0.45,0.55
4066,2,1,MA,office_admin,78469,0.6578864308539778,1,53,0.75,0.55,0.45
4067,1,1,LA,office_admin,42120,0.7547942604869604,1,47,0.75,0.55,0.45
4068,3,1,HI,architecture_engineering,123977,1.3859182159649208,1,26,0.68,0.3,0.7
4069,1,0,NY,sales,31306,0.7468793962616473,0,49,0.55,0.4,0.6
4070,2,1,KY,education,56005,1.2229458292713389,1,67,0.45,0.2,0.8
4071,2,2,IL,healthcare_support,19533,0.9086246098158881,1,61,0.3,0.2,0.8
4072,4,0,PA,installation,49482,0.6770464874571189,0,28,0.25,0.2,0.8
4073,2,1,MS,construction,173537,0.9087303332053125,1,36,0.2,0.25,0.75
4074,2,0,MN,farming,23832,1.678573970333673,1,73,0.15,0.2,0.8
4075,2,1,MI,management,18848,1.4883581282338127,1,59,0.72,0.35,0.65
4076,2,2,IL,architecture_engineering,15704,0.994936884380877,1,25,0.68,0.3,0.7
4077,3,3,GA,personal_care,60569,0.8877383519429713,1,39,0.22,0.15,0.85
4078,2,0,MD,transportation,13037,0.8980248714797199,0,75,0.3,0.4,0.6
4079,3,0,AZ,computer_math,33301,1.4981926309410483,1,52,0.85,0.25,0.75
4080,2,0,MN,production,50465,0.9059166641673073,1,58,0.35,0.45,0.55
4081,2,1,NY,business_financial,68374,1.0199330003233626,1,75,0.78,0.4,0.6
4082,2,0,NE,life_physical_social,48408,1.1074543106369674,1,62,0.55,0.25,0.75
4083,3,1,UT,sales,45429,0.6690867643337697,1,22,0.55,0.4,0.6
4084,1,0,LA,transportation,98169,1.0788438506424427,1,38,0.3,0.4,0.6
4085,1,0,MO,transportation,61222,1.6617255853489041,1,37,0.3,0.4,0.6
4086,4,0,MS,business_financial,15921,0.88239018432796,0,39,0.78,0.4,0.6
4087,1,0,CO,healthcare_support,90029,1.4026738562388346,0,27,0.3,0.2,0.8
4088,1,2,OR,construction,253770,1.6716419024160132,0,54,0.2,0.25,0.75
4089,2,0,WY,healthcare_practitioners,126342,1.6692365186754614,1,54,0.4,0.1,0.9
4090,4,0,PA,food_prep,80229,1.4850811404176056,0,47,0.2,0.25,0.75
4091,2,0,NY,protective_service,56821,0.5789604046149179,1,41,0.25,0.15,0.85
4092,1,2,SC,healthcare_practitioners,51055,1.2088138584513217,1,53,0.4,0.1,0.9
4093,1,0,NJ,business_financial,134624,1.5283015412278473,0,31,0.78,0.4,0.6
4094,4,0,NY,food_prep,25006,1.9569389688549563,0,56,0.2,0.25,0.75
4095,1,0,FL,healthcare_support,74739,0.9219461972825229,1,42,0.3,0.2,0.8
4096,1,1,WY,business_financial,30463,1.0773153826594353,1,53,0.78,0.4,0.6
4097,1,0,RI,community_social,184079,1.0769195448374376,1,33,0.35,0.15,0.85
4098,2,3,WY,sales,55051,1.3600334827788174,1,69,0.55,0.4,0.6
4099,4,1,MA,transportation,61500,1.247677915613167,0,30,0.3,0.4,0.6
4100,1,1,RI,healthcare_practitioners,13912,0.8936442611739039,1,61,0.4,0.1,0.9
4101,3,1,IA,transportation,27109,1.0654502207180485,0,43,0.3,0.4,0.6
4102,4,1,UT,production,43554,1.1764935600804165,0,49,0.35,0.45,0.55
4103,3,0,AL,food_prep,64486,0.7337532636011019,1,64,0.2,0.25,0.75
4104,2,0,NV,office_admin,500000,1.3362061663065106,1,25,0.75,0.55,0.45
4105,2,2,CO,production,116684,1.5244539584964514,1,59,0.35,0.45,0.55
4106,2,1,ME,healthcare_practitioners,245595,0.7958515704376623,0,47,0.4,0.1,0.9
4107,1,0,OR,office_admin,66423,0.8808775808429345,0,49,0.75,0.55,0.45
4108,2,2,CT,sales,435066,1.275715664261952,1,67,0.55,0.4,0.6
4109,2,0,AR,sales,311498,1.258900607470423,0,37,0.55,0.4,0.6
4110,4,3,CO,office_admin,69366,1.7140108754392713,1,43,0.75,0.55,0.45
4111,4,2,LA,office_admin,10600,1.5990049850661308,1,46,0.75,0.55,0.45
4112,3,0,GA,education,68020,0.9798857819987461,1,46,0.45,0.2,0.8
4113,1,2,AZ,transportation,27747,1.064556592144072,0,31,0.3,0.4,0.6
4114,3,1,ID,education,128894,1.9482517024734989,1,36,0.45,0.2,0.8
4115,1,1,IN,sales,65305,1.3594536506570876,1,57,0.55,0.4,0.6
4116,2,3,IL,protective_service,130533,0.6625315279234201,1,35,0.25,0.15,0.85
4117,2,0,VA,protective_service,33234,1.1176168450620025,1,22,0.25,0.15,0.85
4118,1,1,UT,food_prep,156843,1.6822510983329266,0,47,0.2,0.25,0.75
4119,1,3,OR,food_prep,42621,1.147889675339684,1,29,0.2,0.25,0.75
4120,1,1,OR,food_prep,48653,1.732629603240639,1,38,0.2,0.25,0.75
4121,3,1,ME,management,57658,0.5063161565922201,1,35,0.72,0.35,0.65
4122,1,1,WY,food_prep,6327,0.6317129466915503,1,32,0.2,0.25,0.75
4123,4,3,KY,office_admin,386730,0.739294505561702,1,61,0.75,0.55,0.45
4124,1,0,NY,personal_care,179622,1.082997239427641,1,25,0.22,0.15,0.85
4125,1,3,OK,management,29676,0.6801309324800968,1,47,0.72,0.35,0.65
4126,1,0,WA,management,50892,1.6405035414500162,1,48,0.72,0.35,0.65
4127,4,0,FL,healthcare_practitioners,113916,1.363456773920916,1,55,0.4,0.1,0.9
4128,3,1,MN,office_admin,231079,1.8800909945275635,1,57,0.75,0.55,0.45
4129,1,0,WV,farming,63800,1.3221420937916264,1,70,0.15,0.2,0.8
4130,2,1,WV,community_social,65398,1.406425864668563,1,27,0.35,0.15,0.85
4131,2,3,IN,office_admin,35646,1.5871727329213172,0,24,0.75,0.55,0.45
4132,2,2,VT,construction,130650,0.8646404332248494,1,73,0.2,0.25,0.75
4133,1,2,MA,legal,20841,1.7625048833433539,1,23,0.8,0.45,0.55
4134,3,2,NH,transportation,32428,1.5156407407484949,0,70,0.3,0.4,0.6
4135,1,2,ID,management,46391,1.0156494056573138,1,75,0.72,0.35,0.65
4136,1,2,NV,computer_math,34591,1.8335586998146027,0,24,0.85,0.25,0.75
4137,2,1,MT,food_prep,90006,1.1058325817575678,1,58,0.2,0.25,0.75
4138,1,0,CT,installation,50452,0.9258070084033534,1,66,0.25,0.2,0.8
4139,2,0,CO,farming,19967,1.4176339388359338,0,34,0.15,0.2,0.8
4140,3,1,MI,installation,71121,1.2563635859405622,0,24,0.25,0.2,0.8
4141,1,0,NJ,healthcare_practitioners,91432,1.2857275151181966,1,73,0.4,0.1,0.9
4142,2,0,CT,management,36169,1.2827170494711027,1,64,0.72,0.35,0.65
4143,2,3,NE,healthcare_support,35337,1.2838558787479997,1,55,0.3,0.2,0.8
4144,1,0,WV,office_admin,168134,1.3801291529089212,1,54,0.75,0.55,0.45
4145,1,1,KS,construction,37996,0.5222007246920839,1,33,0.2,0.25,0.75
4146,1,0,SD,transportation,47720,1.8218677578261122,1,59,0.3,0.4,0.6
4147,4,0,MS,farming,24787,1.9018189421622083,1,53,0.15,0.2,0.8
4148,2,0,CA,legal,40582,1.6673141770297661,0,31,0.8,0.45,0.55
4149,2,2,SC,food_prep,44581,0.9363629118306562,0,57,0.2,0.25,0.75
4150,3,0,DE,computer_math,10305,1.2383125717751682,0,65,0.85,0.25,0.75
4151,3,0,WV,life_physical_social,17148,1.2368292012251914,0,50,0.55,0.25,0.75
4152,2,0,WI,office_admin,36216,1.7326290912460536,0,67,0.75,0.55,0.45
4153,2,1,GA,food_prep,68858,1.683546602493152,1,53,0.2,0.25,0.75
4154,3,0,MD,food_prep,199644,1.9400516034802422,1,57,0.2,0.25,0.75
4155,2,3,MO,education,91699,1.3505122131900862,1,72,0.45,0.2,0.8
4156,2,0,AL,construction,32812,1.886406569625251,1,47,0.2,0.25,0.75
4157,2,0,TX,transportation,262417,0.6718706426909193,1,25,0.3,0.4,0.6
4158,2,1,AK,sales,25775,1.3942397439386696,1,39,0.55,0.4,0.6
4159,2,0,NM,production,105296,0.5784665781538934,1,25,0.35,0.45,0.55
4160,2,1,NV,installation,26301,1.546255653607659,1,69,0.25,0.2,0.8
4161,4,0,MS,production,211766,1.97077667969279,1,65,0.35,0.45,0.55
4162,2,0,OK,construction,9522,0.9101540577830747,0,74,0.2,0.25,0.75
4163,4,3,VA,education,172895,0.6203525977907702,1,72,0.45,0.2,0.8
4164,3,1,NV,food_prep,49407,1.4196426573907956,1,62,0.2,0.25,0.75
4165,1,0,IA,education,23261,1.1992599420482293,1,41,0.45,0.2,0.8
4166,4,0,AL,education,125078,1.0779895667219535,0,30,0.45,0.2,0.8
4167,3,0,ND,protective_service,61443,1.8282236121594906,1,29,0.25,0.15,0.85
4168,1,0,FL,production,15017,0.6461731060408056,1,26,0.35,0.45,0.55
4169,2,0,MO,transportation,48374,1.7869758611777797,0,70,0.3,0.4,0.6
4170,2,0,DE,transportation,111420,1.1610863312380388,1,59,0.3,0.4,0.6
4171,1,1,CO,construction,202206,1.7264101818436757,1,70,0.2,0.25,0.75
4172,3,2,ND,management,32955,0.9517186873126775,1,45,0.72,0.35,0.65
4173,2,1,NC,computer_math,15328,1.4449787992052734,1,61,0.85,0.25,0.75
4174,3,0,IA,education,10238,0.8624539980664849,1,60,0.45,0.2,0.8
4175,2,1,MT,healthcare_practitioners,106587,0.781189648900181,1,22,0.4,0.1,0.9
4176,2,1,NC,education,26892,1.7994544237153605,1,30,0.45,0.2,0.8
4177,1,0,AK,office_admin,76792,0.5225041212979704,1,70,0.75,0.55,0.45
4178,2,2,MD,office_admin,86971,1.7211764802923426,1,66,0.75,0.55,0.45
4179,2,1,CA,education,48418,1.0453832041239366,1,56,0.45,0.2,0.8
4180,1,1,IA,personal_care,14486,1.680841907626018,1,27,0.22,0.15,0.85
4181,2,2,FL,sales,65645,1.50712696230039,1,33,0.55,0.4,0.6
4182,3,0,CT,management,16408,0.6244566940004006,1,22,0.72,0.35,0.65
4183,1,1,RI,healthcare_support,267440,0.689392133965157,0,54,0.3,0.2,0.8
4184,3,1,CT,installation,58696,1.3521297451807186,0,32,0.25,0.2,0.8
4185,4,1,RI,healthcare_practitioners,35713,0.5933974093059078,1,46,0.4,0.1,0.9
4186,1,0,WV,sales,20141,1.6034858879866078,1,71,0.55,0.4,0.6
4187,4,0,NH,building_grounds,113518,0.9116976509103552,1,36,0.18,0.3,0.7
4188,3,0,GA,office_admin,89144,1.1955730344634503,1,40,0.75,0.55,0.45
4189,1,0,VA,building_grounds,35878,1.5469296623487025,1,70,0.18,0.3,0.7
4190,4,1,NH,education,37827,1.272952349158004,1,42,0.45,0.2,0.8
4191,1,2,AR,transportation,500000,0.7118451280985028,0,32,0.3,0.4,0.6
4192,1,0,OR,management,129112,1.97816117759794,1,41,0.72,0.35,0.65
4193,2,3,NC,sales,416251,0.6899143663467839,0,55,0.55,0.4,0.6
4194,4,0,MT,food_prep,17506,0.8930540306027979,1,26,0.2,0.25,0.75
4195,4,1,AR,transportation,156499,1.1780592971481383,1,29,0.3,0.4,0.6
4196,2,1,NE,personal_care,9846,1.5405084588564932,0,42,0.22,0.15,0.85
4197,2,3,KY,building_grounds,24150,1.279808817896992,1,48,0.18,0.3,0.7
4198,1,0,VA,office_admin,29869,1.8087367999833077,0,49,0.75,0.55,0.45
4199,2,1,NV,education,136316,0.8854654710739851,1,65,0.45,0.2,0.8
4200,2,0,AR,office_admin,50376,0.8872974792029709,1,35,0.75,0.55,0.45
4201,2,1,IA,management,156157,1.257926762686111,1,70,0.72,0.35,0.65
4202,1,2,AR,installation,111264,1.5185312564717606,1,57,0.25,0.2,0.8
4203,2,2,PA,personal_care,87045,1.0461685849586502,1,61,0.22,0.15,0.85
4204,2,0,MT,sales,29442,1.6471516503952444,0,50,0.55,0.4,0.6
4205,1,0,DE,protective_service,27564,1.5580638133687899,1,42,0.25,0.15,0.85
4206,3,1,AL,office_admin,85673,1.9797262123320252,1,70,0.75,0.55,0.45
4207,3,0,MN,construction,96277,1.718763253535144,1,60,0.2,0.25,0.75
4208,2,2,DE,healthcare_practitioners,192266,1.6206774906022474,1,63,0.4,0.1,0.9
4209,1,0,SC,business_financial,77457,1.7226573918014765,1,72,0.78,0.4,0.6
4210,3,0,DE,healthcare_practitioners,20029,1.5037360773421824,0,70,0.4,0.1,0.9
4211,1,0,MI,office_admin,7988,1.4622544227167964,1,30,0.75,0.55,0.45
4212,4,1,UT,production,44069,1.6741123709362,1,44,0.35,0.45,0.55
4213,2,0,RI,food_prep,43441,0.6603022088529542,1,32,0.2,0.25,0.75
4214,2,0,FL,computer_math,16631,0.6606846939539537,1,33,0.85,0.25,0.75
4215,1,0,AR,office_admin,157915,0.9029380675638095,0,52,0.75,0.55,0.45
4216,4,3,VT,community_social,11044,0.5537518619094044,0,64,0.35,0.15,0.85
4217,1,0,WA,healthcare_practitioners,16692,1.9459681353764609,1,31,0.4,0.1,0.9
4218,3,0,SD,food_prep,110753,1.715613764245063,1,25,0.2,0.25,0.75
4219,2,0,MS,office_admin,58356,1.1683046446414664,1,44,0.75,0.55,0.45
4220,1,1,VA,management,277051,0.6813011488411576,1,64,0.72,0.35,0.65
4221,2,1,WY,computer_math,312109,1.0056443996727467,1,57,0.85,0.25,0.75
4222,2,0,TN,management,26066,1.3971284495200962,1,64,0.72,0.35,0.65
4223,1,0,OK,healthcare_support,36265,0.5369363594800234,1,44,0.3,0.2,0.8
4224,4,1,SD,office_admin,24305,1.9055514333304018,0,54,0.75,0.55,0.45
4225,2,1,VA,transportation,43408,1.373084986465983,1,45,0.3,0.4,0.6
4226,3,0,OR,transportation,284237,0.9668617974966764,0,39,0.3,0.4,0.6
4227,1,1,NY,building_grounds,339348,0.8059155064402148,0,56,0.18,0.3,0.7
4228,1,2,IA,office_admin,5000,1.3857070489320904,1,23,0.75,0.55,0.45
4229,2,3,FL,education,50072,0.9829601341625676,0,60,0.45,0.2,0.8
4230,2,2,AL,farming,32286,1.2374422138091177,0,43,0.15,0.2,0.8
4231,2,0,MD,healthcare_practitioners,53679,0.7533124964684248,0,55,0.4,0.1,0.9
4232,1,0,HI,construction,280455,1.3357773973839357,1,47,0.2,0.25,0.75
4233,4,0,DE,business_financial,374994,0.9449233792256564,1,52,0.78,0.4,0.6
4234,2,1,KS,sales,26336,1.5705020921304822,0,72,0.55,0.4,0.6
4235,4,0,MS,community_social,21656,1.051140236784704,1,60,0.35,0.15,0.85
4236,3,3,MO,arts_media,98015,1.9695325136417523,0,59,0.6,0.35,0.65
4237,2,1,WA,healthcare_practitioners,63923,1.0877825961215422,1,72,0.4,0.1,0.9
4238,1,0,VT,management,83476,1.227442020433955,1,70,0.72,0.35,0.65
4239,3,0,NE,legal,10997,1.4666808202164248,1,64,0.8,0.45,0.55
4240,2,1,KS,sales,48729,1.5292003669310361,1,72,0.55,0.4,0.6
4241,3,1,WI,community_social,54015,1.7726975730620325,1,58,0.35,0.15,0.85
4242,2,3,KS,office_admin,97732,0.9792491156840697,1,37,0.75,0.55,0.45
4243,3,1,WY,building_grounds,9499,0.7826349977403879,1,55,0.18,0.3,0.7
4244,4,1,OR,sales,19503,1.3589092338224873,0,61,0.55,0.4,0.6
4245,3,1,NY,computer_math,159911,1.0612061341525987,0,47,0.85,0.25,0.75
4246,2,0,OR,personal_care,51104,1.507396054919809,1,49,0.22,0.15,0.85
4247,2,2,AR,architecture_engineering,150327,0.8728556322166696,0,32,0.68,0.3,0.7
4248,3,1,OR,sales,12165,1.2454652967862785,0,51,0.55,0.4,0.6
4249,2,0,WA,sales,22241,0.8257700107060373,1,53,0.55,0.4,0.6
4250,3,0,UT,transportation,86512,1.920528939459473,1,46,0.3,0.4,0.6
4251,4,2,KS,farming,49863,1.2424477114109322,0,49,0.15,0.2,0.8
4252,2,0,MN,transportation,40211,1.2611118879867718,0,63,0.3,0.4,0.6
4253,4,0,SC,personal_care,133077,1.115188036696054,1,71,0.22,0.15,0.85
4254,3,0,MO,production,125564,1.9006690016249195,1,38,0.35,0.45,0.55
4255,2,0,VA,healthcare_practitioners,91984,1.1927505983039737,1,42,0.4,0.1,0.9
4256,2,1,FL,management,189521,1.9567690652329475,1,39,0.72,0.35,0.65
4257,1,0,VA,personal_care,30731,1.5745715808589011,1,68,0.22,0.15,0.85
4258,1,1,AZ,construction,18752,0.6470228742109612,1,43,0.2,0.25,0.75
4259,4,2,SC,community_social,93061,0.5176578166428953,1,39,0.35,0.15,0.85
4260,2,2,DE,installation,157050,1.7818636717274785,1,64,0.25,0.2,0.8
4261,1,0,WI,sales,25390,1.0024556498974562,0,37,0.55,0.4,0.6
4262,1,1,VT,food_prep,71568,1.0355592867126688,0,55,0.2,0.25,0.75
4263,1,3,FL,food_prep,35409,1.9008278956171125,1,54,0.2,0.25,0.75
4264,1,3,WA,management,46718,1.1859935518587008,1,28,0.72,0.35,0.65
4265,1,1,KS,computer_math,76873,1.2629809640347958,1,22,0.85,0.25,0.75
4266,2,0,IL,transportation,14183,1.677399053471163,0,51,0.3,0.4,0.6
4267,2,0,MI,healthcare_practitioners,35815,1.9636777203995734,1,51,0.4,0.1,0.9
4268,2,0,WI,installation,130187,1.6016719756880775,0,46,0.25,0.2,0.8
4269,1,0,MS,office_admin,19218,1.9308960031485185,1,37,0.75,0.55,0.45
4270,1,0,VA,installation,176220,1.776144327246584,1,53,0.25,0.2,0.8
4271,3,3,SD,food_prep,383438,1.6377879679203033,1,33,0.2,0.25,0.75
4272,3,3,NJ,business_financial,30829,1.7164743108442053,0,24,0.78,0.4,0.6
4273,1,0,TX,healthcare_support,152710,1.0921706107910722,1,56,0.3,0.2,0.8
4274,3,3,TN,sales,43679,1.0088468660833314,1,63,0.55,0.4,0.6
4275,3,2,LA,community_social,44009,0.5043629412539303,0,51,0.35,0.15,0.85
4276,3,1,NH,healthcare_practitioners,15817,1.2958647194318473,1,46,0.4,0.1,0.9
4277,1,2,DE,community_social,42224,1.7125763207441196,1,57,0.35,0.15,0.85
4278,4,0,WA,business_financial,37692,0.7694381644250825,1,66,0.78,0.4,0.6
4279,2,1,SC,installation,12989,1.7087428548838943,1,75,0.25,0.2,0.8
4280,4,3,OH,transportation,52123,1.8547693666769192,1,75,0.3,0.4,0.6
4281,2,1,MI,installation,37171,0.7022451461525634,1,68,0.25,0.2,0.8
4282,1,0,GA,office_admin,64004,0.7651967939455062,1,56,0.75,0.55,0.45
4283,2,1,VT,sales,10129,1.6823932878905907,1,33,0.55,0.4,0.6
4284,2,0,CT,education,45149,1.6287408280186355,0,51,0.45,0.2,0.8
4285,1,0,IN,business_financial,26266,1.1011655317852274,1,62,0.78,0.4,0.6
4286,2,0,OH,management,6510,1.2983052292838693,1,23,0.72,0.35,0.65
4287,3,2,DE,construction,50574,1.2835074088070542,1,35,0.2,0.25,0.75
4288,3,0,NJ,food_prep,35677,1.3636057378025725,1,45,0.2,0.25,0.75
4289,1,0,MD,sales,144077,1.3192061925074086,0,69,0.55,0.4,0.6
4290,3,2,WV,building_grounds,17058,0.8517016500700265,1,23,0.18,0.3,0.7
4291,3,0,KY,production,15751,1.4809246824588627,0,69,0.35,0.45,0.55
4292,3,2,NE,protective_service,48755,0.5272876294329762,1,41,0.25,0.15,0.85
4293,4,0,WA,sales,129253,1.2757090327795595,0,41,0.55,0.4,0.6
4294,2,0,MT,management,113727,1.3068986246362329,1,39,0.72,0.35,0.65
4295,1,0,UT,management,28197,1.1828200250165537,0,23,0.72,0.35,0.65
4296,4,2,LA,transportation,64308,0.7124008573591709,0,50,0.3,0.4,0.6
4297,3,0,SC,office_admin,321537,1.4450981295667589,1,44,0.75,0.55,0.45
4298,2,0,NC,arts_media,246608,0.7817681587766856,0,57,0.6,0.35,0.65
4299,3,1,MI,office_admin,46899,1.5863300785422325,1,63,0.75,0.55,0.45
4300,2,1,ME,office_admin,235873,1.0730748266214505,1,52,0.75,0.55,0.45
4301,3,0,SC,construction,75671,1.781068951357156,1,72,0.2,0.25,0.75
4302,2,0,NV,production,149634,1.9964246090967208,1,55,0.35,0.45,0.55
4303,1,0,VT,production,131619,0.6712025519227609,1,32,0.35,0.45,0.55
4304,3,1,MI,installation,186119,1.098368547274731,1,53,0.25,0.2,0.8
4305,2,0,NM,office_admin,18166,1.5995509008644149,0,54,0.75,0.55,0.45
4306,1,1,RI,transportation,112064,0.8366982683073729,1,69,0.3,0.4,0.6
4307,2,3,TN,food_prep,45008,1.1713705653091893,1,64,0.2,0.25,0.75
4308,3,1,RI,transportation,41915,1.723470807657577,1,60,0.3,0.4,0.6
4309,2,0,NC,personal_care,132395,1.6796512383734807,1,47,0.22,0.15,0.85
4310,3,1,TX,protective_service,32882,1.6685084267519414,1,33,0.25,0.15,0.85
4311,3,1,NJ,installation,262334,1.3736843829974532,1,55,0.25,0.2,0.8
4312,2,1,IA,healthcare_practitioners,45706,0.7314702577423304,1,49,0.4,0.1,0.9
4313,2,2,AL,production,79573,1.5376607491634786,0,44,0.35,0.45,0.55
4314,3,1,ID,protective_service,55700,0.8472308421041816,0,59,0.25,0.15,0.85
4315,1,3,PA,production,57944,1.1338022145209834,0,43,0.35,0.45,0.55
4316,2,0,TX,office_admin,29518,1.3946410093922168,0,66,0.75,0.55,0.45
4317,1,2,AK,education,40089,0.8121284577064216,1,38,0.45,0.2,0.8
4318,4,1,TN,office_admin,7275,0.9529037948232144,0,50,0.75,0.55,0.45
4319,1,3,SD,construction,42085,1.381416781223379,1,46,0.2,0.25,0.75
4320,2,0,KS,building_grounds,56632,1.6688790923217312,1,69,0.18,0.3,0.7
4321,3,1,VT,production,158397,1.2279090977972373,1,62,0.35,0.45,0.55
4322,3,0,WI,management,36908,0.5223081443691626,1,35,0.72,0.35,0.65
4323,2,0,WI,transportation,20737,1.8881041432032362,0,65,0.3,0.4,0.6
4324,3,0,NY,food_prep,33373,1.6879346000496298,1,52,0.2,0.25,0.75
4325,3,0,AK,installation,35965,1.825048319529742,1,70,0.25,0.2,0.8
4326,2,1,NJ,production,5348,0.680200336384587,0,54,0.35,0.45,0.55
4327,1,2,NV,building_grounds,20364,1.0706151613267139,0,58,0.18,0.3,0.7
4328,3,2,IN,business_financial,14159,1.680803611758165,1,35,0.78,0.4,0.6
4329,2,2,OK,management,33911,0.5332699002465233,0,41,0.72,0.35,0.65
4330,2,0,OH,arts_media,160426,1.0171493720263243,0,75,0.6,0.35,0.65
4331,2,0,MA,food_prep,500000,1.6358545447001234,1,68,0.2,0.25,0.75
4332,3,1,CA,sales,31939,1.2812283434905112,1,38,0.55,0.4,0.6
4333,1,0,CO,healthcare_practitioners,68535,1.8401994054438546,1,54,0.4,0.1,0.9
4334,2,0,ND,office_admin,56641,0.5289218393154442,1,72,0.75,0.55,0.45
4335,1,0,IN,office_admin,87286,1.6539194406941533,1,63,0.75,0.55,0.45
4336,1,1,AR,healthcare_practitioners,230021,0.8958419469418004,0,33,0.4,0.1,0.9
4337,4,1,KS,community_social,20366,0.5224305875599384,1,45,0.35,0.15,0.85
4338,3,0,WV,transportation,44198,0.7211818023351952,1,24,0.3,0.4,0.6
4339,1,0,MA,office_admin,72116,1.3621350630419329,0,46,0.75,0.55,0.45
4340,1,0,IL,architecture_engineering,60112,1.548639362794347,0,67,0.68,0.3,0.7
4341,2,1,RI,legal,49381,1.8309523100033402,1,44,0.8,0.45,0.55
4342,1,1,FL,healthcare_practitioners,134478,0.9674878788646311,1,55,0.4,0.1,0.9
4343,2,1,AK,computer_math,166627,0.8240094003267586,0,53,0.85,0.25,0.75
4344,3,0,SC,business_financial,130436,1.640545450267382,1,73,0.78,0.4,0.6
4345,2,0,TN,building_grounds,263634,1.2191266091540456,1,22,0.18,0.3,0.7
4346,2,2,VA,production,22977,0.7226469736779109,1,54,0.35,0.45,0.55
4347,1,0,DE,construction,170129,0.757356698741205,1,26,0.2,0.25,0.75
4348,3,2,NH,education,28541,1.3596195466816425,0,65,0.45,0.2,0.8
4349,2,1,KY,sales,127638,0.7096755332313478,1,36,0.55,0.4,0.6
4350,1,2,IN,management,10592,1.0920564342522994,0,53,0.72,0.35,0.65
4351,4,0,GA,office_admin,57390,1.4881932282587513,1,37,0.75,0.55,0.45
4352,3,1,OR,computer_math,45575,1.0847212292719632,1,29,0.85,0.25,0.75
4353,1,1,SD,office_admin,63859,1.9830109181348234,1,57,0.75,0.55,0.45
4354,2,0,MO,office_admin,76928,0.5496927408967167,1,24,0.75,0.55,0.45
4355,2,3,WI,construction,79497,1.7659452145453542,1,61,0.2,0.25,0.75
4356,2,1,TX,construction,15100,0.9370701921870932,0,65,0.2,0.25,0.75
4357,3,2,NE,production,73800,1.695261598797515,0,75,0.35,0.45,0.55
4358,3,1,MI,office_admin,37488,0.8322896987665445,1,61,0.75,0.55,0.45
4359,1,1,VT,transportation,152966,0.7588421141263098,1,44,0.3,0.4,0.6
4360,1,0,WY,installation,24533,1.5534512845333666,1,60,0.25,0.2,0.8
4361,1,0,UT,sales,103039,1.4924159661168233,1,31,0.55,0.4,0.6
4362,2,2,MS,office_admin,51828,1.2989666840294376,0,37,0.75,0.55,0.45
4363,3,0,CO,sales,47994,1.3006962740328163,1,63,0.55,0.4,0.6
4364,3,0,AZ,transportation,84254,1.6707028655800968,1,41,0.3,0.4,0.6
4365,2,1,WA,office_admin,43626,1.533526940154843,1,74,0.75,0.55,0.45
4366,2,0,SD,management,51523,0.9261096213012934,1,58,0.72,0.35,0.65
4367,2,1,LA,food_prep,127449,1.5041353751439601,0,64,0.2,0.25,0.75
4368,1,1,KS,installation,25783,1.118520864401944,1,61,0.25,0.2,0.8
4369,3,1,NH,construction,16648,1.2828907298389822,1,68,0.2,0.25,0.75
4370,2,1,WI,computer_math,7313,1.5361853361828253,0,38,0.85,0.25,0.75
4371,2,2,KS,legal,29390,1.9955260097049177,1,74,0.8,0.45,0.55
4372,2,3,SC,production,162290,0.9912177365040407,0,53,0.35,0.45,0.55
4373,4,2,TN,business_financial,82280,1.5300561487674713,1,52,0.78,0.4,0.6
4374,3,0,WV,management,90322,0.5089563321089372,1,48,0.72,0.35,0.65
4375,2,1,NV,healthcare_practitioners,8896,1.1127325298730284,1,42,0.4,0.1,0.9
4376,2,2,WI,office_admin,20243,1.8824761520372704,1,56,0.75,0.55,0.45
4377,2,1,CT,office_admin,52202,1.1610087637091056,1,44,0.75,0.55,0.45
4378,3,2,ND,office_admin,73279,1.0475944622885436,0,43,0.75,0.55,0.45
4379,1,0,TN,food_prep,73662,0.7809395832009614,1,47,0.2,0.25,0.75
4380,2,1,NE,office_admin,36304,1.3508256153436378,0,34,0.75,0.55,0.45
4381,3,0,OR,healthcare_practitioners,13805,1.7888731992570683,1,26,0.4,0.1,0.9
4382,3,1,NV,healthcare_practitioners,52620,0.6747628665762022,1,44,0.4,0.1,0.9
4383,2,1,UT,sales,48265,0.5391176708508283,0,43,0.55,0.4,0.6
4384,1,0,LA,building_grounds,68713,1.0579536696895957,1,63,0.18,0.3,0.7
4385,2,1,IA,healthcare_practitioners,10746,1.0729036307893693,1,63,0.4,0.1,0.9
4386,2,0,DE,food_prep,14569,1.335239208303392,0,65,0.2,0.25,0.75
4387,3,0,MT,office_admin,68466,0.8255968325538561,1,61,0.75,0.55,0.45
4388,4,2,NC,healthcare_practitioners,207596,0.6964566345559433,1,62,0.4,0.1,0.9
4389,3,2,OH,protective_service,24719,0.5124109296593815,1,54,0.25,0.15,0.85
4390,4,1,MT,transportation,23663,1.8407902024919167,1,42,0.3,0.4,0.6
4391,2,0,MT,healthcare_practitioners,20885,0.6267771086422727,1,50,0.4,0.1,0.9
4392,1,1,OK,office_admin,43878,1.5500313465017825,1,40,0.75,0.55,0.45
4393,3,1,FL,protective_service,24820,1.1801432551583275,0,63,0.25,0.15,0.85
4394,2,0,VA,business_financial,15961,1.2667746563674882,0,35,0.78,0.4,0.6
4395,2,3,NE,healthcare_practitioners,14080,0.594203787157312,0,70,0.4,0.1,0.9
4396,3,2,CT,management,50629,1.7039171746000648,0,45,0.72,0.35,0.65
4397,1,0,AK,office_admin,115636,1.0325425122864544,1,62,0.75,0.55,0.45
4398,2,1,WI,production,78034,1.1600168884033337,1,64,0.35,0.45,0.55
4399,1,0,AL,construction,21951,1.2389723159139976,1,61,0.2,0.25,0.75
4400,3,0,AK,sales,18016,0.9872964894166216,0,64,0.55,0.4,0.6
4401,2,0,NH,construction,214917,1.3191686765057966,1,55,0.2,0.25,0.75
4402,2,1,VT,protective_service,218860,1.6385761587880552,0,58,0.25,0.15,0.85
4403,3,0,MT,installation,267614,0.8600175942992792,1,27,0.25,0.2,0.8
4404,4,2,MD,food_prep,95121,0.5294852383667603,1,50,0.2,0.25,0.75
4405,2,2,MO,healthcare_practitioners,30296,1.904529307386838,0,31,0.4,0.1,0.9
4406,3,3,TN,building_grounds,32030,1.947817308246158,1,54,0.18,0.3,0.7
4407,2,0,SC,installation,24688,1.22322955110576,0,46,0.25,0.2,0.8
4408,1,0,AK,food_prep,45928,0.6417958795791492,1,27,0.2,0.25,0.75
4409,3,1,TX,life_physical_social,145810,0.6923717360477895,1,38,0.55,0.25,0.75
4410,4,0,IA,sales,50154,1.5140040491241962,1,49,0.55,0.4,0.6
4411,2,3,SC,food_prep,180950,1.7300217357696965,1,40,0.2,0.25,0.75
4412,4,0,FL,office_admin,196470,1.8552525854902342,1,22,0.75,0.55,0.45
4413,2,0,UT,personal_care,500000,1.2424004807835445,1,36,0.22,0.15,0.85
4414,4,2,MI,food_prep,16102,1.4684703334933147,0,66,0.2,0.25,0.75
4415,1,2,NH,office_admin,73905,1.3536751837236807,1,69,0.75,0.55,0.45
4416,2,0,TN,food_prep,26366,0.6860280176624656,1,28,0.2,0.25,0.75
4417,3,1,WA,personal_care,132076,1.74403510754928,0,71,0.22,0.15,0.85
4418,3,0,IA,sales,97177,1.5787151320837438,1,58,0.55,0.4,0.6
4419,4,1,MA,transportation,37160,1.4795364786405116,1,31,0.3,0.4,0.6
4420,1,0,NJ,community_social,282646,0.9773874268867075,1,35,0.35,0.15,0.85
4421,1,0,FL,office_admin,28391,1.5059675491647795,0,75,0.75,0.55,0.45
4422,1,1,TN,production,40744,0.5571356554282829,0,65,0.35,0.45,0.55
4423,1,1,DE,building_grounds,37856,1.2716485175769776,0,59,0.18,0.3,0.7
4424,1,0,IN,sales,89067,0.867440885049291,1,63,0.55,0.4,0.6
4425,2,2,VA,office_admin,34869,1.691390929161571,0,59,0.75,0.55,0.45
4426,3,2,CO,business_financial,123822,0.7631776531925425,1,44,0.78,0.4,0.6
4427,1,0,GA,construction,28730,1.5430877077160403,0,56,0.2,0.25,0.75
4428,1,0,TN,protective_service,57913,1.2287625592434779,1,45,0.25,0.15,0.85
4429,1,3,AK,management,25237,0.506493789376691,1,26,0.72,0.35,0.65
4430,2,3,CO,computer_math,48951,0.8016986565198749,1,38,0.85,0.25,0.75
4431,2,0,CA,computer_math,31710,0.7312737751053646,1,51,0.85,0.25,0.75
4432,1,0,MN,sales,11784,1.1218136985553429,1,37,0.55,0.4,0.6
4433,2,0,IL,business_financial,9491,1.9147404131945223,1,62,0.78,0.4,0.6
4434,2,2,MS,sales,133541,0.5374816347612068,1,37,0.55,0.4,0.6
4435,4,0,TX,computer_math,254976,1.0310667015146464,1,24,0.85,0.25,0.75
4436,1,0,ND,food_prep,60070,1.6390601344173774,0,49,0.2,0.25,0.75
4437,2,1,AL,transportation,49588,1.2558075489941984,1,27,0.3,0.4,0.6
4438,4,3,ND,production,8643,1.2525698831304908,1,23,0.35,0.45,0.55
4439,1,1,CA,sales,31259,1.2095620292238891,0,64,0.55,0.4,0.6
4440,2,2,OK,management,253938,1.4412066944641992,1,49,0.72,0.35,0.65
4441,1,3,AR,office_admin,171305,0.9428914504824206,1,45,0.75,0.55,0.45
4442,2,2,CT,sales,13671,1.8952026704791933,1,66,0.55,0.4,0.6
4443,2,1,SC,installation,132066,0.5745960614876822,1,57,0.25,0.2,0.8
4444,2,1,CO,arts_media,52570,1.961885480559431,1,25,0.6,0.35,0.65
4445,1,0,DE,healthcare_practitioners,39595,1.5128387291915715,1,26,0.4,0.1,0.9
4446,3,3,KS,building_grounds,22369,1.3916757543338463,1,40,0.18,0.3,0.7
4447,2,0,WA,education,17784,1.822311258991249,1,44,0.45,0.2,0.8
4448,1,1,MO,food_prep,170386,1.4404045428382233,1,62,0.2,0.25,0.75
4449,4,0,ME,healthcare_practitioners,65764,0.5252355271950364,1,29,0.4,0.1,0.9
4450,1,0,OH,healthcare_practitioners,63794,1.0166199546074495,1,36,0.4,0.1,0.9
4451,1,1,OH,office_admin,131835,0.8186763627454638,0,75,0.75,0.55,0.45
4452,2,0,AR,computer_math,68737,0.9910048120655119,1,35,0.85,0.25,0.75
4453,3,3,MO,construction,110662,1.201059777988121,1,27,0.2,0.25,0.75
4454,1,2,ND,management,77924,1.3842589249834418,1,26,0.72,0.35,0.65
4455,4,0,IL,installation,71820,1.037681632093154,1,28,0.25,0.2,0.8
4456,4,0,OK,transportation,226445,1.3679933812236413,1,52,0.3,0.4,0.6
4457,1,2,IL,office_admin,16055,1.6676758928224444,1,41,0.75,0.55,0.45
4458,3,2,MO,building_grounds,35903,1.1454060800606385,0,66,0.18,0.3,0.7
4459,2,0,WI,business_financial,39993,0.6768093896098435,1,38,0.78,0.4,0.6
4460,2,0,CA,computer_math,56425,1.6998754844535142,0,44,0.85,0.25,0.75
4461,1,0,MN,life_physical_social,66730,1.8995682677486911,1,29,0.55,0.25,0.75
4462,3,0,KY,healthcare_practitioners,67220,0.6872894493862987,1,69,0.4,0.1,0.9
4463,3,3,NE,sales,40335,0.6255963495932519,1,75,0.55,0.4,0.6
4464,1,1,MA,education,103843,0.5835075821960345,1,68,0.45,0.2,0.8
4465,3,1,MN,food_prep,83744,1.3520168168470263,1,33,0.2,0.25,0.75
4466,3,1,MO,construction,138310,0.9216896247817203,0,40,0.2,0.25,0.75
4467,2,0,WY,office_admin,62844,0.5695282919332385,1,69,0.75,0.55,0.45
4468,3,1,UT,office_admin,41925,0.7070443818811327,1,72,0.75,0.55,0.45
4469,2,0,OH,production,87119,0.5028074248693883,1,29,0.35,0.45,0.55
4470,3,0,IN,office_admin,85858,1.729193993494846,1,34,0.75,0.55,0.45
4471,2,0,WV,computer_math,46118,0.71584731223993,1,56,0.85,0.25,0.75
4472,1,3,NY,community_social,46308,1.9119623724836856,1,72,0.35,0.15,0.85
4473,1,1,GA,building_grounds,172007,1.773846655501984,1,30,0.18,0.3,0.7
4474,4,3,AK,community_social,80945,0.6533928468124941,1,71,0.35,0.15,0.85
4475,3,1,MS,food_prep,207277,1.4357132045552135,1,29,0.2,0.25,0.75
4476,2,0,NE,protective_service,36043,1.900668561225757,1,45,0.25,0.15,0.85
4477,1,3,NJ,food_prep,83007,0.9996593764517456,0,68,0.2,0.25,0.75
4478,3,3,RI,transportation,49940,1.61291070911102,0,35,0.3,0.4,0.6
4479,3,1,MA,protective_service,64391,1.2824000706896186,1,46,0.25,0.15,0.85
4480,2,0,NV,food_prep,20794,1.8968700856203213,1,46,0.2,0.25,0.75
4481,3,1,OH,computer_math,122422,1.4330482077784836,1,40,0.85,0.25,0.75
4482,2,1,MD,arts_media,111182,1.8054461744613945,1,22,0.6,0.35,0.65
4483,1,0,MO,office_admin,12693,0.8969077859073877,0,74,0.75,0.55,0.45
4484,1,1,MI,healthcare_practitioners,11835,1.1672355940099806,1,38,0.4,0.1,0.9
4485,3,2,AZ,management,127036,1.6566722420975566,1,46,0.72,0.35,0.65
4486,2,0,AL,office_admin,93633,1.466244564158842,1,66,0.75,0.55,0.45
4487,2,0,TN,personal_care,104963,1.6600122656673193,1,26,0.22,0.15,0.85
4488,2,2,WY,education,46855,1.980419987696223,1,74,0.45,0.2,0.8
4489,4,1,HI,installation,45510,1.5359684051945806,1,59,0.25,0.2,0.8
4490,1,0,NJ,community_social,28084,0.7812791330507025,0,62,0.35,0.15,0.85
4491,1,1,NM,building_grounds,19686,1.6110385401407257,1,32,0.18,0.3,0.7
4492,4,1,NE,transportation,55657,0.9898967045592144,1,44,0.3,0.4,0.6
4493,3,2,CO,office_admin,39013,1.5162608699174598,1,53,0.75,0.55,0.45
4494,3,2,NC,office_admin,70113,0.5271919290535152,1,37,0.75,0.55,0.45
4495,2,0,WV,production,90894,0.908846273785457,1,22,0.35,0.45,0.55
4496,3,2,DE,legal,75797,1.8311510850908235,1,34,0.8,0.45,0.55
4497,2,0,MA,community_social,102672,1.5846550788264722,1,23,0.35,0.15,0.85
4498,1,0,HI,sales,38292,0.7843290837481618,1,48,0.55,0.4,0.6
4499,2,0,SC,life_physical_social,73145,1.1391920719761401,0,33,0.55,0.25,0.75
4500,3,2,NH,food_prep,36913,1.7104049981571734,0,68,0.2,0.25,0.75
4501,2,0,OH,office_admin,178300,1.1529602584196255,1,48,0.75,0.55,0.45
4502,1,2,NC,healthcare_practitioners,139306,1.9918037067400292,1,26,0.4,0.1,0.9
4503,1,0,MO,office_admin,424120,1.2268096756888554,0,40,0.75,0.55,0.45
4504,3,3,MA,office_admin,53067,0.857600194402039,1,45,0.75,0.55,0.45
4505,2,0,MI,arts_media,16201,1.7376201262231916,1,62,0.6,0.35,0.65
4506,1,0,OK,arts_media,130233,1.3594200036022812,1,68,0.6,0.35,0.65
4507,1,1,NE,sales,63927,1.8767307167872787,0,47,0.55,0.4,0.6
4508,2,2,AR,office_admin,99585,1.5694860179210082,1,38,0.75,0.55,0.45
4509,3,2,OH,transportation,20154,1.1047830494353548,0,43,0.3,0.4,0.6
4510,3,0,CT,office_admin,75832,1.9494366846047342,0,56,0.75,0.55,0.45
4511,3,1,AZ,building_grounds,34801,1.966523973387666,0,30,0.18,0.3,0.7
4512,2,1,WV,construction,156665,1.2513531856238842,1,67,0.2,0.25,0.75
4513,2,0,WI,installation,14219,0.7884243049193174,1,25,0.25,0.2,0.8
4514,2,1,ND,business_financial,15766,0.8333592620911077,0,56,0.78,0.4,0.6
4515,1,2,NE,installation,73077,1.3124849706655368,0,25,0.25,0.2,0.8
4516,2,2,IL,business_financial,32320,1.989864742034115,1,50,0.78,0.4,0.6
4517,3,0,NC,office_admin,29501,1.069667247356847,1,28,0.75,0.55,0.45
4518,3,0,MD,installation,71527,0.581591920228675,1,28,0.25,0.2,0.8
4519,1,2,MO,education,30868,0.5766092664562166,1,33,0.45,0.2,0.8
4520,2,2,MA,installation,11731,1.5744074946269393,1,29,0.25,0.2,0.8
4521,2,1,CT,production,56959,1.9805152990156785,1,22,0.35,0.45,0.55
4522,3,1,MS,transportation,5422,1.9650370384333655,1,62,0.3,0.4,0.6
4523,2,0,AZ,education,15594,0.708829662296921,0,68,0.45,0.2,0.8
4524,2,1,WI,computer_math,21835,1.0356639930978417,1,56,0.85,0.25,0.75
4525,1,2,LA,sales,117736,1.5777539307018742,1,54,0.55,0.4,0.6
4526,3,0,CO,sales,144260,1.2769938971614465,0,34,0.55,0.4,0.6
4527,1,0,NC,sales,17958,1.9139543775236234,0,38,0.55,0.4,0.6
4528,1,2,MI,healthcare_support,132059,1.653549863724038,1,66,0.3,0.2,0.8
4529,2,2,MA,arts_media,10693,0.759625899605453,0,41,0.6,0.35,0.65
4530,2,3,MO,architecture_engineering,69418,0.8655422750161961,0,58,0.68,0.3,0.7
4531,2,0,AL,computer_math,26749,1.2442178436322138,0,70,0.85,0.25,0.75
4532,1,2,CO,food_prep,81234,1.9019037830876186,0,39,0.2,0.25,0.75
4533,1,3,LA,transportation,133197,0.8840169905452058,1,39,0.3,0.4,0.6
4534,2,1,TX,office_admin,26008,1.9016494600800797,1,66,0.75,0.55,0.45
4535,1,0,OK,business_financial,55667,1.2647224043030292,1,53,0.78,0.4,0.6
4536,1,0,WI,building_grounds,33688,1.3135822819313034,0,48,0.18,0.3,0.7
4537,4,1,VT,production,37547,1.8391185709042475,1,41,0.35,0.45,0.55
4538,1,0,DE,food_prep,25368,0.6265141861513257,1,65,0.2,0.25,0.75
4539,2,0,AK,food_prep,92324,1.6363503307802603,0,58,0.2,0.25,0.75
4540,3,0,CT,building_grounds,204514,1.3799924367340282,0,59,0.18,0.3,0.7
4541,2,0,DE,production,43159,1.505664394586347,1,64,0.35,0.45,0.55
4542,1,0,LA,food_prep,293876,1.6701320440042764,1,46,0.2,0.25,0.75
4543,3,0,SC,installation,13634,1.2238479476654902,1,32,0.25,0.2,0.8
4544,3,0,LA,building_grounds,88881,0.6947726669022813,1,55,0.18,0.3,0.7
4545,3,2,FL,business_financial,44998,1.5683471558149904,1,68,0.78,0.4,0.6
4546,2,0,NC,office_admin,9768,1.382528729736805,1,41,0.75,0.55,0.45
4547,1,2,MN,management,16831,1.62286536116153,1,49,0.72,0.35,0.65
4548,1,0,MI,production,36910,0.929151353542693,1,69,0.35,0.45,0.55
4549,2,1,GA,arts_media,43418,0.5349389592884108,1,69,0.6,0.35,0.65
4550,3,3,AK,healthcare_practitioners,12316,0.7987236788030714,0,55,0.4,0.1,0.9
4551,1,1,VA,office_admin,34801,1.6206744357477874,1,39,0.75,0.55,0.45
4552,1,0,AK,office_admin,28140,0.5954829598776996,0,28,0.75,0.55,0.45
4553,3,0,VT,business_financial,77200,1.113913794979453,1,59,0.78,0.4,0.6
4554,3,0,OK,sales,347636,0.5252513169543818,0,36,0.55,0.4,0.6
4555,1,3,FL,management,46910,0.8159131821012124,0,35,0.72,0.35,0.65
4556,2,2,WI,food_prep,99336,0.5767348291119561,0,52,0.2,0.25,0.75
4557,2,1,WV,production,67283,1.909071623464115,1,64,0.35,0.45,0.55
4558,3,1,ID,community_social,90625,1.1984778308542445,1,72,0.35,0.15,0.85
4559,2,0,RI,food_prep,44475,1.356525062234141,1,53,0.2,0.25,0.75
4560,3,1,UT,management,92470,1.2368836542591453,1,25,0.72,0.35,0.65
4561,3,0,IN,arts_media,10220,0.906043580151163,0,69,0.6,0.35,0.65
4562,2,1,ID,management,139678,1.3948926404118538,1,45,0.72,0.35,0.65
4563,2,1,NE,healthcare_support,16682,0.5923235142836347,0,57,0.3,0.2,0.8
4564,1,0,KY,production,111845,0.778028627159074,1,50,0.35,0.45,0.55
4565,3,3,AL,arts_media,57318,1.6203723673243076,1,25,0.6,0.35,0.65
4566,3,1,NM,transportation,43617,0.7956212972057983,1,25,0.3,0.4,0.6
4567,3,1,NE,construction,350346,1.5697078621014953,1,60,0.2,0.25,0.75
4568,1,3,WY,architecture_engineering,29039,0.8663514489308,1,47,0.68,0.3,0.7
4569,2,2,NY,management,19046,0.9173793662339449,1,28,0.72,0.35,0.65
4570,3,1,MT,production,49204,0.9619816397316754,1,62,0.35,0.45,0.55
4571,1,0,WI,installation,35318,1.0276300999103114,1,52,0.25,0.2,0.8
4572,1,1,GA,architecture_engineering,85095,0.7291824521962553,0,36,0.68,0.3,0.7
4573,1,1,OK,office_admin,34949,1.7953325861599296,1,58,0.75,0.55,0.45
4574,2,1,ME,business_financial,75600,1.0923960239160806,0,47,0.78,0.4,0.6
4575,2,0,WI,education,197517,0.8523252975428477,1,23,0.45,0.2,0.8
4576,2,0,DE,transportation,23371,0.8502826706971973,1,54,0.3,0.4,0.6
4577,1,1,ID,transportation,64530,0.8382873618975282,1,65,0.3,0.4,0.6
4578,2,0,TN,construction,120446,1.1796039341716096,0,67,0.2,0.25,0.75
4579,3,1,IA,healthcare_practitioners,26474,1.2935147694079205,1,28,0.4,0.1,0.9
4580,4,1,PA,management,15190,1.7784853788325563,1,68,0.72,0.35,0.65
4581,2,0,MA,transportation,120186,1.2615886530838907,0,30,0.3,0.4,0.6
4582,2,0,MT,computer_math,39450,1.538130731554702,1,63,0.85,0.25,0.75
4583,2,0,NV,computer_math,122605,1.3658070298843086,0,57,0.85,0.25,0.75
4584,2,0,WV,community_social,18307,1.8784503396600485,0,69,0.35,0.15,0.85
4585,1,1,KS,office_admin,22351,1.9707654846133664,1,24,0.75,0.55,0.45
4586,3,0,WV,construction,45509,1.5950499770697206,1,32,0.2,0.25,0.75
4587,2,3,NY,food_prep,26988,1.4958496389444917,1,48,0.2,0.25,0.75
4588,2,0,UT,sales,72327,1.31988750572782,1,63,0.55,0.4,0.6
4589,3,1,AR,production,28796,0.7991728552151471,1,43,0.35,0.45,0.55
4590,3,2,ME,food_prep,38955,1.5229620307218283,0,53,0.2,0.25,0.75
4591,2,3,KS,building_grounds,128069,1.063564608572051,1,35,0.18,0.3,0.7
4592,3,1,AK,office_admin,39483,0.7716349749825895,0,66,0.75,0.55,0.45
4593,1,1,CO,office_admin,27000,1.5378541989484802,1,51,0.75,0.55,0.45
4594,3,1,WA,transportation,35304,0.6349248965270817,1,40,0.3,0.4,0.6
4595,1,2,TN,management,70387,1.9567649298114702,1,73,0.72,0.35,0.65
4596,1,2,NC,management,26261,1.8013159204274416,1,69,0.72,0.35,0.65
4597,1,1,WY,education,12392,0.6698703821748495,1,59,0.45,0.2,0.8
4598,3,1,OH,management,113604,1.4194007444893941,1,29,0.72,0.35,0.65
4599,1,0,NC,community_social,22789,1.7359579969197512,1,68,0.35,0.15,0.85
4600,1,1,WY,management,224929,1.9369608762208372,1,50,0.72,0.35,0.65
4601,1,2,GA,education,360638,1.4697583582019433,0,28,0.45,0.2,0.8
4602,2,2,TN,sales,71237,1.7316663888050243,1,34,0.55,0.4,0.6
4603,1,1,VT,production,47867,1.7436608269345015,1,25,0.35,0.45,0.55
4604,2,3,NV,education,127130,0.5058833776274696,0,53,0.45,0.2,0.8
4605,1,0,NJ,installation,191919,1.497520370874554,1,52,0.25,0.2,0.8
4606,2,0,IA,arts_media,47559,1.772102974820882,0,75,0.6,0.35,0.65
4607,1,1,NH,arts_media,131347,1.3782342682825401,1,55,0.6,0.35,0.65
4608,1,0,WY,office_admin,287099,1.0418314400594682,1,40,0.75,0.55,0.45
4609,4,1,MI,production,67667,0.7334677717881277,1,61,0.35,0.45,0.55
4610,3,1,TX,building_grounds,82168,1.176266985014081,1,60,0.18,0.3,0.7
4611,3,0,SC,food_prep,84819,1.9010187375824898,1,72,0.2,0.25,0.75
4612,4,3,MO,business_financial,37192,0.9476380768464878,0,58,0.78,0.4,0.6
4613,1,1,KY,life_physical_social,201414,0.654212532332167,1,47,0.55,0.25,0.75
4614,2,2,AZ,office_admin,27174,1.47863239957951,0,57,0.75,0.55,0.45
4615,1,0,IN,computer_math,13058,1.272180509986356,1,69,0.85,0.25,0.75
4616,2,3,MO,management,30496,0.8986939900787547,1,34,0.72,0.35,0.65
4617,1,0,KY,personal_care,30914,0.6687937144888565,1,52,0.22,0.15,0.85
4618,2,0,IL,protective_service,5000,1.7961723770713434,1,40,0.25,0.15,0.85
4619,1,0,WA,healthcare_support,163495,0.847826876793988,1,47,0.3,0.2,0.8
4620,1,1,WV,healthcare_practitioners,39726,1.0088269737316296,0,43,0.4,0.1,0.9
4621,2,0,LA,computer_math,148871,0.5320791908307001,0,32,0.85,0.25,0.75
4622,3,1,AZ,sales,35986,1.669083506334573,0,54,0.55,0.4,0.6
4623,1,1,AZ,healthcare_practitioners,16782,1.731727026985027,0,51,0.4,0.1,0.9
4624,1,2,OK,construction,85975,1.1394148032413796,1,47,0.2,0.25,0.75
4625,1,2,FL,personal_care,348340,0.8134364393772557,1,45,0.22,0.15,0.85
4626,3,2,TX,production,24126,0.6542964596301317,1,60,0.35,0.45,0.55
4627,4,0,CO,production,16701,1.761690629296936,0,42,0.35,0.45,0.55
4628,2,2,WA,education,101344,0.518072938779369,0,55,0.45,0.2,0.8
4629,3,1,VA,management,31580,1.3653129474259913,0,56,0.72,0.35,0.65
4630,1,2,IL,building_grounds,110053,1.8703793792519718,1,23,0.18,0.3,0.7
4631,1,0,CT,construction,60449,1.8772111325524747,1,39,0.2,0.25,0.75
4632,1,0,TN,education,101984,1.7475420940900221,1,40,0.45,0.2,0.8
4633,2,0,WI,healthcare_practitioners,96429,1.3661210250575095,1,29,0.4,0.1,0.9
4634,3,0,MD,business_financial,183833,0.9326935437275097,0,38,0.78,0.4,0.6
4635,4,1,KS,transportation,39273,1.6954531797673553,1,40,0.3,0.4,0.6
4636,1,0,NE,construction,19901,1.8537946480792016,1,24,0.2,0.25,0.75
4637,1,0,RI,food_prep,81659,1.057966565596871,1,53,0.2,0.25,0.75
4638,2,2,MT,healthcare_practitioners,6930,1.6923904145369306,1,71,0.4,0.1,0.9
4639,1,0,OH,production,46611,0.5463386448100209,1,60,0.35,0.45,0.55
4640,4,0,ND,transportation,99978,1.9702130113728344,0,56,0.3,0.4,0.6
4641,1,3,IL,business_financial,16148,1.0278767863055691,1,39,0.78,0.4,0.6
4642,1,1,NY,transportation,42188,0.5418402076466009,1,36,0.3,0.4,0.6
4643,3,0,VA,community_social,14170,0.7444460962433368,1,60,0.35,0.15,0.85
4644,3,0,RI,building_grounds,94332,0.9332669661380351,0,48,0.18,0.3,0.7
4645,2,0,NV,food_prep,178204,1.3961653863079846,1,63,0.2,0.25,0.75
4646,4,0,MO,production,28553,1.6180106966057792,0,43,0.35,0.45,0.55
4647,1,0,MO,installation,67782,1.34488149441313,1,42,0.25,0.2,0.8
4648,4,0,ME,healthcare_practitioners,58867,1.9053740677190945,1,72,0.4,0.1,0.9
4649,3,2,CO,office_admin,9126,1.8471710422309116,0,35,0.75,0.55,0.45
4650,1,3,RI,sales,51821,1.0952036125818267,1,56,0.55,0.4,0.6
4651,2,1,FL,food_prep,49076,1.0833915926050395,0,40,0.2,0.25,0.75
4652,4,0,LA,office_admin,15599,1.8699362489860505,0,72,0.75,0.55,0.45
4653,3,2,LA,management,68984,0.5090126815484837,0,32,0.72,0.35,0.65
4654,2,1,MD,education,90961,1.906966396374628,1,66,0.45,0.2,0.8
4655,4,3,ID,production,83215,1.0813361561158672,0,31,0.35,0.45,0.55
4656,3,2,NY,installation,87297,0.5386482863686979,1,69,0.25,0.2,0.8
4657,1,3,MI,installation,14748,0.5097483224235475,1,22,0.25,0.2,0.8
4658,2,1,MO,business_financial,25720,1.2634371721651405,0,44,0.78,0.4,0.6
4659,3,1,OK,office_admin,57048,1.9292198428884149,0,54,0.75,0.55,0.45
4660,4,0,VT,office_admin,42308,0.593990775058046,1,71,0.75,0.55,0.45
4661,1,0,MO,building_grounds,24829,0.6955494279973209,1,67,0.18,0.3,0.7
4662,4,0,HI,sales,9690,0.8875562145840377,0,43,0.55,0.4,0.6
4663,4,0,TN,personal_care,47302,1.6297045254614204,0,64,0.22,0.15,0.85
4664,3,0,VT,sales,34310,1.3406254014698789,1,71,0.55,0.4,0.6
4665,2,0,UT,business_financial,19340,1.0278457310050726,1,39,0.78,0.4,0.6
4666,3,0,TX,management,29553,1.993374239304103,1,42,0.72,0.35,0.65
4667,2,3,ID,personal_care,75537,1.0130812408169731,1,59,0.22,0.15,0.85
4668,2,0,WY,building_grounds,44381,0.5543271789792925,1,74,0.18,0.3,0.7
4669,3,0,DE,building_grounds,26309,1.9653054262744263,1,35,0.18,0.3,0.7
4670,1,0,NY,food_prep,65431,0.6265333031769842,1,24,0.2,0.25,0.75
4671,3,0,VT,food_prep,22799,1.336910023353994,1,48,0.2,0.25,0.75
4672,2,1,AK,business_financial,63921,1.662735559977591,1,26,0.78,0.4,0.6
4673,2,0,IN,protective_service,59689,0.9569916266482323,1,27,0.25,0.15,0.85
4674,3,1,WV,personal_care,62265,1.9269827820826322,1,54,0.22,0.15,0.85
4675,3,0,FL,transportation,46788,1.4775766712846234,1,33,0.3,0.4,0.6
4676,2,0,IN,installation,15384,1.4104890439193696,1,34,0.25,0.2,0.8
4677,2,2,TX,business_financial,32281,0.677635534084402,0,66,0.78,0.4,0.6
4678,2,2,ME,transportation,176409,1.45763356925454,1,64,0.3,0.4,0.6
4679,2,1,MN,computer_math,19195,1.648678152821958,1,31,0.85,0.25,0.75
4680,2,1,HI,office_admin,48464,1.2278968623140827,0,44,0.75,0.55,0.45
4681,1,1,OR,food_prep,69992,0.6850765253184363,1,51,0.2,0.25,0.75
4682,1,0,OK,arts_media,6611,1.7289934610016644,1,25,0.6,0.35,0.65
4683,2,0,KS,transportation,189691,1.2925442529376596,0,65,0.3,0.4,0.6
4684,1,2,CT,business_financial,8234,1.4194240433862433,1,63,0.78,0.4,0.6
4685,1,1,RI,food_prep,63059,1.406320227892138,1,73,0.2,0.25,0.75
4686,2,0,IL,life_physical_social,69695,1.0417789501370862,0,61,0.55,0.25,0.75
4687,2,0,IA,business_financial,297233,0.8288606733549386,0,32,0.78,0.4,0.6
4688,3,0,WA,community_social,83630,1.1281201094388962,1,27,0.35,0.15,0.85
4689,3,1,MO,office_admin,87275,1.8142793617444113,1,24,0.75,0.55,0.45
4690,1,2,ME,office_admin,27056,1.6782355303876102,1,28,0.75,0.55,0.45
4691,2,1,MA,office_admin,16191,1.0101912734098732,1,43,0.75,0.55,0.45
4692,4,1,MT,architecture_engineering,92465,1.130324579658918,1,44,0.68,0.3,0.7
4693,1,1,DE,construction,24041,1.0083206886192784,1,71,0.2,0.25,0.75
4694,3,0,OH,food_prep,77304,1.0737739754840732,1,24,0.2,0.25,0.75
4695,2,0,VT,food_prep,92110,0.6550143616041169,0,40,0.2,0.25,0.75
4696,2,1,AZ,healthcare_support,60480,0.8876508466200903,1,73,0.3,0.2,0.8
4697,1,1,MN,personal_care,71946,1.894650170695968,1,71,0.22,0.15,0.85
4698,1,2,HI,community_social,19338,1.1120227572973818,1,62,0.35,0.15,0.85
4699,1,2,NM,farming,58962,0.8839416976552457,1,37,0.15,0.2,0.8
4700,1,3,IA,office_admin,5015,1.3609101474285126,0,32,0.75,0.55,0.45
4701,1,0,NE,sales,317712,1.672788554453291,1,42,0.55,0.4,0.6
4702,2,2,NH,management,90367,1.5971317292423919,1,23,0.72,0.35,0.65
4703,1,1,MI,transportation,271913,1.2471772365970537,1,62,0.3,0.4,0.6
4704,1,0,CA,education,46180,1.3292051841272041,1,60,0.45,0.2,0.8
4705,3,1,FL,food_prep,23775,1.8229611840797588,1,52,0.2,0.25,0.75
4706,2,2,MT,sales,47269,1.50681912957225,1,47,0.55,0.4,0.6
4707,2,0,IN,office_admin,22714,1.2664142181165516,0,29,0.75,0.55,0.45
4708,1,1,SD,business_financial,500000,0.5362406768836081,0,71,0.78,0.4,0.6
4709,2,1,IA,management,32177,0.505378635134548,1,42,0.72,0.35,0.65
4710,2,0,MA,food_prep,47837,1.691490586148575,1,33,0.2,0.25,0.75
4711,4,1,WI,personal_care,69524,1.6457759900949895,1,65,0.22,0.15,0.85
4712,3,2,VT,healthcare_practitioners,74313,0.5130338971503079,1,45,0.4,0.1,0.9
4713,1,0,AR,healthcare_practitioners,40134,1.3591164257377386,1,60,0.4,0.1,0.9
4714,2,2,IN,architecture_engineering,500000,0.5653988596750423,1,45,0.68,0.3,0.7
4715,2,3,KY,sales,30614,1.3247270720312372,1,37,0.55,0.4,0.6
4716,2,0,NV,construction,391765,1.9299210453173146,1,26,0.2,0.25,0.75
4717,3,0,NC,arts_media,27238,1.4245232929242775,1,62,0.6,0.35,0.65
4718,2,0,NJ,sales,44401,1.8624721977394074,1,59,0.55,0.4,0.6
4719,1,0,CT,personal_care,58422,0.5666516803903505,1,43,0.22,0.15,0.85
4720,3,1,NE,sales,175913,1.6653172196820378,1,41,0.55,0.4,0.6
4721,4,2,TN,computer_math,270297,0.973671679967083,0,24,0.85,0.25,0.75
4722,4,3,NH,management,120749,0.883159150602296,0,68,0.72,0.35,0.65
4723,4,2,OH,sales,73981,1.5773541607195511,1,64,0.55,0.4,0.6
4724,1,0,KS,education,162790,1.7996997204609215,0,26,0.45,0.2,0.8
4725,3,0,LA,healthcare_support,54023,1.8755910091567785,1,44,0.3,0.2,0.8
4726,3,0,RI,building_grounds,48505,1.9800402232212946,1,54,0.18,0.3,0.7
4727,2,0,WY,office_admin,161152,1.4821701749460772,1,22,0.75,0.55,0.45
4728,3,2,OH,legal,500000,1.0278738994384184,1,22,0.8,0.45,0.55
4729,2,0,IA,sales,41475,1.2842711189296097,1,22,0.55,0.4,0.6
4730,2,0,WV,protective_service,260289,1.3382354358909652,1,24,0.25,0.15,0.85
4731,1,3,MD,sales,97956,1.4461657957872376,1,66,0.55,0.4,0.6
4732,3,2,MA,office_admin,153450,0.5612190455431119,1,74,0.75,0.55,0.45
4733,3,1,NY,installation,26767,1.4683947112644091,1,26,0.25,0.2,0.8
4734,1,3,DE,construction,92381,0.6520582976518199,1,40,0.2,0.25,0.75
4735,2,0,PA,sales,47767,1.5540637261001393,1,58,0.55,0.4,0.6
4736,2,3,MI,sales,62780,1.251891759573482,1,63,0.55,0.4,0.6
4737,2,0,TN,installation,19692,1.4547945177182555,1,43,0.25,0.2,0.8
4738,3,0,LA,production,31948,1.0474530532956123,1,28,0.35,0.45,0.55
4739,2,1,RI,transportation,82685,1.4571898868307471,1,39,0.3,0.4,0.6
4740,3,1,OH,computer_math,18466,1.9095242406474426,0,34,0.85,0.25,0.75
4741,1,1,ID,business_financial,17557,1.179180121049285,0,74,0.78,0.4,0.6
4742,1,0,WV,building_grounds,156197,1.3591705689905211,1,59,0.18,0.3,0.7
4743,2,0,TX,architecture_engineering,81641,1.5209939972264692,0,28,0.68,0.3,0.7
4744,1,0,MI,sales,14766,0.6347788013517857,1,73,0.55,0.4,0.6
4745,4,3,CT,building_grounds,44733,0.6570612244540825,0,33,0.18,0.3,0.7
4746,2,0,NY,office_admin,35445,1.073854492045939,1,45,0.75,0.55,0.45
4747,4,0,LA,production,88270,1.585864702356048,1,39,0.35,0.45,0.55
4748,1,1,UT,computer_math,20998,1.1712434286018834,0,50,0.85,0.25,0.75
4749,3,2,HI,construction,21577,0.6375549418153241,0,40,0.2,0.25,0.75
4750,2,3,TN,transportation,47407,0.8801185506163165,1,34,0.3,0.4,0.6
4751,2,0,WY,management,313429,0.9278460240457207,1,37,0.72,0.35,0.65
4752,3,0,OK,computer_math,41834,0.667403896106407,1,32,0.85,0.25,0.75
4753,3,0,NH,transportation,69133,1.3236035634763539,1,31,0.3,0.4,0.6
4754,2,0,MI,office_admin,85048,1.7774458925705403,1,71,0.75,0.55,0.45
4755,3,3,RI,community_social,349447,1.6933770497562364,1,38,0.35,0.15,0.85
4756,2,0,CA,transportation,17865,1.110810401267372,1,48,0.3,0.4,0.6
4757,3,1,CT,healthcare_support,65215,1.336609878577292,1,72,0.3,0.2,0.8
4758,1,0,ID,management,40865,1.33294649515301,1,37,0.72,0.35,0.65
4759,2,1,MN,farming,62626,0.5182815367588773,1,43,0.15,0.2,0.8
4760,3,1,UT,sales,40012,0.8494788842508569,1,56,0.55,0.4,0.6
4761,3,1,MT,office_admin,280010,0.8466167018050328,1,36,0.75,0.55,0.45
4762,3,0,KS,community_social,42124,1.4462187676690519,1,75,0.35,0.15,0.85
4763,2,0,ID,sales,19334,1.6335221411427483,0,22,0.55,0.4,0.6
4764,1,3,DE,protective_service,108587,0.9926757287466899,0,44,0.25,0.15,0.85
4765,2,0,ME,sales,74915,1.7647415082901716,1,62,0.55,0.4,0.6
4766,3,1,WI,architecture_engineering,359856,1.6993060553213581,1,35,0.68,0.3,0.7
4767,2,2,LA,construction,87670,1.2511651690583676,1,35,0.2,0.25,0.75
4768,1,0,SD,transportation,138627,0.7132227766560391,1,38,0.3,0.4,0.6
4769,2,1,AL,legal,141647,0.7930203870637342,0,39,0.8,0.45,0.55
4770,3,2,NH,production,33858,1.7068547152448446,1,42,0.35,0.45,0.55
4771,1,0,KY,transportation,65935,1.2689589310903102,0,53,0.3,0.4,0.6
4772,1,2,MO,food_prep,39679,1.0660133002093062,1,38,0.2,0.25,0.75
4773,1,0,OK,production,138461,1.2098197535378858,1,75,0.35,0.45,0.55
4774,3,0,UT,installation,63878,1.8298076975625008,1,54,0.25,0.2,0.8
4775,2,1,WI,architecture_engineering,203083,1.5147800195263699,1,41,0.68,0.3,0.7
4776,3,0,WA,architecture_engineering,41114,0.5147086178185418,1,73,0.68,0.3,0.7
4777,3,0,MA,construction,18625,0.5441453281091526,1,49,0.2,0.25,0.75
4778,4,3,OK,installation,154578,1.877242969814688,1,50,0.25,0.2,0.8
4779,3,2,CT,healthcare_support,6688,1.352252688840963,0,51,0.3,0.2,0.8
4780,2,0,SC,production,13756,1.287115229992196,1,69,0.35,0.45,0.55
4781,4,2,IL,sales,7901,1.7959926257608458,1,23,0.55,0.4,0.6
4782,2,1,NJ,office_admin,36562,1.4006881990935653,1,41,0.75,0.55,0.45
4783,1,0,AK,office_admin,217806,1.4322302761720493,0,42,0.75,0.55,0.45
4784,2,1,NY,management,5000,0.8435795380501077,1,63,0.72,0.35,0.65
4785,1,0,KS,sales,105786,1.1031005496624857,0,65,0.55,0.4,0.6
4786,1,2,OK,production,87859,0.9313993087271228,0,33,0.35,0.45,0.55
4787,2,3,GA,construction,66743,1.657497213105671,0,28,0.2,0.25,0.75
4788,2,0,WA,transportation,26254,0.7198744887718931,1,55,0.3,0.4,0.6
4789,2,1,MT,arts_media,70390,0.5733652072958648,1,54,0.6,0.35,0.65
4790,3,2,AR,food_prep,60648,1.923124962602742,0,22,0.2,0.25,0.75
4791,1,1,WI,office_admin,238740,1.5938370804069564,1,36,0.75,0.55,0.45
4792,1,1,WV,community_social,407493,0.5246554994955659,0,48,0.35,0.15,0.85
4793,4,0,AK,office_admin,107506,1.0907705689314753,1,29,0.75,0.55,0.45
4794,2,1,OR,transportation,60070,0.5541982087306678,0,47,0.3,0.4,0.6
4795,3,2,CA,sales,30720,1.7354565921705216,0,29,0.55,0.4,0.6
4796,1,1,TX,construction,65884,0.57644605753012,1,44,0.2,0.25,0.75
4797,2,3,IA,food_prep,34622,1.117144649848342,1,33,0.2,0.25,0.75
4798,2,1,PA,protective_service,228232,0.738639816059731,1,60,0.25,0.15,0.85
4799,4,1,MS,office_admin,92976,1.6837355442112312,1,43,0.75,0.55,0.45
4800,1,2,OR,sales,23002,1.719125367817469,1,64,0.55,0.4,0.6
4801,4,2,OK,sales,69651,1.796764827799052,0,61,0.55,0.4,0.6
4802,3,3,OK,construction,17294,0.810860687517561,0,44,0.2,0.25,0.75
4803,3,1,GA,building_grounds,85618,1.3876123746158555,1,23,0.18,0.3,0.7
4804,3,1,OR,food_prep,108111,1.1090118082938716,0,38,0.2,0.25,0.75
4805,2,0,AK,sales,15851,1.6570615242235363,1,47,0.55,0.4,0.6
4806,3,3,GA,production,64583,1.5250479099340737,0,33,0.35,0.45,0.55
4807,2,0,PA,healthcare_practitioners,21392,0.8801825953414664,0,60,0.4,0.1,0.9
4808,3,0,ME,computer_math,14241,0.7006947804475203,0,34,0.85,0.25,0.75
4809,1,0,WA,production,55625,1.2820413947338238,0,51,0.35,0.45,0.55
4810,1,0,OH,transportation,194284,0.5649445650633425,1,59,0.3,0.4,0.6
4811,1,0,AR,office_admin,18396,1.6854443240445107,1,75,0.75,0.55,0.45
4812,3,2,AR,sales,141632,1.6220059806946665,0,61,0.55,0.4,0.6
4813,2,0,CT,business_financial,16064,1.4062201741617173,1,58,0.78,0.4,0.6
4814,3,0,MO,computer_math,30167,1.406608341843821,0,44,0.85,0.25,0.75
4815,2,0,KS,computer_math,49695,1.5974448034539819,1,44,0.85,0.25,0.75
4816,1,1,TN,healthcare_support,42987,1.5148558359360322,1,59,0.3,0.2,0.8
4817,3,0,ME,building_grounds,118615,1.78019881027285,1,60,0.18,0.3,0.7
4818,1,0,WA,office_admin,110286,1.340976596227847,1,62,0.75,0.55,0.45
4819,2,2,AK,office_admin,100947,1.927849808591418,1,31,0.75,0.55,0.45
4820,4,1,OR,management,58443,0.5147000288125128,0,47,0.72,0.35,0.65
4821,1,3,WI,healthcare_practitioners,24382,1.5677378218388185,1,32,0.4,0.1,0.9
4822,1,1,MI,personal_care,16616,0.5071788503555581,0,32,0.22,0.15,0.85
4823,1,0,ME,food_prep,74258,0.649849800625816,1,47,0.2,0.25,0.75
4824,2,1,SC,business_financial,33283,1.5596474272897467,1,63,0.78,0.4,0.6
4825,3,3,NY,architecture_engineering,14764,1.2368602020433173,0,29,0.68,0.3,0.7
4826,1,1,VT,healthcare_practitioners,127428,1.198667811229825,1,26,0.4,0.1,0.9
4827,2,1,FL,management,42170,1.6007597696734592,1,39,0.72,0.35,0.65
4828,3,1,MI,transportation,25941,1.9967629736056551,1,52,0.3,0.4,0.6
4829,2,0,NV,management,26801,1.2871640950907022,1,74,0.72,0.35,0.65
4830,1,1,FL,transportation,22941,1.343266497948207,0,35,0.3,0.4,0.6
4831,2,0,MA,transportation,45523,0.8435151325538754,1,25,0.3,0.4,0.6
4832,3,0,WY,transportation,42470,0.7784891348564997,1,54,0.3,0.4,0.6
4833,1,2,ID,construction,9469,1.386443471768871,0,70,0.2,0.25,0.75
4834,2,0,LA,office_admin,284579,1.8311908160103485,1,63,0.75,0.55,0.45
4835,1,1,ME,office_admin,102991,1.0800820620497689,1,58,0.75,0.55,0.45
4836,3,2,CT,healthcare_support,19664,1.3660152908414602,0,71,0.3,0.2,0.8
4837,2,0,NH,protective_service,99257,0.6026059916475788,1,56,0.25,0.15,0.85
4838,4,1,OR,community_social,141517,0.5886259732069448,1,46,0.35,0.15,0.85
4839,2,1,NJ,community_social,46336,1.8618802942801267,1,23,0.35,0.15,0.85
4840,2,0,KS,food_prep,26879,1.803479198482819,1,29,0.2,0.25,0.75
4841,2,0,ME,food_prep,92879,1.2298520480981097,1,54,0.2,0.25,0.75
4842,1,0,LA,office_admin,12733,1.5806507534580305,0,65,0.75,0.55,0.45
4843,3,2,ID,healthcare_support,63683,1.5875181165756658,0,35,0.3,0.2,0.8
4844,4,0,ID,construction,22088,1.1300847926177084,1,42,0.2,0.25,0.75
4845,2,1,WA,food_prep,147940,1.8452282274374738,1,67,0.2,0.25,0.75
4846,2,2,OK,office_admin,197009,1.9514202441787347,1,61,0.75,0.55,0.45
4847,2,1,NC,production,33790,1.167553003062494,1,74,0.35,0.45,0.55
4848,2,0,HI,office_admin,65937,0.7741578380810097,1,72,0.75,0.55,0.45
4849,1,0,GA,arts_media,131046,1.5939499399391934,1,67,0.6,0.35,0.65
4850,3,0,NJ,healthcare_practitioners,30282,0.8492225132649764,0,24,0.4,0.1,0.9
4851,2,0,ME,business_financial,40285,1.5061158295720816,1,46,0.78,0.4,0.6
4852,1,0,LA,office_admin,45050,0.8412648688536137,1,45,0.75,0.55,0.45
4853,2,1,WV,transportation,177904,1.276555584743619,1,40,0.3,0.4,0.6
4854,2,3,WI,installation,42174,1.333098265575245,1,63,0.25,0.2,0.8
4855,2,1,NC,office_admin,46050,0.5861151709686965,0,28,0.75,0.55,0.45
4856,2,2,NH,community_social,298444,1.45747806224972,1,65,0.35,0.15,0.85
4857,2,0,FL,office_admin,42358,1.9252590929390863,0,52,0.75,0.55,0.45
4858,2,0,MN,legal,193662,1.3939818271901459,1,27,0.8,0.45,0.55
4859,4,1,VA,management,96088,1.385619688895531,1,70,0.72,0.35,0.65
4860,2,2,TN,installation,35950,0.7976645509479567,1,47,0.25,0.2,0.8
4861,1,3,CA,healthcare_practitioners,41214,1.0704315920593217,0,46,0.4,0.1,0.9
4862,4,0,NJ,healthcare_practitioners,28629,1.973576914635487,1,50,0.4,0.1,0.9
4863,1,0,AK,food_prep,69562,1.6409263641107827,1,22,0.2,0.25,0.75
4864,1,0,AR,management,109957,1.0693842907203361,1,52,0.72,0.35,0.65
4865,2,0,MS,management,188412,0.6434628239367157,1,68,0.72,0.35,0.65
4866,2,3,NM,architecture_engineering,20543,1.9891539950622246,1,55,0.68,0.3,0.7
4867,1,2,TX,office_admin,79383,0.708538441453129,1,54,0.75,0.55,0.45
4868,3,3,IA,business_financial,84047,0.7842105608433485,1,45,0.78,0.4,0.6
4869,1,0,AZ,healthcare_practitioners,44913,0.8521170816384256,1,60,0.4,0.1,0.9
4870,4,3,VT,business_financial,192403,0.9993251051055267,1,46,0.78,0.4,0.6
4871,3,0,UT,transportation,23931,0.9812753311125562,1,42,0.3,0.4,0.6
4872,3,3,IN,sales,39076,1.2704761002678424,0,57,0.55,0.4,0.6
4873,2,0,VT,transportation,36033,0.9026475130813196,0,66,0.3,0.4,0.6
4874,4,1,SC,personal_care,77135,1.2690795599482954,1,42,0.22,0.15,0.85
4875,3,0,FL,healthcare_practitioners,108511,1.5032360224286094,1,44,0.4,0.1,0.9
4876,4,1,OH,healthcare_practitioners,75447,1.5055307734292,0,37,0.4,0.1,0.9
4877,2,0,KY,installation,19139,1.0220283929957077,1,25,0.25,0.2,0.8
4878,1,1,MT,sales,111110,0.6216547624208033,1,31,0.55,0.4,0.6
4879,2,1,MI,office_admin,120487,0.6060401621507481,0,32,0.75,0.55,0.45
4880,1,0,MT,sales,23981,0.8824760244460776,1,67,0.55,0.4,0.6
4881,2,0,HI,arts_media,64975,1.3757423815550283,0,42,0.6,0.35,0.65
4882,1,0,SD,transportation,32585,1.3397236036835238,1,55,0.3,0.4,0.6
4883,3,0,GA,sales,48760,0.8208047116640955,1,54,0.55,0.4,0.6
4884,4,2,NM,business_financial,34032,0.8540268479846418,0,31,0.78,0.4,0.6
4885,2,0,OR,computer_math,83348,0.6668141132686287,0,52,0.85,0.25,0.75
4886,4,3,MS,office_admin,76621,1.142595035606064,0,61,0.75,0.55,0.45
4887,2,0,CA,office_admin,87870,1.665160751203075,1,60,0.75,0.55,0.45
4888,2,3,NY,installation,47243,1.5796520304866135,1,66,0.25,0.2,0.8
4889,1,0,MA,installation,119278,0.5179074587067589,1,35,0.25,0.2,0.8
4890,1,0,PA,transportation,115931,1.1225139712914824,1,27,0.3,0.4,0.6
4891,1,0,MT,business_financial,87549,1.4375084108905867,0,30,0.78,0.4,0.6
4892,2,1,WI,office_admin,13400,1.2417877060361207,1,70,0.75,0.55,0.45
4893,4,0,LA,installation,179571,0.6095998139353469,1,65,0.25,0.2,0.8
4894,2,1,NJ,education,37867,1.6268305612029508,1,43,0.45,0.2,0.8
4895,2,1,AZ,transportation,420881,0.880277894786559,1,53,0.3,0.4,0.6
4896,3,1,ID,transportation,122706,0.9471589480526745,1,28,0.3,0.4,0.6
4897,1,0,OR,food_prep,67884,1.162125522387214,1,48,0.2,0.25,0.75
4898,3,1,WI,business_financial,15249,1.0676163479220122,1,41,0.78,0.4,0.6
4899,2,0,MA,healthcare_practitioners,26605,1.6749170762486756,1,55,0.4,0.1,0.9
4900,3,1,UT,architecture_engineering,20445,0.9163379119709134,1,34,0.68,0.3,0.7
4901,2,1,SD,food_prep,153665,1.8563251359155402,1,34,0.2,0.25,0.75
4902,3,1,HI,farming,24422,1.9581683590076864,1,49,0.15,0.2,0.8
4903,3,0,AR,office_admin,34836,1.8993188362801448,0,39,0.75,0.55,0.45
4904,1,2,NV,office_admin,200010,1.4688901680056006,0,58,0.75,0.55,0.45
4905,2,0,TN,management,63969,0.8168615692993626,1,34,0.72,0.35,0.65
4906,4,0,PA,installation,121180,1.524290443630889,0,26,0.25,0.2,0.8
4907,4,0,OR,installation,96327,0.5468499017879367,1,75,0.25,0.2,0.8
4908,2,0,GA,office_admin,140275,1.811605233931914,0,36,0.75,0.55,0.45
4909,3,0,VT,sales,78059,1.4477647080784664,1,74,0.55,0.4,0.6
4910,2,0,VT,education,41076,0.5228580083930865,0,42,0.45,0.2,0.8
4911,4,3,OH,office_admin,77215,0.5097038253443316,1,44,0.75,0.55,0.45
4912,2,1,CA,personal_care,110743,1.1328958412632346,1,33,0.22,0.15,0.85
4913,2,0,GA,personal_care,23576,1.1543011415051296,1,47,0.22,0.15,0.85
4914,2,2,DE,community_social,99917,1.2532729170052335,1,24,0.35,0.15,0.85
4915,1,2,TX,education,30394,1.0950302832061425,0,38,0.45,0.2,0.8
4916,3,0,CO,food_prep,154465,0.8696380926994607,1,59,0.2,0.25,0.75
4917,1,1,MA,sales,167866,1.815200637676753,1,65,0.55,0.4,0.6
4918,3,0,IA,personal_care,23705,0.5544434625189751,1,36,0.22,0.15,0.85
4919,1,1,WA,personal_care,119735,0.9918753533856943,1,69,0.22,0.15,0.85
4920,3,0,IN,architecture_engineering,14172,0.9055240212474018,0,35,0.68,0.3,0.7
4921,2,0,NH,office_admin,35376,0.8498062415746972,1,42,0.75,0.55,0.45
4922,1,1,NC,personal_care,39707,1.6384486889000982,1,22,0.22,0.15,0.85
4923,3,0,ME,computer_math,470780,1.6557805860647932,1,49,0.85,0.25,0.75
4924,3,2,PA,business_financial,29426,1.612665806314908,0,60,0.78,0.4,0.6
4925,1,3,PA,office_admin,393050,1.8573764462489635,1,53,0.75,0.55,0.45
4926,2,0,CA,healthcare_practitioners,101657,0.8730791856069118,0,72,0.4,0.1,0.9
4927,1,1,ND,education,45021,1.3037273085210472,0,65,0.45,0.2,0.8
4928,3,1,NV,healthcare_support,500000,0.7474939326057211,1,32,0.3,0.2,0.8
4929,1,2,OK,transportation,196694,1.6890354411443695,0,68,0.3,0.4,0.6
4930,2,2,UT,personal_care,71633,1.1764404732966796,1,45,0.22,0.15,0.85
4931,2,1,WA,transportation,358371,1.6069923960603774,1,38,0.3,0.4,0.6
4932,2,1,AK,healthcare_support,59654,1.1029588081873953,0,52,0.3,0.2,0.8
4933,1,3,VT,office_admin,67291,0.860767874866724,1,37,0.75,0.55,0.45
4934,3,0,HI,office_admin,29326,1.6961440769955516,1,68,0.75,0.55,0.45
4935,2,0,MN,office_admin,48141,0.9487403865205124,1,42,0.75,0.55,0.45
4936,3,1,WA,transportation,75647,1.2953020380809903,0,58,0.3,0.4,0.6
4937,3,0,IA,construction,40824,1.573186513618566,1,61,0.2,0.25,0.75
4938,2,1,IL,business_financial,101729,0.725381048861891,1,59,0.78,0.4,0.6
4939,3,0,MO,management,71026,1.5281396011123434,1,74,0.72,0.35,0.65
4940,1,2,TN,construction,30941,0.8721435968764126,1,23,0.2,0.25,0.75
4941,1,0,IL,transportation,59301,1.5907301020342857,1,30,0.3,0.4,0.6
4942,2,0,PA,management,139322,0.6674515238264576,1,24,0.72,0.35,0.65
4943,1,2,MT,sales,175862,1.4730511277448386,1,44,0.55,0.4,0.6
4944,4,0,TN,management,22023,1.5853426672983915,1,59,0.72,0.35,0.65
4945,1,2,WY,computer_math,87375,1.779837597743608,1,49,0.85,0.25,0.75
4946,2,0,GA,production,164076,0.5753656578017399,1,62,0.35,0.45,0.55
4947,2,2,RI,education,118433,1.2096281114500016,1,62,0.45,0.2,0.8
4948,3,0,UT,transportation,20701,0.6483134117443115,0,54,0.3,0.4,0.6
4949,2,0,PA,office_admin,24610,1.965432727825828,1,22,0.75,0.55,0.45
4950,3,0,UT,healthcare_practitioners,54640,1.1867578102974221,1,56,0.4,0.1,0.9
4951,3,0,CO,management,37877,1.4707473249873146,1,43,0.72,0.35,0.65
4952,2,0,CA,sales,33126,1.331236109137535,0,72,0.55,0.4,0.6
4953,4,1,CO,transportation,6431,0.5451167047722265,1,69,0.3,0.4,0.6
4954,1,1,UT,production,81715,1.1002988716354594,1,52,0.35,0.45,0.55
4955,2,1,ME,office_admin,20253,0.9963355652289465,0,24,0.75,0.55,0.45
4956,1,1,LA,sales,12513,1.6174186419229954,1,39,0.55,0.4,0.6
4957,3,3,NY,office_admin,23624,1.9009440604131669,1,49,0.75,0.55,0.45
4958,3,1,TX,community_social,39385,0.8221985505660996,0,31,0.35,0.15,0.85
4959,1,1,WY,protective_service,48325,0.6062817802885547,1,65,0.25,0.15,0.85
4960,4,0,MT,healthcare_practitioners,29580,1.3890376721974462,1,60,0.4,0.1,0.9
4961,2,0,RI,transportation,72221,1.1735119791701436,1,49,0.3,0.4,0.6
4962,1,2,ND,construction,38055,0.6142901055281982,1,62,0.2,0.25,0.75
4963,4,0,SC,community_social,70118,1.7294220717158169,1,32,0.35,0.15,0.85
4964,2,1,NV,computer_math,119812,1.6132566417800263,1,41,0.85,0.25,0.75
4965,1,0,PA,construction,100487,0.9928056234493852,1,24,0.2,0.25,0.75
4966,1,2,NE,transportation,28344,1.8163315890124068,1,53,0.3,0.4,0.6
4967,2,0,WY,building_grounds,10329,1.7662793940398842,0,38,0.18,0.3,0.7
4968,3,0,KY,healthcare_support,16186,1.662752437288873,1,29,0.3,0.2,0.8
4969,2,2,RI,sales,35922,1.6684393354225904,1,43,0.55,0.4,0.6
4970,2,0,OH,construction,33332,1.7115115413907915,1,62,0.2,0.25,0.75
4971,2,2,ME,office_admin,124557,1.8672802802175283,1,26,0.75,0.55,0.45
4972,4,0,WV,food_prep,165805,1.9379094142932445,1,60,0.2,0.25,0.75
4973,2,2,AK,office_admin,22958,1.3436294975690544,1,26,0.75,0.55,0.45
4974,1,2,IL,office_admin,24845,1.3270075895125046,0,49,0.75,0.55,0.45
4975,3,0,NM,construction,71466,1.0442647631280124,1,63,0.2,0.25,0.75
4976,2,3,MA,healthcare_support,30292,0.5811470915796235,1,41,0.3,0.2,0.8
4977,2,0,NY,building_grounds,7139,1.0083810879150406,1,42,0.18,0.3,0.7
4978,1,3,ND,healthcare_practitioners,35595,1.9798524448415264,0,37,0.4,0.1,0.9
4979,3,0,ID,farming,162642,1.0727699104463682,1,32,0.15,0.2,0.8
4980,4,3,PA,management,21434,1.4982236195355654,1,52,0.72,0.35,0.65
4981,3,1,RI,computer_math,19395,1.9309918149374425,1,29,0.85,0.25,0.75
4982,1,0,TX,food_prep,31337,1.426025485387072,1,41,0.2,0.25,0.75
4983,1,1,WI,building_grounds,26164,1.688675185549073,1,55,0.18,0.3,0.7
4984,2,1,IN,business_financial,39776,1.914266656152904,1,50,0.78,0.4,0.6
4985,1,0,AK,office_admin,37764,0.7375355093972757,1,39,0.75,0.55,0.45
4986,2,1,NC,education,88938,1.4857951231533661,1,74,0.45,0.2,0.8
4987,3,3,CA,sales,146671,1.5135430350201204,1,68,0.55,0.4,0.6
4988,2,1,RI,construction,289500,1.2768023409880698,1,42,0.2,0.25,0.75
4989,2,2,NV,construction,26482,0.7485901877516881,1,40,0.2,0.25,0.75
4990,2,1,CO,transportation,204640,1.2322389088803902,1,41,0.3,0.4,0.6
4991,2,0,KS,food_prep,34008,1.1811683455016464,1,75,0.2,0.25,0.75
4992,4,1,WV,architecture_engineering,7754,1.075581094250083,0,74,0.68,0.3,0.7
4993,1,2,KY,sales,16249,0.7330116129014641,1,25,0.55,0.4,0.6
4994,1,0,MA,installation,40829,1.4168411721475422,1,55,0.25,0.2,0.8
4995,2,2,MA,healthcare_practitioners,21075,1.8160782980266958,1,43,0.4,0.1,0.9
4996,1,0,NJ,healthcare_support,27173,0.9377658423036337,0,41,0.3,0.2,0.8
4997,3,3,NE,transportation,56087,1.3296936287079006,1,33,0.3,0.4,0.6
4998,3,0,HI,production,26322,1.8831003631930798,1,62,0.35,0.45,0.55
4999,2,1,ID,management,64341,1.2297448889585212,1,24,0.72,0.35,0.65
5000,1,1,WV,protective_service,50744,1.5532869182061404,1,36,0.25,0.15,0.85
